device_id,user_id,device_type,operating_system,browser,trust_status,fingerprint,registration_date
1,284,Desktop,macOS,Firefox,False,17351ae75722130248ad33c9c0b4e7a0a0161d093475f35838a8ea613ac640e2,2026-01-26 20:41:40.049025
2,672,Desktop,Linux,Firefox,True,b81fef3db8182a38ffb8ff1891625d0c70e50c15f795f8fad9b9656061f9e50a,2026-01-26 20:41:40.049049
3,154,Desktop,Windows,Chrome,False,d263b521db5801ba942edcc571e2d30616edd455c8ea6875108ce89b539422a3,2026-01-26 20:41:40.049061
4,677,Mobile,Linux,Chrome,True,78c1a8f47643b1ca66c17470f9ba0408f2cbf4adb350a71106ed8ac0d537e53d,2026-01-26 20:41:40.049072
5,672,Mobile,macOS,Firefox,False,51d3a46c9ac8f91e1288d7a146e64c5f13db2b8cd5e4a53be4ba49f77457c4c4,2026-01-26 20:41:40.049082
6,415,Mobile,Linux,Chrome,True,0cac8d2898c7838694352b167fa7ed19190ee604da96a71d82e76a5dcae5d984,2026-01-26 20:41:40.049093
7,352,Desktop,Linux,Chrome,False,efd8a953cf38ae9ea4cc595ca56a8cefa1bf9881e5f5f3400212d3374a2232be,2026-01-26 20:41:40.049103
8,929,Desktop,macOS,Edge,False,a31d55c93416463ef83ec5d9bd159875c8590e0f731e658012ef9cefcf27a3d0,2026-01-26 20:41:40.049114
9,866,Laptop,Linux,Edge,True,7d58f7a89b658a2879685203fa49f1a756eb93a356833c02abbcc2c5a56b6db1,2026-01-26 20:41:40.049128
10,301,Laptop,macOS,Chrome,False,bcc4399cb47aaea7d64fbcbb6d897f3a27403bd24a3620a34cdd36f746dfcd9b,2026-01-26 20:41:40.049139
11,743,Desktop,Windows,Edge,False,3283bee6546df12a8a3d736920e77961a47e9f1becb979a3d2ba5c625804810a,2026-01-26 20:41:40.049149
12,671,Laptop,Windows,Firefox,True,3cd42dd2f1c1b6154dc530947c9ed65eb2487fb0bf04a4f8e47d63864b4d2c7f,2026-01-26 20:41:40.049159
13,763,Mobile,macOS,Firefox,False,41fabbec9e6888a2b3be32e81d9c62c716afed0856e1fbc62b9f447c682f4218,2026-01-26 20:41:40.049169
14,267,Desktop,macOS,Firefox,True,0b9a35238d1e421f7ce3e0f78194cc3d64d710d5ddd27af31d11efe024a85c84,2026-01-26 20:41:40.049179
15,482,Laptop,Linux,Edge,True,7e557329c757a8ab7a7a1daa9dd538c01822c22ea73cd823ee98d825be5d5477,2026-01-26 20:41:40.049188
16,484,Laptop,Linux,Chrome,False,bdae6ac349b24995f9b4a7e60088a794473629846faa113ec01b367334b4ee18,2026-01-26 20:41:40.049197
17,543,Mobile,macOS,Chrome,True,b2a0c241ae916758d9c86d679a3850d8ba878944f236a49f3e94643ed08ea7f2,2026-01-26 20:41:40.049206
18,141,Laptop,macOS,Firefox,False,7711ed17fd92d39a66020cef184161bee8036a7cf9e95970e16ca0efd8cfb3bc,2026-01-26 20:41:40.049216
19,147,Mobile,Linux,Chrome,True,1fe45827150e926014520b622e748d03c9150c346d91c2936ccd604c34919b9f,2026-01-26 20:41:40.049225
20,500,Mobile,Linux,Chrome,False,f8eb598272256fb20c2a04551fc494a8154a2f9a1e22f83a76ccfe5362fec627,2026-01-26 20:41:40.049238
21,650,Laptop,Windows,Firefox,False,daceb8b1cac15d4798d19c20f78bb6eda8faaf45fa3ae124eb71612533002097,2026-01-26 20:41:40.049267
22,215,Laptop,Linux,Chrome,False,1491c7406f25c1ef11adfcd69ecdc84a5aff520bc40e8508675ab35659ca7d0c,2026-01-26 20:41:40.049294
23,805,Laptop,Windows,Edge,False,2052d09312c99cce8ff7abbd5957e3518d36a7911e16070c6bbc5be9a123cfa0,2026-01-26 20:41:40.049321
24,649,Mobile,macOS,Firefox,False,6cc36bbcd1af31e0a408cd89a4289c88040ad40213bbe23e880e553bfbc10975,2026-01-26 20:41:40.049348
25,393,Laptop,Windows,Edge,True,0d78c1802dc3499c8c7d4361443c0100f6ba8a78bdce3015076c3ba0b021812c,2026-01-26 20:41:40.049374
26,749,Mobile,Windows,Firefox,True,05fa13ed1b75177404e8dcf9da230ced0f7a16a08670da8a6ffadd58e5c38c7c,2026-01-26 20:41:40.049403
27,19,Desktop,Windows,Edge,True,b424a69e5d719f6ad7b8e0e7ee12ba75829e1ca08ad2b8b0d548bbc95a66c874,2026-01-26 20:41:40.049430
28,232,Desktop,macOS,Firefox,True,8e277c75e96863fa18dfbbe323662b2c988afa25caa0031d318d8384273ae217,2026-01-26 20:41:40.049457
29,106,Mobile,Linux,Edge,False,58e7d7660440b0cce9e5212ce21ed4e9a077808ecdcbe191e444458d03556ad0,2026-01-26 20:41:40.049483
30,172,Laptop,Windows,Firefox,False,db1b607288680b863edc077ec6187f7b6cdb2ee980ade44a2fa3eefcd70f2264,2026-01-26 20:41:40.049509
31,467,Desktop,Linux,Edge,False,940b97f7d393d3eb37da8eae1738c476161b03470e9f9b64aec8b726260f2b2e,2026-01-26 20:41:40.049536
32,445,Desktop,Windows,Firefox,False,736bec3a888c6ec7a4b3fbe1bc5f9e88efc2c7a6ed48e097b3b8d963e82e536f,2026-01-26 20:41:40.049563
33,368,Laptop,Windows,Firefox,True,c04b77703f373a24866d5f836b0b538311776cba0daaa18fbccd5a0e0cbd07c4,2026-01-26 20:41:40.049591
34,234,Laptop,Linux,Chrome,True,b9860bb3394c8c3e1b969514923f8dea309962837324f38cc8aa2cdbc039880c,2026-01-26 20:41:40.049616
35,752,Laptop,Linux,Edge,True,28f2bc87e41e32fed82263fbf4049d8b58143bdff5ec0544567fa9a6ce42f7cf,2026-01-26 20:41:40.049641
36,127,Mobile,Linux,Edge,True,a93830e58a59f98764fe90b4f45b1e17f6c589bef268292914b444c2805271a3,2026-01-26 20:41:40.049668
37,385,Desktop,macOS,Edge,True,5949466d29495d5f39ed700cdfd01717f645bd044120c5e34870ca0bfeefeb59,2026-01-26 20:41:40.049694
38,609,Laptop,Linux,Chrome,True,22f7b759b08d5bc27e2b99370f59e839acc7b1c7650a4750832d4059aae8092a,2026-01-26 20:41:40.049721
39,50,Desktop,Windows,Firefox,False,6400bf2385fbf8ac7840f15b2467a138680cc3c4f5db1f360702c7443b9daf93,2026-01-26 20:41:40.049748
40,390,Laptop,Linux,Firefox,False,9f0068d2467dfbf7d1e7cc96abb384163be82a911301539f74b8942f997f42c7,2026-01-26 20:41:40.049774
41,719,Laptop,Windows,Edge,True,24df11ca3dde6c44952a0118c6dff2db78666818a89cbcd1eccb91f569f9cadd,2026-01-26 20:41:40.049801
42,309,Mobile,Linux,Chrome,False,5cfd9ba36d1b58826dc1a39189d8059fab283c4b1683bc524f066774bf37ebf2,2026-01-26 20:41:40.049821
43,638,Desktop,Linux,Chrome,False,b4fbb5889e2595173157d062f2052cd83062e4b8d9a0a43674649a99da590ab8,2026-01-26 20:41:40.049830
44,851,Laptop,Linux,Edge,True,13d29fc631aca891f891aa7841b136a31fef364474d4e5bae6fa0fa1d0d7f21f,2026-01-26 20:41:40.049852
45,290,Laptop,Windows,Firefox,True,49772313067a452be801caa2dcda1bdc0910943a19c254a107e418a4d004e44b,2026-01-26 20:41:40.049879
46,624,Laptop,macOS,Edge,True,529eba7463a646dee8ff026637965d188401351b91f0f4d3aa08b128479bee0b,2026-01-26 20:41:40.049906
47,367,Desktop,macOS,Firefox,True,63bc4fd3f00cf8d38b5eec307155d838c84b037bdb6ca4597554f7713791ff54,2026-01-26 20:41:40.049931
48,41,Desktop,macOS,Chrome,False,e1c19370d63f123edf9632d4f60934677a12f27b8a5ed14b248d7c83c392c62f,2026-01-26 20:41:40.049957
49,339,Laptop,Windows,Chrome,True,f8f092db343420efbf8af8f0534f04837e175df28f6fee63707d3e2c187748c5,2026-01-26 20:41:40.049983
50,929,Laptop,Linux,Edge,False,b4f9e12b46c66060f042d4b53faf3177f91662e0a9822afb40e2407464e8c5ad,2026-01-26 20:41:40.050010
51,153,Laptop,Linux,Chrome,True,87aa6e8fd78b10ff90773416871208f70df04af13e339cf7c3483cc90e755100,2026-01-26 20:41:40.050036
52,927,Mobile,Linux,Chrome,False,1473025a736d566d5fd81dc1c899cf4233b2da092f3e31d5e790c5cbe9a885e7,2026-01-26 20:41:40.050062
53,304,Mobile,macOS,Chrome,True,d983411ab4e9dd299f9178d806f78dc7798e6732ea5cdba5cd7c32702ddb52f6,2026-01-26 20:41:40.050090
54,833,Laptop,Windows,Firefox,False,5606ba3ad15558d12a16f6f5ee73a115ddab3469de7dc421e0655bf28e1f5ffc,2026-01-26 20:41:40.050117
55,821,Desktop,macOS,Firefox,True,4045d85f2882582e70d6e672dab9556c0d7e05f5445e65d1425656b95a85eb2c,2026-01-26 20:41:40.050143
56,98,Laptop,Windows,Chrome,True,4921a56502af156e5ee4331add0621eda840a1e38cab6df0140cd1e500d187c3,2026-01-26 20:41:40.050173
57,337,Mobile,macOS,Edge,False,5ac80a8335f7011956780f6e20ae3af333c6324b524a0151ae1a1ac2c3f015a0,2026-01-26 20:41:40.050199
58,900,Desktop,Windows,Firefox,False,200bb756c88e72c1e23ef10a27772769724236d86a8688cc22a8429ce89debae,2026-01-26 20:41:40.050225
59,188,Laptop,macOS,Firefox,False,dda9e86e3db20a92b798f577ebb2e09d7e49d47a2dfbf4a7e994698935bcb85f,2026-01-26 20:41:40.050250
60,279,Mobile,Linux,Firefox,False,410a61b0ab5711400dfb1a87c53c41d39be3a53f05fc10b3c36f8241223d4bdc,2026-01-26 20:41:40.050277
61,665,Laptop,Windows,Chrome,True,4f533ce0b5ff20e46f0667f91926a06faad106a35cade1ad878e26666860a8dd,2026-01-26 20:41:40.050304
62,966,Laptop,Windows,Firefox,False,a4f6defc727d8c27d6dec1e09ece15f9cc68346ab1a348799f4deba363e88d9f,2026-01-26 20:41:40.050330
63,822,Desktop,Linux,Firefox,True,176f5b422ca531ff1289dfb8eb51542c6106592bf5d48853ec665f273385ef0b,2026-01-26 20:41:40.050356
64,626,Mobile,macOS,Edge,True,4fd84ba5bd734e89f6ca6c885b2a9ce8757468cfd0a0c5f8cd4843f2ab38873d,2026-01-26 20:41:40.050383
65,884,Desktop,Linux,Chrome,False,432c881feb1e17dc9cc14d5545c4c044e0580d00c6f58eafbce5763ee9691bf3,2026-01-26 20:41:40.050410
66,943,Mobile,Windows,Firefox,False,dd1b0e0df0bafaea2c00c310fe5f33d292ad50adbed0f3fa1097cfce93cde42d,2026-01-26 20:41:40.050441
67,48,Laptop,macOS,Edge,False,6e86e6478ee1b4c49af6ec600936e1d83b5b5d44cb9b1b4fdf18326c3573bd6e,2026-01-26 20:41:40.050451
68,13,Desktop,Linux,Edge,True,928311deadc37b9d27d0674f37755a38eef0ee1678ea7cc9eb8cde6396c32737,2026-01-26 20:41:40.050461
69,979,Desktop,macOS,Edge,True,fbdb35c392487c285b07b37ddc4cfcc3b506972ef3fc8fcf2abc09b94d114255,2026-01-26 20:41:40.050470
70,444,Desktop,Linux,Chrome,False,0d202f9af706767405ee4ccc6a8d2d0180efb161f3a655f546d8fc4ad9b9495c,2026-01-26 20:41:40.050479
71,355,Desktop,Linux,Edge,False,28a72a3bc13475934677f3a968f37c57fa5d98e45a259da45925233a6acb361a,2026-01-26 20:41:40.050488
72,153,Desktop,Linux,Chrome,True,2ed1acd9df4f13e0d242ca7c29fc2b8cea5d94d17d28f21cf56242f283b8562e,2026-01-26 20:41:40.050497
73,659,Laptop,Linux,Firefox,False,2d61e13ea344e67fcfbf3f3c7d99c25df7d01c5d2c0bbdc1123f7373447d48ab,2026-01-26 20:41:40.050506
74,891,Laptop,Windows,Firefox,False,63b702535efa37d7503f5b77bd3e3b65230a0794fa5d5b9906bb647615f24d3e,2026-01-26 20:41:40.050515
75,247,Mobile,macOS,Chrome,True,7e1f1628db18634cf11e750a93e23e2289bbaf63faa9cbd2e1a3bd458d05784f,2026-01-26 20:41:40.050525
76,564,Desktop,macOS,Firefox,True,c8afab247dc4aee5e1ab9661765d642d6a135377a559186e8f43f02ac88ae7b7,2026-01-26 20:41:40.050534
77,81,Mobile,macOS,Edge,False,7bd7ce2863e7ce92f581557c1139e6821c3a5cc65c1661f908b3dbde9c3cdf88,2026-01-26 20:41:40.050543
78,91,Mobile,macOS,Firefox,True,81a4b9a3d01801d64350d08ad842ceda69713f95fcc2ec16f6dbca975d931a5e,2026-01-26 20:41:40.050554
79,510,Desktop,Linux,Chrome,True,8b4d7c645504ef3dea1d2cc80ecaaed23da11f3f6ce4c9f54c15096a18c42402,2026-01-26 20:41:40.050563
80,414,Mobile,Windows,Edge,True,e7aa73d5693e8c0e9ca7d6ec08430d9924c0ca4f7f8b673d0aaf69a88195cfb0,2026-01-26 20:41:40.050572
81,846,Laptop,Linux,Edge,False,eac210f773e0426067e63e88babc49c0824902eb368460c3d1062db9de259843,2026-01-26 20:41:40.050581
82,912,Desktop,Linux,Chrome,False,2f38e0520b84808bfe4c6f7c24ce0e9f32906e7dc9c78e261d149288a0358108,2026-01-26 20:41:40.050590
83,974,Mobile,macOS,Chrome,True,463742451cf88854ce1cdf8c0249a3f1dacb798c444af2ec6b4832313590d9b8,2026-01-26 20:41:40.050599
84,865,Mobile,macOS,Edge,False,4daf0ffb8a36627a695a0e55f79a54e474cfa03c3cb3aa9f91e088dd151b35c5,2026-01-26 20:41:40.050608
85,734,Desktop,macOS,Edge,False,df4ef14ec6c7fa55d5f7618642eeda025b0a67e6bbb005123d540a8c4972afce,2026-01-26 20:41:40.050617
86,117,Laptop,Linux,Chrome,True,895ebc5c86fa30016c3cb0028a25904b9d2f3952d42e6174c71180ce08c8dbe3,2026-01-26 20:41:40.050626
87,350,Mobile,Linux,Firefox,False,de6011ea07a55e8507f95ca26d4efc1512a1e10c50afd889e536ccce4cb34523,2026-01-26 20:41:40.050635
88,719,Laptop,Windows,Chrome,False,7f2befbff51f1a4f08739c44a9dac2c6e7cff3af1d550e265f6ac6d5679ac6b7,2026-01-26 20:41:40.050644
89,144,Desktop,Linux,Edge,False,e6a0c74ad2257bd173d67e5b15e2361667392776f8beec6ea4eaffdc984eab55,2026-01-26 20:41:40.050653
90,110,Mobile,Linux,Chrome,True,8ac7f2782bfacee0a64ba4a869da65a38b2d32733ef958572560ee678dce7369,2026-01-26 20:41:40.050662
91,124,Mobile,Windows,Firefox,True,f5820146406ac6b28714dc0644d18cbaa1760137eb28b4283de9d463b2135be6,2026-01-26 20:41:40.050671
92,734,Mobile,Windows,Firefox,True,d17385e8864688922fe5bfe24d948738077d87abc067335e47de99f1575918a5,2026-01-26 20:41:40.050680
93,949,Desktop,Linux,Edge,True,69cb5c30d6acbe758d12effb9ee526871b22bb77f90c0dd0644690252ed18b0b,2026-01-26 20:41:40.050689
94,791,Mobile,macOS,Edge,True,df0a542e89e789df8e57ff0faa506473b8aa0ed27f60748759a26d167d35db82,2026-01-26 20:41:40.050699
95,987,Mobile,Windows,Edge,True,097c707e02654350247fc5c8d0e29fc66220ce2d38fe64d717d07fc39f31c9a3,2026-01-26 20:41:40.050726
96,567,Mobile,Linux,Firefox,True,d3a5e6f273d8c8b21f7658ae38d42bce7fad6e1fbb731be28b67a1fc6954dbc0,2026-01-26 20:41:40.050737
97,709,Desktop,Windows,Edge,True,fe6954735b4e33b4a185879288ff7d1f7b941c36b141634af5c5bfd6a4345abb,2026-01-26 20:41:40.050747
98,107,Mobile,Linux,Edge,False,f947fa53d051b2c49d1b40e8a33ba1cd1e10af0faea45e3809ae49e7a9d0e6f1,2026-01-26 20:41:40.050756
99,517,Mobile,macOS,Edge,True,8ab0cf86e1375070ae2d2db160618782badb6bdaeee1b0cc29f1a9a09aa5b0ed,2026-01-26 20:41:40.050765
100,281,Mobile,macOS,Firefox,False,4c953c8baae8f433bc180fe3d767c391d26861855d00019501c19efa1705d8ba,2026-01-26 20:41:40.050774
101,825,Laptop,Windows,Firefox,False,5169833e6ca56f4f016cff39514456fb10377de6782f94607824d76f955cc3b7,2026-01-26 20:41:40.050783
102,864,Desktop,Linux,Firefox,True,5fe33976ca1fd1b7946353abb9b82af43f998c835d0d70c0559cb95084c66930,2026-01-26 20:41:40.050793
103,206,Laptop,Linux,Edge,False,e6cf2e27d69b04c86ee4d69ab36b1ef74c244e5e3bdde928c712b9fe194a421c,2026-01-26 20:41:40.050802
104,704,Mobile,Linux,Chrome,True,e40b9c5bf95c082d78245fb9b88fd8202bcf1220c8905ab4d164ca6c6cc1ea25,2026-01-26 20:41:40.050811
105,516,Desktop,Linux,Edge,False,2478d66dd11273b1bde42200fc1b885f0a89dc8754abebdbf5c9188a6e175f9e,2026-01-26 20:41:40.050819
106,728,Laptop,macOS,Edge,False,b331266bc97c0aeebd62e14d26b83001d19887bc3c839645055dca9c514405e9,2026-01-26 20:41:40.050828
107,597,Desktop,Linux,Edge,False,9f194a05a7fe3a564469aa0bb8d8d974a4e40deacaa09de0bedfcf91e18ae0e5,2026-01-26 20:41:40.050837
108,691,Desktop,Linux,Firefox,False,9f7a0fa3360eef0f6a692790a97dcd816121c89eadb72de4108e17b1fdca523a,2026-01-26 20:41:40.050846
109,828,Laptop,Linux,Chrome,True,06dfe472209bd0959ad1e90e1024817a4fb117c671c927f7f807e804ec6643e5,2026-01-26 20:41:40.050855
110,391,Laptop,Windows,Edge,True,b6c04205d3df5c5dcaff4641be810fb75be056a7e265665d7ae9046d57c1269d,2026-01-26 20:41:40.050865
111,205,Mobile,Windows,Firefox,False,72e5c6d5ae0d97fdbe5d5e434ab951370ab2879422f88c1ef25344c72244777f,2026-01-26 20:41:40.050874
112,150,Laptop,Linux,Firefox,True,dce8701b5ab104d4acbb08915b9b21ff19e041ae7d87ad18e557242e795d34dc,2026-01-26 20:41:40.050883
113,772,Desktop,Windows,Firefox,False,b515de734b6605ad7b3e2b1bc77d074e1419f5f11590d744f2668c450278488c,2026-01-26 20:41:40.050892
114,105,Desktop,Linux,Edge,True,f3be681786298437ef6c1c12826c4dece7fa80f33331da71f02a8e160d266a89,2026-01-26 20:41:40.050901
115,761,Desktop,Linux,Firefox,True,839782893c5cd4a28236a5ed3d8c64bda3d1ab4993fd320bd4e75125e5ffb1e8,2026-01-26 20:41:40.050909
116,524,Desktop,macOS,Edge,True,e90e2ff80cb36307b51c56942e832b034ea86ea7e596a4490532e6784e17a311,2026-01-26 20:41:40.050919
117,949,Mobile,macOS,Firefox,False,9195302a8095a2df57c92af80155a9f7d4c07f35947b14fb67b5fcdddb87f47c,2026-01-26 20:41:40.050928
118,990,Desktop,Windows,Chrome,False,4a08c2eb6e8f32c39fb63d9ee133516adc98508bbfbce3592b4df365b60d888e,2026-01-26 20:41:40.050936
119,208,Desktop,macOS,Chrome,False,cb74a2f91b875dab302dbb2df319bc494a02449413500b395f99d8db4e6b6d43,2026-01-26 20:41:40.050945
120,774,Desktop,Linux,Edge,True,588344ed760ee741a83a6b50df7f63f0334cef3a50250bcee32114c5e128f173,2026-01-26 20:41:40.050954
121,795,Desktop,Windows,Firefox,False,acb7846ce9f5773ea124b2269a90d42d91092147f5929ae85c92c03f7b098599,2026-01-26 20:41:40.050963
122,182,Desktop,Windows,Chrome,True,b6dbef7af11832be3294a75f28289a077bf7fb2593d4cdb78696ef91915b4982,2026-01-26 20:41:40.050972
123,753,Desktop,Windows,Firefox,True,7a2e00d7073fa9ebcca1093565b62df452da9c53814a41b321981e7a5b12ba9a,2026-01-26 20:41:40.050981
124,439,Mobile,Linux,Firefox,True,c444e41bd4f5e84011a94c92834b9f4afd254ed3325610cf0d9c0e9b784b1465,2026-01-26 20:41:40.050990
125,165,Desktop,macOS,Chrome,False,af10989397cfd10b1df364d588898faafea5165eb5dec86e86a2c28ad1a9d428,2026-01-26 20:41:40.050999
126,478,Desktop,Windows,Chrome,True,aa897dcc3050769be7ed11d00689ae6e407bbfeeb0dacc9ac67f3bb6f6af8684,2026-01-26 20:41:40.051008
127,951,Mobile,Linux,Chrome,False,71895899cc39a5f4aa6b116bd0e416d5f68894bfd893d7cb916e198d5edc7ccf,2026-01-26 20:41:40.051017
128,503,Desktop,Linux,Firefox,True,be7445a052fd4bf8a5778f456220093778c70b35945de8ad59bb36ef8cceb296,2026-01-26 20:41:40.051026
129,803,Desktop,macOS,Edge,True,96fc54942e81dd3be59ed84d3bdded8815b1a4b4d69faab24b2803940bf27697,2026-01-26 20:41:40.051035
130,980,Laptop,Linux,Chrome,True,34f18016f7b5c94335424556fdbb7e2a808a7bb1051ea873bd5937a22e95e658,2026-01-26 20:41:40.051045
131,426,Desktop,Linux,Firefox,True,151d07c687ef430f687cf1456366dc5fb382e36827daecac9154f1cfed23c777,2026-01-26 20:41:40.051054
132,358,Laptop,Windows,Edge,False,80e3c5c07407b58c03c9f5615cc64e1433726c69f290e90281730ae65791b08d,2026-01-26 20:41:40.051063
133,340,Mobile,macOS,Chrome,False,78d5504c3464e02632b6f071b90922039256f14a607ca32612cf5365fb791b81,2026-01-26 20:41:40.051072
134,575,Desktop,Windows,Chrome,False,1a8744195572cdeaf43716fbf071222eb1a0c9b4ed32c1782b2a13f7cc2065fa,2026-01-26 20:41:40.051081
135,457,Laptop,Linux,Edge,True,4610c14409339a94803bb9ed50ea720ab3339275f888a1b3f9f625401a1a8ba2,2026-01-26 20:41:40.051090
136,982,Laptop,Linux,Firefox,False,ba972ac628311db11df24f16bfe899047589d58208d41eb85685d6784902db3e,2026-01-26 20:41:40.051099
137,938,Laptop,macOS,Firefox,False,1e9be2ef18e1e5b420ada33e1a8f1c8dda75d8c5a09aed366336e246709c177c,2026-01-26 20:41:40.051108
138,26,Desktop,macOS,Edge,False,4379d344ce8a024754d831f1c66b3e716d177654b0b9194a6c17365a9b6b05cf,2026-01-26 20:41:40.051117
139,499,Laptop,macOS,Edge,True,fd9304c16118970c30d1c41e5f0845785fa637cdcf7d50710de60e564a18f2c0,2026-01-26 20:41:40.051125
140,329,Desktop,Windows,Chrome,True,34237d1095d38173d66a8efb308879dfd006e81b520bf95722ab7f4d6eb61df9,2026-01-26 20:41:40.051134
141,995,Desktop,Linux,Chrome,True,67bf2a941a000941aed66a402f15fd04f9b62f90267d3677f55b674c22487a0b,2026-01-26 20:41:40.051143
142,216,Desktop,Linux,Chrome,False,c5e3b9fcf565edcb5d902f3d0bdb51942e73099a1603bb6361742baaeaffe011,2026-01-26 20:41:40.051153
143,856,Laptop,Windows,Edge,False,1e1809fecfa8c49f51aacfa60d28afafa46a8576262c4c97c4c7f696ae02b5c8,2026-01-26 20:41:40.051162
144,663,Laptop,Linux,Edge,True,ecf280b855733ecc1bef30c6e665978527f37c1618f6bbe4eb8bf83f0c477dec,2026-01-26 20:41:40.051170
145,25,Mobile,Linux,Firefox,True,1222c057134dd78400f1a63c76a4ead634e89a2b9a82268a2ca0c15abfd68dfd,2026-01-26 20:41:40.051179
146,90,Laptop,Windows,Chrome,False,68b58c448a0f6aef69172240ba468cf67da86701337116da21bb7a981ad24785,2026-01-26 20:41:40.051187
147,572,Laptop,Linux,Chrome,False,8dffe1d5c59c1c62d3ac8fc4f19232f5efc147d55017d45b4c19a1a97b37b7fe,2026-01-26 20:41:40.051196
148,418,Mobile,macOS,Edge,False,01d9b63bdab2474862f2d2e3e18ff49feee6cf25f179f853a483db89f8e84c76,2026-01-26 20:41:40.051205
149,444,Mobile,Windows,Firefox,True,8b008ac32807cd75721a5968962e8b3ecca4e00159211ccd1222f0b2cc0413ac,2026-01-26 20:41:40.051214
150,548,Laptop,Linux,Edge,True,2b5a9f8ca95dbb17738ee9d139c85d2704fcfcd970a544c6529bdb8a3fd9bc42,2026-01-26 20:41:40.051224
151,775,Desktop,Linux,Chrome,True,f3315c901b647314107ea7687546a19aa36225f10cbbe8b34ddfa3cd1d2887e2,2026-01-26 20:41:40.051233
152,367,Desktop,Windows,Firefox,False,366faf222bb9703a252376a99b86d1ba2b0eb914e8e7733971e02d6db8989d8b,2026-01-26 20:41:40.051241
153,622,Laptop,macOS,Firefox,False,fa937fa4b03a66c78c648ff646fecdc1493aef5acc99662d576bb553c0f80c8f,2026-01-26 20:41:40.051250
154,405,Desktop,Windows,Firefox,True,09643d74cbe96a0f4ff7903d091ffb93c34a2d01ec16da103747236875aba5a0,2026-01-26 20:41:40.051259
155,547,Laptop,Windows,Edge,False,c7c249b6877b0b4361109a8477f7f4e8c48f174d3e45c934cccd4fe92f95ed73,2026-01-26 20:41:40.051267
156,816,Desktop,macOS,Edge,True,e263cf35c49ef31a1aa5939a26f6abd44f5de976623a84f46b6990f16f7b2562,2026-01-26 20:41:40.051276
157,306,Desktop,Linux,Edge,False,7e1305d880235c0c2ed5934be8369b579f5eacb0e908c392c0943e6162321bea,2026-01-26 20:41:40.051285
158,981,Laptop,Linux,Edge,True,794d8c7c688c9d8da9765b2625270f19a95b204964fe6bc90ff61267c3a1fa00,2026-01-26 20:41:40.051294
159,127,Laptop,Windows,Edge,False,be42e455a885ae4c58df1ffa0d0258984ee0d11f649a7690636ae040263bafb0,2026-01-26 20:41:40.051302
160,551,Desktop,Windows,Firefox,True,658587d163fcd14def7bb42c0f6278089cac0de42659266b56c4b2f974969f44,2026-01-26 20:41:40.051311
161,767,Desktop,Linux,Firefox,True,4253a3d1e59bcd0f3f9ccc9923e1abca7a1a4f8a28a170cd1f74590ee3c9e292,2026-01-26 20:41:40.051320
162,423,Desktop,Linux,Chrome,True,5bc65b801df91d17f23acb699d58c4ffecf6bcbf9450bb2275fec7fe80f97ac0,2026-01-26 20:41:40.051329
163,189,Laptop,Linux,Firefox,True,d3906c3ab46100c2b5b7d65db68e836588d1a3f51eb0f2925392a2bf83e7b3eb,2026-01-26 20:41:40.051337
164,118,Laptop,Linux,Edge,True,3608f623af88a3f384a1f0d6d2f7d02a7d76928a2175144d64e692166b88fce5,2026-01-26 20:41:40.051346
165,872,Desktop,macOS,Edge,True,6925bff46ddaf51915c59b7c302b35b50e6026c14ab0660655a9649bc5dd2c8d,2026-01-26 20:41:40.051355
166,298,Desktop,Windows,Firefox,True,bcc4333230a7c00b2a1147d025299e59614929b48da4f9414f630de4873c8d63,2026-01-26 20:41:40.051364
167,203,Desktop,Linux,Firefox,False,a276fe50a75463f59fdbfa4ece492c0929e72c18c9d1c594e22164d3ba9a62f9,2026-01-26 20:41:40.051372
168,366,Laptop,Linux,Edge,True,c2a0b25ff6cafc7a9497a13637866b1381827d4e6e63dc32dd81f76c41954ff7,2026-01-26 20:41:40.051381
169,103,Mobile,Linux,Chrome,True,6904b386c71a179f2b5f67f39f7fc69c7b58699b12d1cc4d66196565a760e78e,2026-01-26 20:41:40.051389
170,326,Mobile,macOS,Firefox,False,986ff49457c48b899afedd937de87faea5747c2611082203ed4c006ef57a23c0,2026-01-26 20:41:40.051398
171,711,Desktop,Windows,Edge,False,7f93c625fe8468778e306143d38be432a581d561497bb41639cc0a693953b43f,2026-01-26 20:41:40.051406
172,828,Mobile,macOS,Chrome,True,d5493560edb46a39d5ca8cdafb4e13658e03ad6de3d141da010b605ee8e778ba,2026-01-26 20:41:40.051415
173,321,Laptop,Windows,Edge,False,ce1f8fe2f1b39b357de606da3aff1d135336cb0ff7440f91873aac38788f007d,2026-01-26 20:41:40.051424
174,284,Mobile,Windows,Edge,False,fe5a05cd84957e36eeb309dcedebc61b9f27f1f5ebb77c8b19a2a2edd67d4a09,2026-01-26 20:41:40.051434
175,899,Mobile,macOS,Firefox,False,0970fc05e6b27fc618eeb8d551f3102e64efbf5809eb099940f9eaf9acfac30c,2026-01-26 20:41:40.051442
176,794,Mobile,macOS,Edge,True,b404fd418be573c490da8f623c085cc7fe9a735cd3a119ad265e537d8469db8f,2026-01-26 20:41:40.051451
177,180,Desktop,Linux,Chrome,False,de722ffc8016ab64ced16e22f39b27177a85a7af9b939a0da516819b00f1ed41,2026-01-26 20:41:40.051459
178,880,Laptop,Linux,Chrome,False,aa34a73905ed6cf28eff68de13d8b712fd6f32c1fa69dd03a51332b2ad9c60f6,2026-01-26 20:41:40.051468
179,752,Desktop,Windows,Edge,True,97e0ccc435ca6667edb82b546ea8be9b195a0b42c2514f497aca88ed37cb570e,2026-01-26 20:41:40.051477
180,914,Laptop,Linux,Edge,True,8fd7cab9dd88a11fbd100637203512b74f70a2c43a2e1ba0422c615e6d8b8353,2026-01-26 20:41:40.051485
181,833,Desktop,Linux,Firefox,True,8ca46cada8fbf9e788c445e7d83d18fe93c8d2f4cb30003c25bf6b83b99580ae,2026-01-26 20:41:40.051494
182,929,Laptop,Linux,Firefox,False,0490b4c71c224c830579d9fde9b8b012d1f4f0326495d3c900b46d2d42c242b2,2026-01-26 20:41:40.051503
183,670,Laptop,macOS,Firefox,True,87bd7be4d529ed9378ef6627ce7b2edebe8562d224a6d8150ff69202fac4ba7f,2026-01-26 20:41:40.051512
184,913,Desktop,Linux,Firefox,True,1714db1e76c0e94540cb93f93d198bddb43ad839a8888825642f6a0b24401092,2026-01-26 20:41:40.051521
185,476,Desktop,Linux,Chrome,False,9e5a0d704cae45101995644411dc8d1fe9bc905d1a80c2d49f331880046bf596,2026-01-26 20:41:40.051529
186,373,Desktop,Windows,Edge,True,552b90e29fabd3b8ffe93b0b135fd505fdb606cb9731a6a8e7f62a2bd62d9c87,2026-01-26 20:41:40.051538
187,869,Desktop,Linux,Chrome,True,e23cc89d20f24936e50811e10dca3339ce98d2eae34e3681fff6ba925852e68b,2026-01-26 20:41:40.051547
188,457,Laptop,Windows,Edge,True,3900de424f18f35fcc458dbc7eae3ec0386b3e81b0d9da51d680c2f09f059665,2026-01-26 20:41:40.051557
189,754,Desktop,macOS,Firefox,True,37f05942d78e04abb4c61dec1570d3e6f347c2117c9ac36056d72c14a46b223c,2026-01-26 20:41:40.051566
190,225,Mobile,Windows,Chrome,False,70d6404a6a592be863f43a9e175e8d95351313f6916fb78f4c5da7512f9f20d4,2026-01-26 20:41:40.051575
191,379,Laptop,Windows,Edge,True,d8f7096a923ce553b35237e607f65b2c676f2224d8555b18d30530e2ec88c56d,2026-01-26 20:41:40.051584
192,531,Mobile,macOS,Firefox,False,f5ccbe630a99a325876db7886fbef3397896b93bd669b0f00656e355e7bd5279,2026-01-26 20:41:40.051592
193,903,Laptop,Windows,Edge,False,7b0c0f42f08b314806a082ffff4bc106c0b0e34d9e85696fb28f6fbbaaee36cc,2026-01-26 20:41:40.051601
194,106,Desktop,Linux,Edge,False,2e33d1f293b08ecd6882d7d577696cf2d0a397d2014bf5740ededaa3843e81bf,2026-01-26 20:41:40.051610
195,855,Desktop,macOS,Edge,True,c87b0fb7184748cafb12924e605049f87c69fd01a22bd255f7d7d44f6b1b1ef8,2026-01-26 20:41:40.051618
196,386,Desktop,macOS,Firefox,True,877799de7fd55ce9d6793b72e62875ab23cef9882f9d357454713a1f4fed60bc,2026-01-26 20:41:40.051627
197,530,Mobile,macOS,Chrome,False,5890da5ec89cb8ae8842811487def9d257852439e0577fff8582d5733ae6c7e2,2026-01-26 20:41:40.051635
198,362,Mobile,macOS,Firefox,True,1e2f5e9681c723a0a24c3068cbce95e4907a1981b7cf526b8165f556dff83cee,2026-01-26 20:41:40.051644
199,514,Laptop,macOS,Chrome,True,5e276c2533d7398e73a4248dadb114ba69a5a10540ad82f9d5c48e18cd4141b6,2026-01-26 20:41:40.051653
200,79,Desktop,Linux,Firefox,True,54e0cd9165bf3907bd63725748d68cfc8720244de344e4bcfdf7d528baab2de8,2026-01-26 20:41:40.051661
201,154,Laptop,Windows,Firefox,True,160cad649a9ad3a463eee0275ba8ec40ace80b57dd42d03a5aaeb36af9e76033,2026-01-26 20:41:40.051670
202,677,Laptop,macOS,Firefox,True,79935e638d2f529368c01f8635041a1b45167c804c993d557078bb914ca84572,2026-01-26 20:41:40.051679
203,494,Desktop,macOS,Firefox,True,3ad08ce12559351ea517fc9be61077f79054b260d037b8103d9cb5f8c1bb6606,2026-01-26 20:41:40.051688
204,605,Laptop,Linux,Firefox,True,b2e6064eff49c913a2aa08753942ff0c187a308078c3237a8276be160a399fd9,2026-01-26 20:41:40.051697
205,250,Laptop,Windows,Edge,True,0f31fbf987b4b64b55b847f8539e55886ef1a07b51c60f9c01127f6dc6c3a8ef,2026-01-26 20:41:40.051706
206,138,Desktop,Linux,Chrome,True,32f2d75f24ce814e6aef5432a8eac2fa058cadc1a0c90b38a153b855b77df957,2026-01-26 20:41:40.051715
207,58,Laptop,macOS,Chrome,False,cfbdf707fd5ec5c5bdbc2079994b9ba9104e9eb8142a0ce3221df319e4f7927e,2026-01-26 20:41:40.051724
208,614,Desktop,Linux,Chrome,False,6951e0e778bd9e1da7a172750d229dc55cfae4490880aca37a7f0bafc9606c9d,2026-01-26 20:41:40.051733
209,970,Laptop,Windows,Firefox,False,11bb611ec70171e157f3d53be41ce294d29f06db76da7338056e183e4b340350,2026-01-26 20:41:40.051741
210,889,Mobile,Windows,Chrome,False,8ba0c439b965a4309524a3e409feeab632c81b11af26d57252d58dc5a18fe09a,2026-01-26 20:41:40.051750
211,616,Laptop,Linux,Chrome,False,0fc480156272f4f6bb054a52170c46142be722eb621def6aab3ffda4b7c823ea,2026-01-26 20:41:40.051759
212,172,Desktop,Linux,Firefox,False,b619beee3e7fdc6bf9540c40c73b3de7cff4dbcd92df35666c342aac9a9e12a8,2026-01-26 20:41:40.051767
213,611,Desktop,Windows,Chrome,False,e551fe47a90ed17297d216da2b62dd59775c94fddfeba4b7340f65f1fdb1571f,2026-01-26 20:41:40.051776
214,395,Laptop,Windows,Chrome,True,1bc56fef33e70b7bd86ba9a469e4b61f02bed670c1834a483c0ce65be984a4f5,2026-01-26 20:41:40.051784
215,536,Desktop,Linux,Firefox,True,d916444a2eeb52c0ebfdee9fd1ac462fae638069f480bb2ad731824840a7012c,2026-01-26 20:41:40.051793
216,621,Laptop,Windows,Firefox,True,dab19e1e50748f7a2cf05ceeb115a2130ebe9bee389ff54721fe8975fb1b9bc0,2026-01-26 20:41:40.051802
217,899,Desktop,Linux,Chrome,True,a5be9d43298c88006fded0f2aec678e83fb81ea68aa4a5097cd41574bac75044,2026-01-26 20:41:40.051811
218,494,Desktop,Windows,Edge,True,801c5f9f9e969f1c22823ba5178a7a838a816e58f581603853a86aea52a7f15d,2026-01-26 20:41:40.051819
219,919,Desktop,Linux,Firefox,False,9a21ee30e72e13d7c4e2922173f5a16d13828b1e58b76794191f22884f02f3b1,2026-01-26 20:41:40.051828
220,380,Laptop,Linux,Edge,False,c4f5d92ad98dbeb81d189ae0d11434c1512a216544577e92ea60e0c6daefecde,2026-01-26 20:41:40.051837
221,235,Mobile,macOS,Firefox,True,2d89688dba82f20701b548fe3183709580d5fe2fb4e93c6d60557513974d2fa3,2026-01-26 20:41:40.051846
222,436,Laptop,macOS,Firefox,True,6ac993f63a0258ff595c24f1d0d127337f9540fe5db13d2c1e042178481f6671,2026-01-26 20:41:40.051854
223,932,Laptop,macOS,Edge,False,43ff13b1788e474e08515ce2cd60696817c60449ef4d20f31dda213a959d7614,2026-01-26 20:41:40.051863
224,264,Laptop,Windows,Edge,True,4714566e00361618da96176a71fb8e7ece0cf0baf0b9cb03bd78a24b01381619,2026-01-26 20:41:40.051872
225,592,Desktop,Windows,Edge,True,2f75ff82fff3c14e93f7f5be7ba72036c5ffd69e77dbeffd675b06add4438827,2026-01-26 20:41:40.051880
226,385,Desktop,Windows,Edge,False,90897744bdfecc4b2cc04cbbef09b8a5c5d6a7bec3da5cf6532643fba9faab3c,2026-01-26 20:41:40.051889
227,419,Mobile,Windows,Chrome,False,eeb7bcaed5d89c7ca90181f911c32bd45947557596bdaf138b007d0ead1aae77,2026-01-26 20:41:40.051898
228,668,Desktop,macOS,Firefox,False,864f0b688f9d75a3990d79a75241017c1690a9ba049b82e768facbff146fa805,2026-01-26 20:41:40.051907
229,579,Mobile,Linux,Firefox,False,095339137d221cf2252137590a9384e28acedc3c6a613c9a2eae2117f69abf72,2026-01-26 20:41:40.051916
230,774,Laptop,macOS,Edge,False,4fe4d63f84de4296413ab1648f02a25a3cbdd384ac1fda72d468c5a15bdb5525,2026-01-26 20:41:40.051924
231,184,Mobile,Linux,Edge,False,44aadcadc345c90c7609894f53e4a8efdb38b22d84d063a0f088c595ace8f78d,2026-01-26 20:41:40.051933
232,260,Mobile,Linux,Firefox,False,c6ba5ed0b5a9a42a5cd2de69f4f01e0698351a87bdc14dcd596511754052fe34,2026-01-26 20:41:40.051941
233,754,Laptop,Linux,Chrome,True,1bedbc59642586f3413bd2cc0aca36114757090251d8f4323aa3202b681020b2,2026-01-26 20:41:40.051951
234,458,Desktop,Windows,Chrome,True,40cda313b1535bf120a0d36e062d29b8fe747feafbe543505895bb104b5d47f9,2026-01-26 20:41:40.051960
235,521,Mobile,macOS,Edge,True,09cd535fcdf9f9f0c5906b6de20cde9b4d7d8c9342287c6c7cc721948534823c,2026-01-26 20:41:40.051969
236,165,Mobile,Linux,Chrome,True,8c5377fd4ac7100a48129d7aa02846784080c702055d3a41dc94f91de41f0e4d,2026-01-26 20:41:40.051978
237,844,Laptop,macOS,Edge,False,ca8e898b1046dd98e9ccbc023f2c35d7d0c4856ec6590255c16ebdb61eddeb7b,2026-01-26 20:41:40.051986
238,91,Laptop,macOS,Chrome,False,ddda536cdcbddc46f0cb41df143de4d3dbe913d67ad55716ed73056736a4595f,2026-01-26 20:41:40.051994
239,82,Desktop,Windows,Edge,False,4ad4c3c3d9889025296bec1972e2a8f3175670248160b2e56c705789de65ac85,2026-01-26 20:41:40.052003
240,954,Mobile,Linux,Edge,False,289a2f55fa8090a2b924660711c7adf5a0621bea43f1c462f9db4887fbef7600,2026-01-26 20:41:40.052012
241,729,Desktop,Windows,Chrome,False,a0982d707881ea30270514c6255a7b98e8955eb26950ba91e008b816494cf538,2026-01-26 20:41:40.052020
242,450,Laptop,Windows,Edge,False,ffd072f0c8e83bd16de1364d67e4de2896b0eb63c88a59e2f31e7653f5387222,2026-01-26 20:41:40.052029
243,200,Laptop,Linux,Edge,True,4a6d5b5d49dca3252591f1f9b08b192aaee04271140cfff0b8a35ce0c3bd1b3b,2026-01-26 20:41:40.052038
244,630,Laptop,Linux,Chrome,False,81b717285079898da1a743f3da848d6be62171651145c4b23d1d4525d7e63510,2026-01-26 20:41:40.052046
245,245,Desktop,Windows,Chrome,True,f7d6df6275a95cbbc504ba4ff500b3409733869f84783b1cd731c7f60a8dabf5,2026-01-26 20:41:40.052055
246,283,Mobile,macOS,Edge,False,8758f09e70840a6a4160826dc730ebd679368308117cb11b7e789d323514e31e,2026-01-26 20:41:40.052063
247,416,Desktop,Windows,Edge,True,ec8e3ba3b813987561bfbd97fbc8940942f7be89f039c767f2f4211f0000f6e5,2026-01-26 20:41:40.052072
248,755,Desktop,Windows,Chrome,False,fd601672a8cb93545e6026453271993a34bdd6ff5c5a53607584aa2949ed973e,2026-01-26 20:41:40.052081
249,744,Desktop,Linux,Firefox,False,18de56eb8a1ec0a0220bbbc9df3573db3a4c62a3cd22347c7fb144baaaca4803,2026-01-26 20:41:40.052089
250,987,Mobile,Windows,Edge,True,f1fab93ca7182e355affb08cbdd98f18b6a86015c3f21217ab9fa394f53cf529,2026-01-26 20:41:40.052098
251,466,Mobile,Linux,Chrome,False,21a1dc0dbe28e0ee27b31da94bc70dca6f0aa161109b522e9b466e305bf6ad53,2026-01-26 20:41:40.052106
252,180,Mobile,Linux,Chrome,True,d7440d4cd3b43e912d0a61015f66a3abca294e8a81e0652a18028f998d59ce12,2026-01-26 20:41:40.052115
253,516,Mobile,macOS,Chrome,False,280a0be589bc7705955b6879d0391536641229ba93b2649c1a7cfb3d1fdf6717,2026-01-26 20:41:40.052123
254,898,Desktop,Linux,Firefox,False,0778d81d4fca3f7aa79c9fe6b89113bf4fa06d4bdcbb5bc2cb576c9d13a00b69,2026-01-26 20:41:40.052132
255,990,Mobile,Linux,Firefox,True,25bb8dc14ba34420a6cf9debe2a77d1d3eb416204bd47a26adfb5fcc2cadd430,2026-01-26 20:41:40.052141
256,776,Mobile,macOS,Edge,False,53f9ed39e6a0739a372d88b71c598ae6c24e2ab71b31fadc811206cb649f4d46,2026-01-26 20:41:40.052149
257,919,Desktop,Windows,Firefox,True,7770da31bc09c6edf768add8c30a59adbff8fadb332d2481ca6a24818246d860,2026-01-26 20:41:40.052158
258,265,Laptop,macOS,Edge,True,8968509a953daed91859f9a5e5c774d7d29ce625c45b076f205f7a22984df993,2026-01-26 20:41:40.052167
259,694,Desktop,Windows,Firefox,False,66c274290eef055c263a2e4d61d7fa7394044765b3257cd8798a80f4d6082d22,2026-01-26 20:41:40.052176
260,979,Mobile,Linux,Edge,True,cf8966c618cbdff4e33ff0146c97a8f44baa52d0fb06b6680b92c94f8d5e70f5,2026-01-26 20:41:40.052185
261,718,Mobile,Windows,Firefox,True,165dffee5d09a56a1f716a76c91dfcaeb3044a30f95f5ab2c0c8dd55dca659f2,2026-01-26 20:41:40.052194
262,409,Desktop,Linux,Firefox,True,0e140f0e66ef70031f0175a7013875106fbd0098cd8053877d1604c2f89a884c,2026-01-26 20:41:40.052202
263,568,Laptop,macOS,Firefox,False,4567c60a6faa07a179e9235a43f2a4189bc723dae76030b415ccec941daa4117,2026-01-26 20:41:40.052211
264,224,Desktop,macOS,Chrome,True,e14a08841f0566f5a90168f42ff6d8653f5c047117f2bfcb3e449823b60fc27c,2026-01-26 20:41:40.052220
265,511,Desktop,Windows,Chrome,True,07676c615e65f649bd28dc409c1a81468587693f29bc97317d163e16c0ba996d,2026-01-26 20:41:40.052229
266,894,Mobile,Windows,Chrome,True,3a2bdb6f224589d171eea79be63947b16c2863485c29d4e61099f879553d17b9,2026-01-26 20:41:40.052237
267,855,Laptop,Linux,Firefox,True,503af0f264e85d10459ca0e8eecbeb37d746072ede1a532e2d73bb640e627a3a,2026-01-26 20:41:40.052246
268,798,Laptop,Windows,Chrome,False,00ff0e5856b3b76e811fec7bc8552531143743412e5b038fc8521a56fe6d9c62,2026-01-26 20:41:40.052254
269,629,Laptop,Linux,Chrome,False,488909c385312364d1c894c597935b7fadfc5c3cbb0bfecfa1ed1e1867222120,2026-01-26 20:41:40.052263
270,381,Desktop,macOS,Firefox,False,111a74dccd2d792d63761adac6d33870c8afdb1d0f6f09872406e7875376cfc0,2026-01-26 20:41:40.052274
271,503,Laptop,Linux,Firefox,False,37509b4662f35d40b1f150c46ac469f054961b3fa0b4ea0c4d80f82a2df6b39e,2026-01-26 20:41:40.052283
272,228,Desktop,Windows,Chrome,False,5ffeae9618f29ff0a36e4986a8f3f53e4bb7e5ebf9cada1fcce6a8d998fce593,2026-01-26 20:41:40.052292
273,490,Desktop,Windows,Edge,False,7b34a5dc716492901646e42eec7e86264a36a1ee7a725bfcfd9e22553a4f7165,2026-01-26 20:41:40.052301
274,404,Desktop,Windows,Firefox,True,760f572f859022d4273547bf011cd7b91358eaccf74351c42ec8b65b6e491bbd,2026-01-26 20:41:40.052309
275,716,Desktop,macOS,Firefox,True,ca3dab0a8898681368a1883fb49e9a90eda908b5426f38ca73951e8b2670aef5,2026-01-26 20:41:40.052318
276,13,Desktop,Windows,Firefox,True,f4b4615f34fc0241bd1fc5f0f4a9fb68137d0f229891ccedd29b1624e98ec715,2026-01-26 20:41:40.052327
277,334,Mobile,Linux,Firefox,True,aa26a0e2a7399e64eb9bfdc1e7b5ce6d6f6a1b085a66b95979a6765d9ccdad17,2026-01-26 20:41:40.052335
278,562,Mobile,Windows,Firefox,False,6242a3fe089b200e23af73e1d4033572121fd4860283c8d56bc7022dcdfae4a5,2026-01-26 20:41:40.052344
279,982,Desktop,macOS,Firefox,True,7927430abb5a62091b0b1fc94cbf003a56d1a66fcabf0f3b5e780576ffcbe947,2026-01-26 20:41:40.052353
280,511,Mobile,Windows,Firefox,False,d42a1b78aef9b4a16fa7b04fb4857957ba32e11b3317bc7d37a6ad7393bf1b8b,2026-01-26 20:41:40.052362
281,374,Mobile,macOS,Firefox,True,9507bb1ce99e41928a21fb2ed99896b8e37f048ed14d068ff989b097cbae85af,2026-01-26 20:41:40.052371
282,586,Laptop,Linux,Edge,True,09e113e20013f53c705ace86cd6432fb38102237f0008e47d8062382f662b86a,2026-01-26 20:41:40.052380
283,834,Laptop,Linux,Firefox,True,fac9a2bb14b9990944d94a9713f5cffac3d357b338e322de9e86a2743bc8b574,2026-01-26 20:41:40.052389
284,569,Mobile,macOS,Chrome,True,b77925bbc776007854c3047cbc923dcd3426237efefc10b0ac2930d9ab95f4c7,2026-01-26 20:41:40.052397
285,820,Desktop,Windows,Firefox,True,f54a7f7825b6232c2a1355f6148ab952b828e7ddc933856e9017d3305606aeed,2026-01-26 20:41:40.052406
286,181,Mobile,macOS,Chrome,False,a96f4ca2e950da56d68abb062f6e0c520dd2d08640883c1b88f707a33db7a965,2026-01-26 20:41:40.052415
287,805,Mobile,macOS,Firefox,True,5f501d309086805dfff42d6f74fd5e7a13b800ada218f3fc205e2ad1db643c3d,2026-01-26 20:41:40.052424
288,408,Laptop,Linux,Chrome,True,a14f8c09ec05638d911ec06ed34e63e5455fa8061ce32cb231dc79e6f3b34745,2026-01-26 20:41:40.052432
289,221,Mobile,macOS,Edge,True,324089e20a57542cc5f424bdebb7e750190d46d045b6921c6df2ff17908cbc85,2026-01-26 20:41:40.052441
290,461,Desktop,macOS,Firefox,False,34a0654c96fcc7dd011d2b49b2b0bd3c7e34206410cf3d339b57b08ca3307b22,2026-01-26 20:41:40.052450
291,369,Desktop,Linux,Firefox,False,2cd35380cd227d79c6a3fe0c4030aaf9d784d75e94d7c062204b1f233bd26263,2026-01-26 20:41:40.052459
292,21,Mobile,Windows,Firefox,True,b021c8a2a086f4b63be5308d210d3de2b83deb87738087fd6a767cb57617440a,2026-01-26 20:41:40.052467
293,591,Desktop,Linux,Edge,True,f97dcd5bf0d77695a92d8fd6e095f9c79ee1d684b8dbd7fbf87545cb81943b0f,2026-01-26 20:41:40.052476
294,800,Mobile,macOS,Firefox,False,ea683cbae299b7a2ca4a972dd35ffe6302c37307bbe9d678b8636a23e2fcd0a0,2026-01-26 20:41:40.052485
295,794,Desktop,macOS,Chrome,False,8372cd4d1a8430c46ac0e3b0d114078cd3033210e023f15c7217002387c280d6,2026-01-26 20:41:40.052493
296,629,Mobile,macOS,Edge,True,99186cc4eb00e38b59f53557d90da7ba22801d93fd9a9e77a1d43521dafc94c8,2026-01-26 20:41:40.052502
297,890,Laptop,Linux,Firefox,False,464a28627a57735a4ef3ad69a89ca8500900e913080a758a23a9515745b3db52,2026-01-26 20:41:40.052511
298,647,Desktop,Linux,Firefox,True,e421b35ee7d6310bd4aacea880b5640fa4c44f9ea2a66a0042d87a96c10f138e,2026-01-26 20:41:40.052519
299,82,Laptop,macOS,Chrome,False,59543c29e0502cce5e3ae40191fb28bf97131b1a67656791537d6e29be354437,2026-01-26 20:41:40.052528
300,325,Desktop,macOS,Edge,False,5b28e364e1e880c2053be6ac86e8a5cf9be1341ad0138b1de6985a2c0a962e86,2026-01-26 20:41:40.052537
301,620,Desktop,macOS,Firefox,False,11c2d0c062cc72660349db5517078dcf4fe4ca299e745513aabe74e7589a4ba5,2026-01-26 20:41:40.052545
302,800,Mobile,Linux,Edge,False,646882d789c24a8dcb20ad1dd524040fbf830e3b2ed0431203c4fab38bae62bc,2026-01-26 20:41:40.052554
303,424,Laptop,Windows,Chrome,True,1a4ba40178836cf35e44363cc23ebf9f69be9238221ef46812370a3dbfc4bf76,2026-01-26 20:41:40.052562
304,746,Laptop,Linux,Firefox,True,9c6fc4086b07415ba13d5ddba9c5b40ceddf735636926d774bbbb89d601e9e8b,2026-01-26 20:41:40.052571
305,216,Laptop,macOS,Chrome,True,1dab401f4f4bedbb010f25b3ba1755f23772bb8e78d8eb1415b8b0f50f53ae27,2026-01-26 20:41:40.052580
306,66,Mobile,Linux,Chrome,True,7f64f94c63575942d06aab2c12cece3e9cba07f6ee92c1fb9c6df32d08bc3bbc,2026-01-26 20:41:40.052589
307,790,Mobile,Linux,Chrome,True,2bc1e81f3d82fc912de5f58220b4facc1b88d24a2b4a4e21921a394f09c410cb,2026-01-26 20:41:40.052598
308,269,Desktop,Windows,Chrome,False,251dd10a07f006b0e0ac59d62a2e7f452bc192f2b2758cc17203729445cb3bba,2026-01-26 20:41:40.052606
309,317,Laptop,Windows,Edge,False,09878f39a5b3b5fc5920089f8f4ca579f0e84026be58d78fa044bbe0c82dc3d8,2026-01-26 20:41:40.052615
310,454,Desktop,Windows,Chrome,True,d9fdb957b2b6f66185f46738468f59e561b78a86b58ad9008194ac2063116a94,2026-01-26 20:41:40.052625
311,30,Laptop,Linux,Firefox,False,5763b7e4f1716a10ee40859fd1869a35889793039893435a2227604a518e189a,2026-01-26 20:41:40.052634
312,885,Mobile,macOS,Edge,False,bc8ee58f69af5570c53f9d89afc6c3c9bb40bbdc8cd11c60b5184e1a52420aa8,2026-01-26 20:41:40.052642
313,562,Mobile,Windows,Edge,True,5ff99da427461a0f5bebf1cbe37095e82ba1fd52dd646a88963bc672a366f645,2026-01-26 20:41:40.052651
314,606,Desktop,macOS,Edge,False,997996399b985df4c6c7df9272561f7b5b1d3a338128ca9a82d843bf218bb02b,2026-01-26 20:41:40.052660
315,537,Desktop,Linux,Edge,False,1182dfbc643b089cd407363f359386c5b2157109eeb828f2987189bd3e9b72b2,2026-01-26 20:41:40.052668
316,931,Mobile,macOS,Edge,True,f9a8e28493d1149232d0224a2aaf6bcbb8d24490582f4daec5a56ec46f8ad9b2,2026-01-26 20:41:40.052677
317,825,Laptop,macOS,Firefox,False,68565b654626fd1679dba3184dbd2c2afd836c2cbf5010b30f4b2caf59a2192a,2026-01-26 20:41:40.052685
318,423,Mobile,Windows,Firefox,True,bd011a8a8d52568d07ae2febb0a8cb1db19927231ac624b1f0f48b54538c3d50,2026-01-26 20:41:40.052694
319,1,Desktop,Windows,Firefox,False,255e6e228a416c811d6b08e4abf95a5af3dc0bc68a33ee627e1525e0c83be50b,2026-01-26 20:41:40.052703
320,481,Desktop,Windows,Edge,False,d37fb288f8375de8b67c35cab0d2cbe9e05a96b7652d7af8dd36334c14c87a85,2026-01-26 20:41:40.052712
321,970,Mobile,macOS,Chrome,False,a21f1bfcf79d2444b7e934c301e3791b9e61592705536688f92ceb42c97f1c26,2026-01-26 20:41:40.052732
322,818,Mobile,Linux,Chrome,True,eb9479e1838a5f65142a1476b945e2c496dba7aa5ad0b1fc056eebe0d07de69d,2026-01-26 20:41:40.052742
323,562,Mobile,Windows,Firefox,False,8025e1ba810801ed256edb566d0c6a74f3ea99fc6e30356c4150d02c424efd0e,2026-01-26 20:41:40.052750
324,405,Laptop,Windows,Edge,False,98e35da3073173b9a06bbcb1cad1990de2239ff07129bb79f45ada68a266ddfb,2026-01-26 20:41:40.052760
325,849,Mobile,Windows,Firefox,True,a7bc11643c7ac3c7780cf6e524bad0a0ba4da394b3f3df94b77c34723e634032,2026-01-26 20:41:40.052769
326,433,Desktop,Windows,Edge,False,71cd71b942da15a3a43ddd89d1ed215732b0e53e912649be4f0f983ea8de4674,2026-01-26 20:41:40.052778
327,292,Desktop,Linux,Edge,False,a32aaf9b22b5151e6f8933e3eaa618c95fee70fdfb1932414b79caa63c05bc3c,2026-01-26 20:41:40.052786
328,423,Laptop,Windows,Chrome,True,f5013dd956d458701d6bba735dcb2e8c981c9f93e2c7f2a9792428ed009d346a,2026-01-26 20:41:40.052795
329,297,Laptop,Linux,Firefox,False,4d6247bfe91880898fb0e729cb05297f2fd96539439701003cad58bb273d52fd,2026-01-26 20:41:40.052804
330,279,Desktop,Linux,Firefox,True,5290cd777443da77200696a10d3d9274b7a70ee85d4458f1b204ea5f686c7b7a,2026-01-26 20:41:40.052813
331,329,Laptop,Windows,Chrome,True,5d69dd1f64c1e2555e93001e12b9ba662c50af9615c9e7e4e4749655ed39d680,2026-01-26 20:41:40.052821
332,191,Laptop,macOS,Firefox,True,128e29d299b4f8b8e917dae5d4ca73345329fa6dca4fc96e485eb86121785e25,2026-01-26 20:41:40.052830
333,733,Mobile,Linux,Chrome,True,2892b42b6b67d495b272815f9ffea1f499bfa1ca16c1d1c9f311c813f4b15ea2,2026-01-26 20:41:40.052839
334,93,Laptop,Windows,Firefox,True,163aee179618feaf19bbeadcf4dea1fff180bc47ffb0cfff2cc6a9caeb3c3f25,2026-01-26 20:41:40.052848
335,351,Mobile,macOS,Firefox,False,e9a26e066493db9b6a7ed0969558d6efdf433beca301cae14cb2d13b2898e853,2026-01-26 20:41:40.052856
336,475,Desktop,Windows,Firefox,True,328c26401d611e27a1f7d3de070d216f9eb0fe9ee7a4be8699249dddc6033012,2026-01-26 20:41:40.052865
337,864,Laptop,Windows,Firefox,False,e53e76c9c91ed9c3766575a2e5a54ade1e35b42de0f8196ad9affcfa8d93facc,2026-01-26 20:41:40.052874
338,74,Desktop,macOS,Chrome,True,8b7be7a18c5c0ce7f55a8c3890ae48a19aadda06bdb1e8a99e233b9bbfb52534,2026-01-26 20:41:40.052882
339,918,Mobile,macOS,Chrome,True,157028b7102374c0fd4814dedb6ee6027e8dc9721eba62f19a45237da58ae84d,2026-01-26 20:41:40.052891
340,998,Desktop,Windows,Firefox,False,7d5fc67cf689df5d8ec18bbbb5782526f8c215063e98d8c562c576e92cbc4f8f,2026-01-26 20:41:40.052900
341,254,Desktop,Windows,Chrome,False,327b87b0f7f14f73fac10afa9ff6e3166d283ca790114e466fe4d33ea51590da,2026-01-26 20:41:40.052908
342,753,Laptop,Linux,Edge,True,d1d90ae80fa02b92affd10e061b0c7998fd4c7c9d96f6d64cc65700c326d7cc3,2026-01-26 20:41:40.052917
343,485,Mobile,Linux,Firefox,False,2e2584da394d713a956e14817db515bb685ad0495a5a1d2aacae232a2cf08ca7,2026-01-26 20:41:40.052926
344,163,Desktop,Linux,Chrome,True,576e1286a744499a2b6aebee10f84414b8116dd250a9041353bbada39fd6b152,2026-01-26 20:41:40.052934
345,260,Mobile,Linux,Firefox,True,1f3ed0272b8d7af35782299e8c5ec671c76e84b75310958fb34e4b096e340bdc,2026-01-26 20:41:40.052943
346,370,Laptop,Linux,Chrome,True,ad63ad2518a0c94b120342ca317dcde5c19ca6e7757e6aff71cb82b159d4afa2,2026-01-26 20:41:40.052952
347,242,Desktop,macOS,Firefox,True,f06579f717a34acdd814443006caab6b64fae266b3bdb73513cebf8aa4ab18ac,2026-01-26 20:41:40.052960
348,172,Mobile,Linux,Chrome,False,7eb7e1b1cea4a99bfce962d56ae0885e1e4d173a4f7205edc778e4a84e82a87a,2026-01-26 20:41:40.052969
349,809,Laptop,Windows,Chrome,False,db1d17b9c43e4002dced4bcd1983c007cb8d920a4e8e0e4a1447840edcd28e2d,2026-01-26 20:41:40.052978
350,705,Desktop,Windows,Firefox,True,4024e157289d74e05cb92a31f9e8a75ba84622e994c1926eb28dcf3415dabffc,2026-01-26 20:41:40.052986
351,255,Laptop,macOS,Chrome,False,b62241d796ddae992468c509109c17c892ec3ef812aaceef12e46756a561efd2,2026-01-26 20:41:40.052995
352,954,Desktop,Windows,Chrome,False,68529a8ce28e044706f921dae6f0b8365b75aa61be422aa1277348077fee11e5,2026-01-26 20:41:40.053004
353,661,Laptop,Linux,Edge,True,5056c101c0657e190c7afce3ed7dab7a2980246f11eb6de6fee21aee8bae84a3,2026-01-26 20:41:40.053012
354,129,Mobile,Windows,Firefox,False,c0434115c5573562f75ab41b3a92e1d825f3b557752064992d0064612ca9989e,2026-01-26 20:41:40.053022
355,825,Mobile,Linux,Chrome,True,6c16a954bd1a40a760f3c4a37e3a971a1f69c011f9de75446d3090682a10822b,2026-01-26 20:41:40.053031
356,706,Mobile,macOS,Edge,True,fe651c585e486108951558bc02fbf6451091b155330eee6caa87d1ca17e98741,2026-01-26 20:41:40.053040
357,257,Laptop,macOS,Edge,False,f2786e509636ff891e18e41b903714bbc8ed744405c53ce76c88407633180390,2026-01-26 20:41:40.053049
358,573,Mobile,Linux,Edge,False,75a28006b5659187ed9fbc2d65dbadbc7b8364d88db095fb8b9a22be2111fd76,2026-01-26 20:41:40.053057
359,195,Desktop,Windows,Edge,False,1de51ad348c9e9c7884d92f4001858df5ab71da123dfa9e9e72cf66f7d822e30,2026-01-26 20:41:40.053066
360,332,Desktop,macOS,Firefox,True,c77ed223225ad913a294fa8b15669707c244d0c77230a38e6421cd90e90b4849,2026-01-26 20:41:40.053074
361,71,Desktop,Windows,Firefox,False,f31bb8c218dab6900c5519d48cabe9bd3a8d23fb13a11f21d66bd25ad599f9c5,2026-01-26 20:41:40.053083
362,840,Mobile,Linux,Firefox,False,1dc59712318c41f872ccb0654a82ad509f49e2471bad4ccb30641e96ab08fbba,2026-01-26 20:41:40.053092
363,1,Desktop,Linux,Firefox,True,2327f0800dc25a7c539a2934938a819dc0b2ee7ef441124e50a2d5aefc6be62d,2026-01-26 20:41:40.053100
364,905,Laptop,Linux,Firefox,True,1c6bfd131926b5cc94fac8e898f4cacb923ebc672ad45773f09fec2fe36558e6,2026-01-26 20:41:40.053109
365,329,Desktop,Windows,Edge,False,e580e18263a4779bc744bf0f86d7a1c1946fbf46a904b119c045a555b2ea45ff,2026-01-26 20:41:40.053118
366,195,Desktop,Linux,Firefox,True,876e4cde1f4b1cbe7bbe360b1c3cca7a571f6e2e2d378722af5aeffe4e370b06,2026-01-26 20:41:40.053126
367,628,Mobile,macOS,Firefox,False,38472d89f479cdbb32bb399dee31c8bc044c2fe3534c44b00faf05e72cc41f38,2026-01-26 20:41:40.053135
368,114,Laptop,Linux,Edge,True,ca214c66969cad5f0a42d5872237ba199d255204d133484df18cdf34cdfc5fd7,2026-01-26 20:41:40.053143
369,45,Laptop,Windows,Chrome,True,70d23f6f2bc14881c4e3e8bb8c2f32e8d3b3a3d7f020c03e8662db1957a17120,2026-01-26 20:41:40.053152
370,110,Mobile,Windows,Chrome,True,3aa4467d440f48c577af02cd2219e2bcb6461ca4ece3d19683014df1ecd20468,2026-01-26 20:41:40.053161
371,585,Desktop,macOS,Edge,False,2cc4a2fa210688ec1157f25b5e4beb9ddcd4725bc7a0c7a54990c13343a123a2,2026-01-26 20:41:40.053169
372,539,Desktop,Linux,Edge,False,821c516ec30a6b6ec5f1dea4b29f486fbf240ad6285e09fc3af6316f6f1db666,2026-01-26 20:41:40.053177
373,51,Mobile,Windows,Edge,True,d01d43c996e7bf1995d00579d491c498d16273308618b48d9ec170426c9aa336,2026-01-26 20:41:40.053186
374,14,Laptop,Linux,Firefox,True,9dd295d62fd9e5ceea269759fda785b1322929da9359b8fcc66e42c37677774a,2026-01-26 20:41:40.053195
375,480,Desktop,Windows,Firefox,False,f7fead472d0d6a75cf1ef4df401a0ebed557a073ea724e7a33c9940300470022,2026-01-26 20:41:40.053204
376,842,Mobile,Linux,Chrome,False,debbdc6cd40b212e712ddebf1e63fa1bee35923c6ba40c4e51a2863baefdffe4,2026-01-26 20:41:40.053212
377,542,Laptop,Linux,Chrome,False,e3df382fa024bc6d7dc24cd1ccaa2ef45782295301e627f2bc7825824bc81c6b,2026-01-26 20:41:40.053221
378,80,Laptop,Linux,Chrome,True,df5516d24135fb07093f0cc391170177f279ee920cbcea4ac9ecee1e60d26129,2026-01-26 20:41:40.053229
379,743,Laptop,Linux,Firefox,True,1724b3d0a63e7fa33d62baa90382518d47bf3bee7ca52b5840eb711380a51881,2026-01-26 20:41:40.053238
380,198,Desktop,Linux,Chrome,True,8e389df077c2f508b5de5a5fa8092579a89402ca15882a3eaae3bb8a7b9a831d,2026-01-26 20:41:40.053247
381,572,Desktop,Linux,Firefox,True,d0789af37398a480e2bdc948959cd5b39db2025fbc4cf76618a53c7e8632c106,2026-01-26 20:41:40.053255
382,785,Desktop,Linux,Firefox,False,06c8437d661f5ca9a2938de921271897537e9afe615c8d50de0f24ab4640872c,2026-01-26 20:41:40.053264
383,720,Desktop,macOS,Chrome,True,055094b6deab5aaeaaca7c2bea674ecb0e8567e7abfb7772af238051a66a5a12,2026-01-26 20:41:40.053273
384,812,Laptop,Linux,Firefox,False,d95a1e53afc7467bb26749e9bd21a0b5b4bb594638cc28c978a74141a65e49b7,2026-01-26 20:41:40.053282
385,674,Laptop,Linux,Edge,False,5f699de683568b2c6925cda8df877666a11d7bfd5aa6070c94777e682a662eb4,2026-01-26 20:41:40.053290
386,956,Mobile,macOS,Edge,False,f9b9ba9635e37f972fa25efbfa42a961f91717910e2c8ad8ec69786f1442544b,2026-01-26 20:41:40.053299
387,866,Mobile,macOS,Edge,False,c1a073254b761742bd659a6c14040183208cf99cb745dfc6715890a43de3da26,2026-01-26 20:41:40.053308
388,846,Desktop,macOS,Edge,True,bb512cbd0904f36e4eadec1e032888c5e45aa4ca8fc19b5fc7b1f005514a6788,2026-01-26 20:41:40.053316
389,577,Desktop,Windows,Firefox,False,c58c5bd76ed2ee6e5eda57bcaccd9f676c7e9a8dee3555a5897f8a3fead1a929,2026-01-26 20:41:40.053325
390,369,Mobile,macOS,Firefox,True,133a1b8d1127b930b494079ee1df77632eefc73a1aee8f68317c411a68550fcd,2026-01-26 20:41:40.053334
391,744,Laptop,macOS,Edge,True,3a857b3e82d15c9c010761f808a5205ee3538f41c0f108890a944cf9c37cfa9d,2026-01-26 20:41:40.053342
392,531,Laptop,macOS,Chrome,False,9c86e3e145ca6d9d89e43582e187beea4c8be0adca245b1593150b44442d8344,2026-01-26 20:41:40.053351
393,228,Laptop,macOS,Chrome,False,b305a9f298a282404d82d6559375ffa9010044b74067fa561c15a4153694e950,2026-01-26 20:41:40.053360
394,942,Desktop,Linux,Edge,True,cf4b693127f1c5f6101cd0e2ed344affb4f2018761f37d94d4f64d1037f03bee,2026-01-26 20:41:40.053369
395,97,Laptop,macOS,Firefox,True,1deb57e782d303a0bb73cf444a8a8e393b7618722c0ed61dda2a1c9220adbf3b,2026-01-26 20:41:40.053377
396,142,Mobile,macOS,Edge,True,ba2f4fe8eed19e3b83b3c8ddff9a994de6ccff7f1b00fa16a5ffa097060036d3,2026-01-26 20:41:40.053386
397,239,Mobile,macOS,Chrome,False,acdf30c142ab01ccb8c02fd56ce8ea2d5633fa9bacc00a30904be532f9798e07,2026-01-26 20:41:40.053395
398,583,Laptop,Linux,Chrome,False,f8052b16015b3c24e95de39b3f475cd24a1bdde080555cd4c53f93c0230d7067,2026-01-26 20:41:40.053404
399,812,Mobile,Windows,Firefox,True,603aa289cc258162118e3091f067351254f42ab5412bc238deae1381584b709d,2026-01-26 20:41:40.053413
400,610,Desktop,macOS,Chrome,False,a53a47f8095c852698982b29e61115034c1a39af49c33ddb8b9d66e6c8c8d10f,2026-01-26 20:41:40.053422
401,81,Laptop,macOS,Firefox,False,0a5705308c0e56ef9b2b596df274cd573bfe7e8970d1912ca4b0f3211b7be298,2026-01-26 20:41:40.053430
402,427,Laptop,Windows,Edge,True,f44aca146814b6a890ec55232810bce6a278643168459b7dc4ca7d7e348a7bd0,2026-01-26 20:41:40.053440
403,650,Desktop,macOS,Chrome,False,51c1b5a2d7846e9f6b9283d8dbe3afe528e85b0cec2870556859560616253656,2026-01-26 20:41:40.053449
404,537,Laptop,macOS,Edge,True,21056b27af7bbfc8024144f2bb58c7948a06bb212db30ec4fd15db1f81f35b9f,2026-01-26 20:41:40.053458
405,335,Desktop,Linux,Chrome,True,8a3b93bc03802b4ec9f6fb5899d5243c9e57173f457d9f006c59c12d7c9fab3e,2026-01-26 20:41:40.053466
406,52,Desktop,Linux,Firefox,False,538d3891f8dde53bcbeafe7c642582025e71183fb2952a38bcab65b87d2cb133,2026-01-26 20:41:40.053475
407,771,Desktop,Linux,Edge,True,ca088f7beabd1821fb5a2e3b69e2ff0b2d2562cd8753f67f6cd6a4472b9aad53,2026-01-26 20:41:40.053483
408,228,Mobile,macOS,Firefox,True,77435bece76739b05662151e96cdee26bc60dfc4c00bb78a93cd03d90c9ff48f,2026-01-26 20:41:40.053492
409,136,Mobile,Windows,Firefox,True,e064e8c64d169bbc55b10ed9819d360b0d0d55a6fb230a099685728cd48a2875,2026-01-26 20:41:40.053501
410,562,Mobile,macOS,Chrome,False,2a8d17397f8232310f2e0135bf5e70f1baa5cf785068336456e9c93832e06b44,2026-01-26 20:41:40.053509
411,514,Mobile,Linux,Chrome,True,3cf43bd8871a6400eebe6d777d5e431cd4d6df8c15212dd389cb9e4f99c9d3e6,2026-01-26 20:41:40.053518
412,493,Desktop,Windows,Firefox,False,87976cf5089725ce72810f95471bac896071422d8107d59fd29eeb1f0353fcbb,2026-01-26 20:41:40.053527
413,668,Desktop,Windows,Edge,True,f6177f05ea9e8b413acb22cb776c3bca4e5066ca03053599512d70231901d0a0,2026-01-26 20:41:40.053536
414,249,Laptop,macOS,Firefox,False,24e97da05afe5a88449daa263af030bb61f0e884c2f7f4ff9b20b3718c7983e2,2026-01-26 20:41:40.053544
415,702,Desktop,Windows,Chrome,False,3aa5de58900f0c47682493b18e157ae214eed1d4f3306ba31dff767087e79d62,2026-01-26 20:41:40.053554
416,434,Mobile,macOS,Chrome,False,75cd429624a0d69397902fa620198050e3af2eaf8203c138e2f9fb43fdb339c0,2026-01-26 20:41:40.053562
417,353,Desktop,Linux,Chrome,False,04a86239c3ddc54db0f3df0003b3238db152813571770ae11d1ab0771b394a45,2026-01-26 20:41:40.053571
418,174,Mobile,Linux,Firefox,True,df2de39c1290da82a28e3054133fb1e896095333a897198c8001150578533005,2026-01-26 20:41:40.053580
419,452,Laptop,Windows,Chrome,False,db9d63f4a7f87fca9ebd8eee7a8f2c129fc05c8f157b217939743c4d2a5b15ee,2026-01-26 20:41:40.053589
420,160,Desktop,Windows,Chrome,True,22b31b4164486e6a8ab5dbc6afdac5acedc3576a9e6ccec8de56fa58e33f3049,2026-01-26 20:41:40.053598
421,249,Desktop,Windows,Firefox,True,860b939775b597be56f07c3aa99e8f4c454cd8da847845457c0b4fc97b67e358,2026-01-26 20:41:40.053606
422,352,Desktop,Windows,Firefox,False,7725fccaeb2929ad70ffee705a9de10ae4805c7ada74f9566020304d3003fde4,2026-01-26 20:41:40.053615
423,483,Laptop,macOS,Chrome,True,2f6bf4e9fbfa2e70349ceffbee5e24868e4679a7cfb286130dc2becfef2025e9,2026-01-26 20:41:40.053624
424,209,Desktop,Linux,Firefox,False,c3a846005c58cca9a17e620432f372a2378649fe7c032c9ad7c2a5b7e7e12435,2026-01-26 20:41:40.053632
425,638,Desktop,Windows,Edge,True,8b5dc96bf94c684e6a9cae62e46349086ae87ccce0a6547a90889d5111253c5f,2026-01-26 20:41:40.053641
426,386,Desktop,Linux,Edge,True,68a2fa0293a8aa914ab140ac94c5a246a6011e5f49f196113b1fb94c92772731,2026-01-26 20:41:40.053650
427,262,Laptop,Windows,Firefox,True,91248509af7ef0c66cb22a7690ad13af31e3904ca21b79b0ee0c0723cddfb4fa,2026-01-26 20:41:40.053658
428,809,Desktop,Linux,Firefox,True,7554346b44c11c8f2644a0f4ff049888d7bdc0051fb46f53d5a4525d28507599,2026-01-26 20:41:40.053667
429,477,Desktop,Windows,Chrome,False,8dd0b604f944452f17da6147ccb0d543ec356aca7a50374564daacc60fc9f56e,2026-01-26 20:41:40.053675
430,677,Mobile,Linux,Edge,False,5ddf8bc7c24b8e010261b95e24eab398d1011e7ae6d598ce7429ad61211fd344,2026-01-26 20:41:40.053684
431,886,Laptop,Windows,Firefox,False,c97f3b402fd5287bd7da5d66b2f9bd33b1633719b438dd5edebbd849467df586,2026-01-26 20:41:40.053693
432,237,Mobile,Linux,Edge,True,0a52b34192a0a63f63c2ade3ae8f8376d405aa071821ab8209103274ab83b884,2026-01-26 20:41:40.053701
433,926,Mobile,macOS,Edge,True,9fdd55c629512bac5e5264c5fe31f99e64e2ef87184ff6ff4e6ba2ce67c885d3,2026-01-26 20:41:40.053710
434,191,Laptop,Linux,Firefox,True,8b5341275821db8d22929bc2bfc78180773ac7effca254ff9d9d1b90eb3cc10d,2026-01-26 20:41:40.053719
435,41,Laptop,Linux,Firefox,False,da400128c5252f36dbf1e465c518d896c7700ba13613e9913bc593f91e05dbd2,2026-01-26 20:41:40.053727
436,502,Mobile,Linux,Chrome,True,28fcbd61cdb23e05bac81c4a1fd48817b6cb97a84be4f1a34a33159b0875f209,2026-01-26 20:41:40.053736
437,356,Desktop,macOS,Firefox,False,78b5b0e258c696539524f1c385560ca964e6408b08c782ec571fe78014b17995,2026-01-26 20:41:40.053745
438,242,Desktop,macOS,Chrome,False,4e262501c0687bc7a775b0b6fa514417f5e04e11f803ab68b6c067a24bbb8c6b,2026-01-26 20:41:40.053754
439,900,Mobile,Windows,Edge,False,8d1593b7227539c69c5e9b3c6f4e72c6730ad2b44b4d1d9d230690e6bdb83756,2026-01-26 20:41:40.053763
440,231,Laptop,macOS,Firefox,True,c1fcc2449082e001a641258610d355ee3cd8050dcf5539f217eb8ee37cf7f9b7,2026-01-26 20:41:40.053771
441,90,Desktop,macOS,Edge,True,c708656e1804693452269eceeaf07e12dc60d533da2837dedeb7eefc2d71dbb4,2026-01-26 20:41:40.053780
442,428,Laptop,Linux,Chrome,False,f45d0f94a2d41d1f472836e3be34101c7e7e6b4330611012b7caaf108c4a6bc9,2026-01-26 20:41:40.053789
443,994,Mobile,Linux,Firefox,False,e8e9419e4e713a5f17b41a541843487def2281d530ea38178d6ea845a525d99e,2026-01-26 20:41:40.053797
444,556,Laptop,Windows,Edge,True,18360901507fa69295fa885736ed5dc9b55ada538970a2a907a97d9ff52e9d85,2026-01-26 20:41:40.053806
445,595,Desktop,Linux,Chrome,True,f1cd8553a5456e4a41f2ae4b6affcefcfc553607d0a8cd39c168c20f5579e406,2026-01-26 20:41:40.053815
446,317,Desktop,Linux,Edge,True,62e3d0cb4cdfc641fa3baa12196dfe5dbea1fbf851de6e71c542a11779e3b1e2,2026-01-26 20:41:40.053824
447,441,Laptop,Linux,Edge,True,b1c64fd03f8ade494076875c76de078d503333e03f871e0bc0f63c9ac3631258,2026-01-26 20:41:40.053833
448,326,Laptop,Linux,Edge,True,f50dd2b30b5249355b706a53189c0d6d8e5f66633c6b8952ad79acfa8c3972ef,2026-01-26 20:41:40.053842
449,189,Mobile,Windows,Edge,True,f584efd7c754d36aea4ec719289b7e05d02ab5cf57b04980eed32d5ee1b81ac1,2026-01-26 20:41:40.053850
450,784,Mobile,macOS,Firefox,False,63043faed6701d5a8358a2cbd8ed7c904be419b1b00337eaed9ac15c5253278c,2026-01-26 20:41:40.053859
451,454,Desktop,Linux,Edge,False,df11e9370382a659ee7e7734eb0519fd3456c5796223b6def7a6c5c6209624bb,2026-01-26 20:41:40.053868
452,156,Laptop,Windows,Chrome,True,a16591223b8b518933b44a05d315d5c2d6eb5c331fbf78949670c1f387135c57,2026-01-26 20:41:40.053877
453,27,Desktop,Linux,Firefox,True,4111cc553266c35de37bc38e1d7213ddf900b1e0bd65e1fba94cd215bcb35266,2026-01-26 20:41:40.053886
454,611,Laptop,Windows,Edge,True,8c22727e6b7a7a2bdcf15c16a14495cca0b2d0e57590f608accbd256acc3f154,2026-01-26 20:41:40.053894
455,368,Laptop,Linux,Firefox,True,5dcb5b0bd5c4450ef95adf13839163674250283487b504f69bf7d276b196124b,2026-01-26 20:41:40.053903
456,515,Desktop,macOS,Edge,False,1a0c466e6ed4054103fa6682f231155b5addb36a2985c2f72c03b7c7a3232a8b,2026-01-26 20:41:40.053911
457,189,Mobile,macOS,Firefox,True,ffec1182244512615e0427a227bed2b46f33e1342d469cd613db24d2f0a3e5de,2026-01-26 20:41:40.053920
458,168,Laptop,Windows,Chrome,False,c5bad3ee25e3a86fa355c6019cfeb7d196dde43f06d4800c999a861bb96378c2,2026-01-26 20:41:40.053930
459,783,Laptop,macOS,Firefox,True,1ff29dccc6802c4a317237355ec8744e2555974d96e2729e3ced880bb5e614ff,2026-01-26 20:41:40.053939
460,761,Desktop,Windows,Chrome,True,4884ebc2289c463d968eaefde2afbddd46f1f7bd3d234e52c8ad64fa97c80e03,2026-01-26 20:41:40.053948
461,182,Mobile,Linux,Firefox,False,cdc63678eff1b4b8c6d952b1f5c6986354e7b60d46d05083a2ee7d38e64b68fd,2026-01-26 20:41:40.053957
462,888,Mobile,Windows,Firefox,False,4c9a8ebf957e3b1cd884be59dc14e34d84959579c9f2ca0ce1331fe6cc88e9be,2026-01-26 20:41:40.053965
463,795,Laptop,Linux,Edge,False,0cc76670e3af7c70bf67d03040e69969bb0d1229b848cff74756b9c67c858245,2026-01-26 20:41:40.053974
464,738,Mobile,macOS,Edge,True,904913aec257974e5a2097085d3e354d4c36f7ee5978ed289b6c2866937b1862,2026-01-26 20:41:40.053983
465,534,Laptop,macOS,Firefox,True,0868864ce4fec221e184ed806a8958a67881d7c20d1a4de4d7980cc70ff28ef9,2026-01-26 20:41:40.053992
466,899,Laptop,Linux,Edge,False,33dd66e7ff22ac28c35ddb8fc009a56aea5f39f6f6d758c9dd401355e95956ca,2026-01-26 20:41:40.054001
467,753,Laptop,Linux,Firefox,True,5789672e03e5ccbc585ad24a28968f81f25b67e1abcdfd973741fdd4f1c47a3e,2026-01-26 20:41:40.054009
468,195,Mobile,macOS,Firefox,False,37756a0a1b380ee99f6b04ad9c2a59d553b58ae96b1410bec050e7d3a17b5600,2026-01-26 20:41:40.054018
469,793,Mobile,macOS,Chrome,False,4359e01197c7ba2e2bc93e828cef42d1f1608914b5f00c04c5552d180c7f85cc,2026-01-26 20:41:40.054027
470,302,Desktop,Windows,Edge,True,f3ac8bd052186e12428ffaa24266f7b54872583ce02e8e313260bb83a1d07796,2026-01-26 20:41:40.054035
471,475,Desktop,macOS,Chrome,True,a9518d055f8534975cdfae0d60bbc2909c8f5f5530c3a6cb2e4302551f567121,2026-01-26 20:41:40.054044
472,185,Desktop,Linux,Edge,True,aaaf907eb8ebdd8a99e6a4c81640e77bfaf3024f3a2b76ac2ed94e2db08dcb86,2026-01-26 20:41:40.054053
473,403,Mobile,macOS,Firefox,True,51e81f682bf226fcf4cb04a369c4b54d27f30fc7fc20a9bb2683f97ba0a11560,2026-01-26 20:41:40.054061
474,184,Mobile,Linux,Edge,True,f8a7e302c0f83678eaf27f8dc484d9d962b89167b436c9815cf0208fd3c3947f,2026-01-26 20:41:40.054070
475,904,Mobile,Windows,Firefox,False,8e1b2641cc613715bb71773a842ea199212e986cc17c19f2117570f22b6c499e,2026-01-26 20:41:40.054078
476,709,Desktop,Linux,Chrome,True,722b021eb563c2461192cc23dcfdcdafa6ed35463b59deab4945358b3140981a,2026-01-26 20:41:40.054087
477,94,Laptop,Linux,Firefox,False,03289a6bc15d79c459e6422e7e90089d4713adf3cca773ca907f45d92124e126,2026-01-26 20:41:40.054096
478,88,Desktop,Linux,Firefox,True,54bf6b421abdabd5902ac9374bfa9c8398d3f6c6d2c1aa5455711563c6d510b2,2026-01-26 20:41:40.054105
479,388,Desktop,macOS,Chrome,True,55d91a4e19606bbed6298081cb3a43c81adc6b4d210ca6d93ea0513d895d1d98,2026-01-26 20:41:40.054114
480,935,Mobile,Linux,Edge,True,35eef48d2dde4cbffd4d02fbd526b31f4c8da004ecfb50704ab0294375d1ae50,2026-01-26 20:41:40.054122
481,167,Laptop,Windows,Edge,True,79b9ffef1278e83f2b82ab1f8bf9c887dfd0c35836a9b8f746e4b57939abb915,2026-01-26 20:41:40.054131
482,430,Mobile,macOS,Edge,False,09932662d4d97b3eea8eb2c41d54726e1849eef912d06823cf37f4dc09a391f4,2026-01-26 20:41:40.054140
483,296,Desktop,Windows,Chrome,True,0361c036648bdf154aaf1a5117c5d4f9347eeea62bebcdc90b01b3cdca39293a,2026-01-26 20:41:40.054149
484,984,Laptop,Windows,Edge,False,fb2b23e25215ed9b4c2922b9300e370263fe450e8edd6fb9c9cc73b4c3fec582,2026-01-26 20:41:40.054157
485,13,Mobile,macOS,Firefox,True,7df55a498f04682ffa26912f5838eaeb00545a1f4ae0ed2d20d384b6856e9afa,2026-01-26 20:41:40.054166
486,623,Mobile,Windows,Chrome,False,ef8620ad62f9cba5826a2fe0e7600b3953315fee76e6f439889aad935be7ef85,2026-01-26 20:41:40.054175
487,465,Mobile,macOS,Chrome,True,3fc34754c9c7fe14b709d47f1d6318ee5d48570ab5532c533f2d7b5a5ce727ea,2026-01-26 20:41:40.054183
488,251,Desktop,macOS,Edge,True,f377c9bdf47ee1f0e6363d1511e4e59e1cf33ee35105507c9ce447c81a11bef8,2026-01-26 20:41:40.054192
489,51,Laptop,Windows,Chrome,False,2036a2f1f5242d262ec786928c0ae23eea658cbde794f59b7e62069784b48996,2026-01-26 20:41:40.054200
490,38,Laptop,Windows,Edge,False,9df0c7fdbedd2f041ab862773636ddb681031feae5af5fa503750fd2e7342e52,2026-01-26 20:41:40.054209
491,340,Laptop,Windows,Chrome,False,50ead45fecfb0600dac8bef21cc110db73a645acbf19f3109da5b3a866ee2592,2026-01-26 20:41:40.054218
492,183,Laptop,Linux,Firefox,True,e4ac978348a0ae7ec8b8f536ebb3ef3cdfd58d1275197e471a7d10f11e02692f,2026-01-26 20:41:40.054227
493,990,Mobile,Linux,Edge,False,701a1cf23c51d0d85dc1cb8a83eb2fc59ea05068d96f90bcbcc803de22683b26,2026-01-26 20:41:40.054235
494,954,Laptop,Windows,Firefox,False,96bb5d8fd3babca406188f4838f1d3ea546b8740fdfc7fa66001506fe09b4603,2026-01-26 20:41:40.054244
495,378,Mobile,Windows,Firefox,True,ba5fd4d6f9e77451e522fa3bc610feb07983e5baf2f39945cdb902e1ad16be24,2026-01-26 20:41:40.054253
496,300,Mobile,Windows,Chrome,False,4ee58adb1922d58f9395c2cad6cfdda6bfcd98a38651f72c8cf9c6724b544f54,2026-01-26 20:41:40.054261
497,338,Desktop,macOS,Edge,True,08c89b7680aa3f744b34eb13d01de361066545506a33ab5e9c3a0fcc7acdb574,2026-01-26 20:41:40.054270
498,713,Laptop,Linux,Chrome,True,11fd7158fc15cd7902593ac2f648cbbca27806a927f27909f499114909925da0,2026-01-26 20:41:40.054278
499,586,Desktop,Linux,Edge,True,8fe1a65e80078c504202414f70572923be9b4550399fb5a340b853707d1bdfc2,2026-01-26 20:41:40.054287
500,496,Desktop,Linux,Edge,False,e00dabb21aadd1cd47f656d9904af80e0d7333ce0a2c06f2bd6e4662036081a8,2026-01-26 20:41:40.054296
501,438,Desktop,macOS,Firefox,False,566f622e052479c17e624161e9b4790ebc53317fb8a458b77036f992d5883276,2026-01-26 20:41:40.054305
502,950,Laptop,Linux,Edge,False,4e6472f087746b813ad5dfe07f3425dd609f375cc69a4cc336e70b7ec681c6ce,2026-01-26 20:41:40.054313
503,533,Desktop,Linux,Firefox,False,9ca3c37c8e8c9713b29270e060b1a3bd3b773fa3184d76f48232e754b88b100a,2026-01-26 20:41:40.054322
504,828,Laptop,Linux,Chrome,False,2b9aff493d9c3cdf7b617f9ab15d98e78e84bbf440fe16d2e1e383af84d7f748,2026-01-26 20:41:40.054331
505,199,Laptop,Windows,Chrome,False,4d89ecfe1f117e01f1992c6c4bd93f98804cad85a8658dffe89b7c7a443b0d57,2026-01-26 20:41:40.054339
506,641,Laptop,Linux,Chrome,False,f631f4cdca6803cd2e432f9f3c73d4db46bf4abebb8b427965b20896d333cbba,2026-01-26 20:41:40.054348
507,424,Laptop,macOS,Firefox,True,c3dc9f3aa4dd4e208d6b597dc6207e81f5ec38df14c7a5646042587ba79985b6,2026-01-26 20:41:40.054357
508,12,Desktop,Windows,Edge,False,f1f95e78fd91eb45c81f73901f7e1ac4fe5c262b921519b78fa1a31ec4660464,2026-01-26 20:41:40.054366
509,261,Laptop,macOS,Firefox,False,917bbc4c07aab3211b63d9e6b6eed869ed3b4b7fb3542e737d2b52831d46a4d1,2026-01-26 20:41:40.054374
510,786,Laptop,Windows,Edge,False,320a2e11ebfb4d653e64afb3c021d2d6046003ba5ecb84c15552d9b89739b14e,2026-01-26 20:41:40.054383
511,350,Mobile,Linux,Edge,True,330d64a98cc7b44854a0e7718e16e94b4eea217e55742fef8e51677da3d583ae,2026-01-26 20:41:40.054391
512,853,Laptop,Windows,Firefox,False,6fb40da645810001288f7fd5ac0295b0a762c6c369ee96c4128278f859257d6d,2026-01-26 20:41:40.054400
513,945,Desktop,macOS,Firefox,True,4e7867febe46eeb094c033fe6b7e36a23fda64e51d8e0495054f870b43b30706,2026-01-26 20:41:40.054409
514,662,Laptop,macOS,Chrome,False,d6e8d90b972a5956e33a8512c1c6d4c49e34c5f6c3d8eb78886a9755f695b2d5,2026-01-26 20:41:40.054417
515,914,Desktop,macOS,Firefox,False,0985736e411680a0fcf68685f2494e0b974eca3b83d61f089b7b3fd3e2b8dc93,2026-01-26 20:41:40.054426
516,951,Desktop,Windows,Edge,False,f8b702f88e0216a4acf4f1b1090ac56b5d8f8b8a59090fe5e6534b74914b715a,2026-01-26 20:41:40.054435
517,579,Desktop,Linux,Firefox,True,5228c469a23f0b3ee5e82abfae381548c4e99114401340f7c0bce0fa78dfe14f,2026-01-26 20:41:40.054443
518,214,Desktop,Linux,Firefox,False,2faa0beaad7236f7223c8e13bc636b06b8b6c98ea69d9d8b943ca4e7ed6ba571,2026-01-26 20:41:40.054452
519,68,Laptop,macOS,Chrome,False,97359d3e53cd3387ce84e6ba85f7e42e5c015eb9dca11a92ef4fce981dcde8fa,2026-01-26 20:41:40.054461
520,385,Desktop,Linux,Chrome,False,46727fb1d1277b0fea316810684ee919ef61a1d06521f89964eea272a6ec2b36,2026-01-26 20:41:40.054469
521,192,Desktop,Windows,Firefox,False,f9b34f8eead2f1b91bda79b9248ad8b3fe5ff9d46ee3900fe08b68c642ee20a1,2026-01-26 20:41:40.054478
522,727,Laptop,macOS,Firefox,True,f4dff69afc379009b1edde4f78e02979bbf88909488ca50aac0d40fb148ecac3,2026-01-26 20:41:40.054488
523,509,Laptop,macOS,Firefox,False,c6ee848f2c9f0772217ffcd8d8d6952aee6c12a5e4ccc3597c8181f388219bd6,2026-01-26 20:41:40.054497
524,222,Desktop,macOS,Chrome,True,a1cabb19da0159b9738df3816717254679228f2bcd229859bb9f079a5077338d,2026-01-26 20:41:40.054505
525,384,Laptop,Windows,Chrome,False,e231bd45db7253832d2ba45e3816ae1e10f1aea95dc1153c6e4bc980789b5242,2026-01-26 20:41:40.054514
526,519,Laptop,macOS,Edge,True,a914abde9b665fb730b1fde5bd6b355850f4650747ca8dfe2ab47be1cdaa6520,2026-01-26 20:41:40.054523
527,195,Mobile,macOS,Edge,False,9afe986d828c0c3f90b16ff840a6cc65466a3e8d66fc300c4d48df9a56ac53bd,2026-01-26 20:41:40.054531
528,795,Mobile,Windows,Chrome,True,d110225ee7decb030551932cefecfaa6858aaaf2457fcbb6b1e47ee23699fd52,2026-01-26 20:41:40.054540
529,211,Desktop,Windows,Firefox,False,17474e5fba852f64898094c5a3959271623a68830c218a733072f2d62ff7d4f4,2026-01-26 20:41:40.054549
530,731,Desktop,Windows,Chrome,False,f2645b82602de5bd695630fbce3d9575e96ab940bae44d1c3adb593e22d3f046,2026-01-26 20:41:40.054557
531,955,Laptop,Linux,Edge,True,bbf0049b2f250bbd00bf075984f1b803ae2cbb0d6421b535b58b5293834d631e,2026-01-26 20:41:40.054566
532,342,Mobile,Windows,Chrome,False,5302de493882d8dcb39ff0ef9d35fbc1f29131ce4bca21a118fd169bc39bc69e,2026-01-26 20:41:40.054575
533,24,Desktop,macOS,Edge,True,f74cdc685ff8c7a5b0764e18baacafd56b3dbf3cc276a02056d3d9afe51783d5,2026-01-26 20:41:40.054584
534,329,Laptop,Windows,Firefox,False,a46bac12dcbce48be7594942dbaa4d7e4f0cb6534dbe897f7b8d9c91e5636cf0,2026-01-26 20:41:40.054592
535,546,Mobile,macOS,Edge,True,28a6061721c0b5abd6d01e72215c0dabf39adf0505882f493e6157c7aaaf9acd,2026-01-26 20:41:40.054601
536,280,Laptop,Windows,Firefox,True,71f93494543134cbf665d811f881944a0ae9d715be39cbf0affdde7eba95a312,2026-01-26 20:41:40.054609
537,16,Desktop,Linux,Edge,True,6fb983e3a061f96d3ce15d9633d0f107795df253af6dbbf1d3d4ba8bc71631dd,2026-01-26 20:41:40.054618
538,212,Desktop,macOS,Edge,False,b4a8ba5b6039f043863ccffec49b239e36012835b0c5ff2533f76e8e62057011,2026-01-26 20:41:40.054627
539,278,Laptop,Linux,Firefox,True,53b4966bb2696660c85462ba679f51f504f48bb544e0fa16d0b484ce3701f9d4,2026-01-26 20:41:40.054636
540,176,Laptop,macOS,Edge,False,d5d550f02cc41db5c96b146551e6c3578c62c00b28319b7f74e07aae7968bf8a,2026-01-26 20:41:40.054644
541,554,Mobile,Windows,Chrome,True,67bdd4f22905f8f6eb1efb86d35ca451ea72586cefffb014de4f8380f54c9427,2026-01-26 20:41:40.054653
542,483,Desktop,Windows,Chrome,False,a1e4ac6361a350a81fbc012255fcdc3859fdad700fdcea6b9cf217a73d6ccc3f,2026-01-26 20:41:40.054662
543,56,Laptop,macOS,Firefox,True,40ddadd5e93f1937b9c2992fcd75d7623642bd151bf66c7e4f094c0c1d529a48,2026-01-26 20:41:40.054670
544,722,Desktop,Linux,Edge,False,351ea98a19dd8985c52415c744731cfe56467520e7c2f1f3d35567b8fe68cb10,2026-01-26 20:41:40.054679
545,632,Mobile,macOS,Firefox,True,b6ab4a7564facfd56da9c35d4e0e3ae5faaf7c37764a5469dd7ca1fe166881cf,2026-01-26 20:41:40.054687
546,731,Desktop,Linux,Chrome,False,99fb1ad6928b8848a543e55568fc42b5f4f58c570754aec70e4ee8d13cfc43a9,2026-01-26 20:41:40.054696
547,582,Laptop,Windows,Edge,False,88cbe6ae0d600d90da934da3502a64a199dca9c004d262cb86acbe9cbeee15ce,2026-01-26 20:41:40.054705
548,100,Mobile,macOS,Edge,False,cc92db6cd68eb3f6a2fcadacc3c98fe20a8ab2c944459e5865ab6c540d304571,2026-01-26 20:41:40.054713
549,482,Laptop,Windows,Chrome,False,c9eb09877421970516d6725aa6a2e3416982fd8f36c531fd5faaf76ac919ef8d,2026-01-26 20:41:40.054732
550,935,Mobile,macOS,Chrome,False,212c53f48eba9dc19dcfd764599c6c7167a618285fda5a1a18163e9ecb7730d0,2026-01-26 20:41:40.054742
551,808,Mobile,macOS,Firefox,True,e047417d1aacc566c2805430d4c26cdaf01702dda7fd328c1231464ded727989,2026-01-26 20:41:40.054751
552,67,Mobile,Windows,Firefox,False,1915d8a01ef1bd487c7d630228bb626fb7d431ee2bd4c7ff0911cc550f4b19be,2026-01-26 20:41:40.054759
553,473,Laptop,macOS,Firefox,True,2195f2683f674d40346e5e311d6fe0dfd40d5b0427e7021e4be9f15421aecc1a,2026-01-26 20:41:40.054768
554,521,Laptop,macOS,Edge,True,ffd006e96c923db4fd7553a8c134259dfdb89fca82e24283605e1e36dbfd297c,2026-01-26 20:41:40.054777
555,334,Desktop,Linux,Chrome,False,04c0d007cbcf427b177bd624b4c594fdf04c522f4a5883c207c00b79c3aa8de9,2026-01-26 20:41:40.054785
556,546,Mobile,macOS,Edge,False,8383cb65992bc9866998655b6a2036d703b644f5e9e4d5a265570b1b35919e91,2026-01-26 20:41:40.054794
557,245,Desktop,Windows,Edge,True,05b700a8d7d7fe6f9912052128a3e7a73a65a1647485a609f0ce55666746586a,2026-01-26 20:41:40.054802
558,998,Mobile,macOS,Chrome,False,95bd7ab2b95bdcc74700d51f82a758c5c5c4397b82c2d5d65ddeb61ddb74585e,2026-01-26 20:41:40.054810
559,214,Desktop,Linux,Firefox,False,24b275214d45d45c4fa9009eccb64b06496c366d3aa8953d72b02f1a5e1b06f0,2026-01-26 20:41:40.054819
560,581,Mobile,Linux,Edge,True,f7f7a82adaeb99db76579fe9f09a9641ce0e23bd7e036d78caf571fbf5ec6f97,2026-01-26 20:41:40.054828
561,178,Desktop,Linux,Chrome,False,a6ee38e6b673c16e2584681692290ee2753c8241fec1a3cc4409f61414a73cff,2026-01-26 20:41:40.054836
562,118,Desktop,Linux,Firefox,False,c66cc47cc2ae9798831ca3edc1f485676ef8cecafc06465a347512fb5a3eb26f,2026-01-26 20:41:40.054845
563,569,Laptop,macOS,Chrome,False,9e73bf8dc8a7c7be9c11b7ecc1db478d9ebbb5bbc2c261c1f0e5d48cf0cafdef,2026-01-26 20:41:40.054853
564,979,Mobile,Windows,Edge,True,623c35d437dda58cc33514e45c345280a69510f6b18cbf1397b3d145c02203d6,2026-01-26 20:41:40.054862
565,702,Desktop,macOS,Firefox,False,7dc94ea5d4a4aa1b646614322c8a7a88fdc0adb7eb71529d637ad665524e202c,2026-01-26 20:41:40.054871
566,661,Desktop,Windows,Chrome,True,082e1c8f6721355a2345f519461e8085ff3097229b52c5669a48d24d7b2772e3,2026-01-26 20:41:40.054879
567,837,Laptop,Linux,Edge,True,25dd9e243b97f22acb9a5f85b74f67956b73b9df130d969a2229ecf05a5cf452,2026-01-26 20:41:40.054888
568,776,Laptop,Linux,Chrome,False,f43839a97472d13404cd8b3c3b424e07d4c42950ce8d378836996e270d25b0c6,2026-01-26 20:41:40.054897
569,545,Mobile,macOS,Edge,False,1794343506356e84b9c60c7b05949b2cc16740a4aafd6e182b476155d2a42cd9,2026-01-26 20:41:40.054906
570,201,Laptop,Linux,Firefox,False,a7ae9f41f84e48881c119ced9d6c90b3afc212acf3ad4099f1725ce93680cf97,2026-01-26 20:41:40.054914
571,584,Desktop,macOS,Firefox,False,516dfc44bf8abf7aa535bc52fb5ec723f95103338ae7ff2b15a0b3bb21f2d11b,2026-01-26 20:41:40.054924
572,92,Desktop,Windows,Edge,False,399ffe26a79363917cc74b711c4a0a6addbb1d12880fbc4e33bbac5298dab3ff,2026-01-26 20:41:40.054932
573,868,Laptop,macOS,Chrome,False,e97878e3e3cb5cb59d4224b454211f5aaf71bb2b2ba4c61925e09e3e5a009169,2026-01-26 20:41:40.054941
574,923,Desktop,Windows,Chrome,False,bdcf85c8e9474a9c3c98f4b3679bd2d8fc5f99edcd800223ab8d908891a9c218,2026-01-26 20:41:40.054950
575,113,Mobile,Windows,Chrome,False,44bfd424376726460f74e8423c1c1ff256045c15c6e80fb7ffc3347ca7c997a8,2026-01-26 20:41:40.054959
576,720,Desktop,macOS,Edge,False,2c786b475ac9911cb6a9079ec291b182bccb77aa60ef49be443ef6ad092ec196,2026-01-26 20:41:40.054967
577,729,Mobile,macOS,Firefox,False,6b40b400914d70bee03cab1021574a00dc89ef16a03232d451187853abb7855e,2026-01-26 20:41:40.054976
578,559,Laptop,Linux,Chrome,False,f22a13b0170d11b5182a3aac08a221d74fe7c3e679009600c5776b737f705967,2026-01-26 20:41:40.054985
579,143,Laptop,Linux,Firefox,False,f9ec61c15e6064381bf27353dba189fd4bc1490e88866196698d19528f1b1b99,2026-01-26 20:41:40.054993
580,861,Mobile,Windows,Firefox,True,bbb4812c4b56f69529f5c2f305666e4de81d0934dd06125f38360c07c8f1f503,2026-01-26 20:41:40.055002
581,138,Laptop,Windows,Edge,True,3f24dfcfcfc4cf9994523491e8fa3459e3414cd74dd2a9fc0586631b9c83c8ff,2026-01-26 20:41:40.055011
582,148,Desktop,macOS,Edge,False,ea43f7f7b737c8912782b0de2ec3be4ea6a47ee91dab1f320a77e30da5199e5d,2026-01-26 20:41:40.055020
583,999,Laptop,Windows,Chrome,False,3834e606fdfc0cd3786c2526f390ccae823ef052c18f7c10865aec56fbdd75ce,2026-01-26 20:41:40.055029
584,881,Mobile,Linux,Edge,False,7fd6439e8af0b91810d631e01a45839732cddc8bb60e58395808a6ffb6aff828,2026-01-26 20:41:40.055038
585,639,Laptop,macOS,Edge,False,885f63d2c4af17f1bc0fd80b77490716bd940812eb7b7c66afc74c6cf611d48e,2026-01-26 20:41:40.055047
586,566,Mobile,macOS,Firefox,True,a6e15e278ace27ab79509dfa5d191df3ac05b75f55122f9e932508308c96c92c,2026-01-26 20:41:40.055055
587,191,Mobile,Linux,Chrome,False,0b971d5a5a0a24df3ec534fcf35798e98fefb8ff47cb1274a4dca41e44daa4b1,2026-01-26 20:41:40.055064
588,868,Desktop,Windows,Edge,False,6e15165c61ed7fc4307ad051fdf95f1b4d23d20732cdee2a39ce623b351c75d8,2026-01-26 20:41:40.055072
589,421,Desktop,Linux,Firefox,True,0ce92239322363c0b4667bfdc3bbe190664dbfb0c884e36c0b6c4d7453ba3b06,2026-01-26 20:41:40.055081
590,39,Desktop,macOS,Edge,False,937448711c9be23d99263eedee77daf6e9a462b5e88e30cbd09d35483a064cd3,2026-01-26 20:41:40.055090
591,116,Desktop,macOS,Edge,True,142f1c9e2b9808304b38b212e61a8524b4cd5312090327b404cc90ddad992781,2026-01-26 20:41:40.055099
592,146,Desktop,Linux,Edge,False,d8c0a7d5795f6da7c48999c202284d0d639000442e331507ac29accdcad1dc40,2026-01-26 20:41:40.055108
593,477,Desktop,Windows,Edge,True,9c07664dfef1afb17a0b64280d10e225c3c36d768c8dd0c8dc9945b8705a7d35,2026-01-26 20:41:40.055117
594,252,Mobile,Linux,Edge,True,ff68b0041e61e50ad091f09a6f18597e4fdca1de0df3d29e2cb4ae420b358493,2026-01-26 20:41:40.055127
595,701,Desktop,Linux,Edge,False,863a38c34eea7c330fda25e2b8c2a10296499e944574b4c64bc2686a174ae601,2026-01-26 20:41:40.055136
596,628,Laptop,macOS,Edge,True,b636fb6e97f8be74f88ff89e82bece2ee10cd76af48069d353557753f9072db9,2026-01-26 20:41:40.055144
597,481,Mobile,Linux,Firefox,False,5a49cbf1298a44714bb0a9626b20f2a85d62b2e208f2e48afdf1191e0100a9b8,2026-01-26 20:41:40.055153
598,432,Mobile,macOS,Firefox,True,20781db964db6c74514ba89e2d6ddf8e5e4f4bcf594213cf2ba2ebce0627fbfd,2026-01-26 20:41:40.055162
599,37,Desktop,Linux,Edge,False,d84a94d95add1d747181f0790eb2fa78b61513cf7a5a50002279bd57f81143c8,2026-01-26 20:41:40.055170
600,745,Desktop,macOS,Chrome,False,886dd4a3083c8cdaca768f4a8b3e776b36b5706dba166e969e711df17b26b4a0,2026-01-26 20:41:40.055179
601,593,Laptop,Linux,Chrome,False,36a72886dd93ff7e2768b8d0a0ef01a14313ae1be6d46eddbddee3916c8cd377,2026-01-26 20:41:40.055187
602,829,Desktop,Linux,Chrome,False,a672472d7b0c112f77786ffceabfead5a58d5ba8458d5a71644ef6e54ff107cd,2026-01-26 20:41:40.055196
603,497,Laptop,Windows,Edge,True,0e7bf4a8363373e5088a3dc4c2e6e9019167076ea9a5ebf59eecf31a9a3307d3,2026-01-26 20:41:40.055205
604,872,Mobile,macOS,Chrome,False,90c727c9c196539b2304896906248ae3b924ae738652ac9de5218343d7e48f8e,2026-01-26 20:41:40.055213
605,282,Mobile,Windows,Edge,True,fc27d6d1bdbffc83b36db8ddc3a6a7066cc4d54dc35b87fa28ebb12c36546a21,2026-01-26 20:41:40.055222
606,619,Laptop,Linux,Edge,True,85c4c84dbd74f29b3b3e1dcdb5d3331294ece66d48bebb63a63bd02f56198eca,2026-01-26 20:41:40.055230
607,675,Mobile,macOS,Chrome,False,a57bb5bd22e520de8f1ddbe8ccd49fc225003cfce1bba5979a641576fa101839,2026-01-26 20:41:40.055239
608,802,Desktop,Windows,Firefox,True,6198451b69f5c41e1579332c7d6d75840030bd00d50bcb1098925f542a5edd8b,2026-01-26 20:41:40.055247
609,819,Desktop,Windows,Firefox,True,aa4281f2ca1b74b72c23166bc8c50371a89e195866fbd485d2c89ddd5d3d076b,2026-01-26 20:41:40.055256
610,991,Laptop,Linux,Chrome,False,0230ef57cbf85988a46a3028b2e77e739d970e0dd7f23f05bf437b64363fd7a4,2026-01-26 20:41:40.055265
611,771,Mobile,macOS,Chrome,False,dc5e06837bb79eb941892dbe2298601cfabad598e7bae162957112f21eb37915,2026-01-26 20:41:40.055273
612,744,Desktop,Windows,Chrome,False,351ae06198379387336d2c1ca5de24a0e8845d3e9c0b4d12a9b561efd4de3d48,2026-01-26 20:41:40.055282
613,56,Desktop,macOS,Chrome,True,b5a5a376aabb72625681b80ff114be909f63cf4463757d8019bd39bbacc49a97,2026-01-26 20:41:40.055291
614,172,Mobile,macOS,Firefox,False,1e3a00b5cc640d749eaac3eba1418b0ba2533a8c33befd49c7d461e1610e7e32,2026-01-26 20:41:40.055299
615,488,Desktop,Linux,Chrome,False,af01ec329f2e604c41e05476b7452e8e436e500444e09c64ab1ddf5745bb2a76,2026-01-26 20:41:40.055308
616,700,Desktop,macOS,Firefox,False,28dac7bad6a694cc26ce77dd5ec1212b1e728b1d85779fd7394673144f3a35d5,2026-01-26 20:41:40.055316
617,149,Desktop,macOS,Chrome,False,ca78c76ca8c69a2af7f582d9835e8cf643b47f8bf2b8534eb290088abe244a83,2026-01-26 20:41:40.055325
618,950,Mobile,macOS,Edge,False,4de3d0320120e56cb47ceaf83b3ebc89d05e95dbba6fdc7d42d7ccad7697456e,2026-01-26 20:41:40.055334
619,985,Desktop,Linux,Chrome,True,1384f59d7110a42a0c60158dbc6ec70f33d89cf21af22dc74008317671bbe4c4,2026-01-26 20:41:40.055342
620,940,Desktop,Linux,Firefox,False,02d28ffcf51200388d236d35d9b9655cb2c14089ca788f4db021c3340bfc1498,2026-01-26 20:41:40.055351
621,626,Desktop,macOS,Firefox,False,d2c4188975ee561eed14698bf399efa748f59152610c3e4ade641efe19a226dc,2026-01-26 20:41:40.055360
622,274,Laptop,macOS,Edge,False,178ab91ba58feef4d249ae30fa8f683a3e4d67ff5b3174fa68749051cd229d66,2026-01-26 20:41:40.055369
623,473,Desktop,Linux,Chrome,True,7476b6ef63f9782de88bfbd0e6e2a33915eae410633a9209295a0de423b5cf8e,2026-01-26 20:41:40.055378
624,533,Mobile,Linux,Edge,True,a0e195cadf089a59e35ab56be4cfcdf2ce24a9283189461786f49a841e2ab04d,2026-01-26 20:41:40.055387
625,321,Desktop,Windows,Edge,True,54eec3fc6c496d3464bea36fef17c986eefb7c247ece05ae76b7bea645068142,2026-01-26 20:41:40.055395
626,852,Laptop,Windows,Firefox,True,c79571e48ee18307f5c723c38a4c0d38736dc530b2fa32b337a78ea01fdfe0b9,2026-01-26 20:41:40.055404
627,538,Laptop,Linux,Firefox,False,e7967e1bd76d58fb660572b9d30860114fa13482085570aca571bb5c9aeb8ae0,2026-01-26 20:41:40.055412
628,225,Desktop,macOS,Firefox,True,69a87749c4389f2bd34542021a8b5b3d558cc4d4d657012babb9a3627a383976,2026-01-26 20:41:40.055421
629,35,Laptop,Linux,Chrome,True,e9d61b82034a31e4ef4edb64c5784e56df081969c363e168d57b899f67d0cf42,2026-01-26 20:41:40.055429
630,962,Desktop,Linux,Chrome,True,1005716dcab35c36b550a1aa0841b2c62171ac94e8e8514d56d8990dae670f1c,2026-01-26 20:41:40.055438
631,726,Laptop,Windows,Edge,True,ea0ae7cd67908ca8df13167d5c9c75efa761a536c3126c7a00b70e09b670ffeb,2026-01-26 20:41:40.055447
632,385,Desktop,Linux,Edge,True,6dd132f2b84dd535889b08313376d0c6237f36065898540169591e0134627b2f,2026-01-26 20:41:40.055455
633,918,Laptop,Linux,Chrome,False,7b81c072b0f680141e09df729773eccb81640346e840b0267ef57deaacc3382e,2026-01-26 20:41:40.055464
634,302,Mobile,Linux,Chrome,False,cab278e410f9cba4c4e3e1a650bb7ac6190b2838ca3383549355ab3fd16d0058,2026-01-26 20:41:40.055473
635,945,Mobile,macOS,Edge,False,c179ce17542eb828fd5b0c41342d5048ec71dee06adbd07b6f1ef71332db832f,2026-01-26 20:41:40.055482
636,264,Laptop,Windows,Firefox,True,8c23da3d10976b74366353a82c22db0f1f669e25b1fa229a49874bb97ba3bcb5,2026-01-26 20:41:40.055490
637,392,Mobile,macOS,Chrome,False,aeaad8d951ca054618c1cd68deec9357f8342c41f249b3edd98fbb00eced834c,2026-01-26 20:41:40.055499
638,979,Mobile,Windows,Firefox,True,385026b95180c41f0460a73dce885b25d06fc34986b1cbd2848d981e42669520,2026-01-26 20:41:40.055507
639,504,Laptop,Linux,Firefox,True,9666d9b67af7953060b587ca1d292fae9da4c04fc53bedc869ba2d92b51e9a36,2026-01-26 20:41:40.055516
640,661,Mobile,Windows,Chrome,False,d29623a7649c20693cf7a4571bd98d8145db61947fd85fe22113cfe8b71eb435,2026-01-26 20:41:40.055525
641,224,Desktop,Linux,Chrome,False,895017beac8d5c309c33a8fd17da649d9711f9aa509f0aefdf8325429d284870,2026-01-26 20:41:40.055533
642,733,Mobile,Windows,Chrome,True,83c873eafe1839250aae2c7b7314d129e4e5eb132ab92a1a057e909b64bff919,2026-01-26 20:41:40.055542
643,73,Desktop,Linux,Firefox,False,7a762075de9c312547a43eb243c2c664f8daef305a9a814cbbe09f71e2ad3e80,2026-01-26 20:41:40.055550
644,20,Mobile,Windows,Edge,True,73b9798301821c212ec9b21652a33ec515b6621e768a6a4f199d61431a96fae2,2026-01-26 20:41:40.055559
645,956,Laptop,Linux,Firefox,False,8ef55592dfba0822f6612555b3aa1139d2a82f8e7e9d22f5a853e596edfaff35,2026-01-26 20:41:40.055567
646,156,Desktop,macOS,Firefox,True,023d007098e59eaa68b2bc016719acb74bfb16c7325d86ac2e2bfc106fae56b8,2026-01-26 20:41:40.055576
647,528,Desktop,macOS,Firefox,False,3a4ac85185f7a450be323527d536e128fa13863d291ab1fe15adf2a2e5ea3c89,2026-01-26 20:41:40.055585
648,414,Desktop,Windows,Edge,True,d9d02a3ad6f9a306948e1f4896b8107f826d9083aa971321afea0b09847c3cf0,2026-01-26 20:41:40.055593
649,4,Mobile,Linux,Firefox,True,07e4b1d318bd65b12e1a0da653d2cd58ffd0bce6f7b9815dab558e1bcab7d823,2026-01-26 20:41:40.055602
650,581,Desktop,macOS,Firefox,False,7d08b865e55a239c092d055bebc533e4957c137921dc2578c406102a29abf471,2026-01-26 20:41:40.055610
651,411,Laptop,Linux,Edge,True,27d4a8c3220aebff018299d407a209bf1a969cb1de34240021336d1745677a4b,2026-01-26 20:41:40.055619
652,375,Desktop,macOS,Chrome,False,bfeb7f8da8cd79eeb930751bac92bbfd6c66016d310465d35342dfbbec6cdf1f,2026-01-26 20:41:40.055628
653,779,Mobile,Linux,Chrome,True,a17ee9fa4c976078dfcf5c05a9da84509187fe33cb94ca7388d83c6bff64c952,2026-01-26 20:41:40.055637
654,568,Laptop,macOS,Edge,True,6274b24dccbf152a5cc053a58c80707f53d0fc061131ef93ed4f04ce7e1adb18,2026-01-26 20:41:40.055645
655,307,Desktop,macOS,Chrome,False,4e396c6d142714615d296447bc5e4caa7b677d3f2d69446691b3c3e61d70f604,2026-01-26 20:41:40.055654
656,499,Laptop,Linux,Firefox,True,8a8876cf66db8635f415db3e7ac3635382cf7ddd92ea8dfa2036481a0a5a6703,2026-01-26 20:41:40.055662
657,144,Laptop,Windows,Chrome,True,99b26d6fc716b187736e2498242acc03a850cf0e224939a1f787620c62750078,2026-01-26 20:41:40.055671
658,501,Mobile,Windows,Edge,False,99c57abecbdee69ea571ede9d35cdea3aa8b0348d58b70851fe7d3fc30a0e587,2026-01-26 20:41:40.055680
659,512,Desktop,macOS,Chrome,True,53464be5ee0cf72abcfe7ccb42b44e0cdcead1fd6470b2f44d4603d3318f0dd6,2026-01-26 20:41:40.055689
660,348,Laptop,macOS,Edge,True,d71e7989d73a964d2eaffff97ce5343086d42152049e76480663e4627c619f6a,2026-01-26 20:41:40.055697
661,416,Laptop,Windows,Edge,False,0d9ab0f32e1ddff6051054b336cdf3c76a041de34fe402f16d305e0bbcd3aacf,2026-01-26 20:41:40.055706
662,963,Desktop,Linux,Chrome,True,dbebcba61f4f0bcc8f0296d6778d2f5aa7fc970e908359916357d36c4d07dbef,2026-01-26 20:41:40.055715
663,948,Laptop,Windows,Edge,True,384e26f4a9e09163645fcafd4822ae0f7c7f9a53480c60a99741c0c29d76314b,2026-01-26 20:41:40.055723
664,501,Desktop,Windows,Firefox,True,fd351ba9e43db911fae303d3f202583d7d52f0a7a42a322cc08951175e7cad17,2026-01-26 20:41:40.055732
665,249,Desktop,Linux,Chrome,True,b037eccbca997dc6c57bb95026729eb40ffcbf84b1daf4f4089af7ee8494e478,2026-01-26 20:41:40.055740
666,177,Desktop,Windows,Firefox,True,92978dd874a86c7c2686cfc6affde80f65fd934c27ae02a4a4a6d145f4768ef3,2026-01-26 20:41:40.055749
667,468,Desktop,Windows,Edge,True,930eb095ad9be51f864c14dc7c87bc18c1ffb64622ec9fe3837edebfaafd650e,2026-01-26 20:41:40.055757
668,838,Laptop,Windows,Firefox,True,97acbe597719c9222f122f1c7915af1c2caf974d8ea87b7d90d576602e3582e5,2026-01-26 20:41:40.055766
669,65,Laptop,macOS,Firefox,False,9d8a2ff445a502a4227b1d618540eb84fd2e8614e46f748f543d5bb9e657ce0c,2026-01-26 20:41:40.055774
670,333,Laptop,Linux,Edge,True,a2bfe78036366ffd398038c5a2f5debfff0b9069e7645e37f7ed2f3953bb824a,2026-01-26 20:41:40.055783
671,330,Laptop,Windows,Edge,True,b0eec64a12b28242c7bfdbdd0e99bfc9795dc484a2cd671b3c7ec4f81229db46,2026-01-26 20:41:40.055792
672,344,Laptop,Windows,Firefox,True,e5b39d1155fa5484999b2c3068790cdeb3f72926132f2cae47ce6ce241267858,2026-01-26 20:41:40.055800
673,776,Mobile,Windows,Edge,False,6f51d640a04c68b92f2d1296f5e3ef4574b6811b3c419807b46a8e24b4807cac,2026-01-26 20:41:40.055809
674,567,Laptop,macOS,Chrome,True,79a18ae31b9a2612934193f8eeb972d1e828586a9f9b30d44d08cea86f3191d2,2026-01-26 20:41:40.055819
675,137,Laptop,Linux,Edge,False,1b0e43d316098028d1d03afafbb7b5dba2da4f30a855458c5d29172219d9b67c,2026-01-26 20:41:40.055827
676,797,Laptop,Windows,Firefox,True,f29e2252add49130a5dff183efe23bf5b7030ee576abea374024eb2fd7816a63,2026-01-26 20:41:40.055836
677,7,Laptop,Windows,Chrome,False,e3eb4729e4cac4101d8eb249f710040e22649b4b3f79734af1f016de41146739,2026-01-26 20:41:40.055845
678,427,Desktop,macOS,Edge,True,84e31102b6fb6367acf4df89ad0af1d65605315238ba32b63fec6af7ab0260d7,2026-01-26 20:41:40.055853
679,212,Laptop,Linux,Firefox,False,c8c6e2aa23616e952c489e1f518c3641059ea21e4d8517cebdec7ea71c56f46d,2026-01-26 20:41:40.055862
680,422,Laptop,Windows,Edge,True,272d9e0e460b2ba0a95b8b5695d6f5d598f63f62b98f30efbda65acf48017e1a,2026-01-26 20:41:40.055871
681,611,Laptop,Linux,Firefox,True,63ba0ad8798f11e76747d09bbe7ca0d7245f276cae2f0569974634b5d37c49d6,2026-01-26 20:41:40.055880
682,643,Mobile,macOS,Firefox,True,5bb7dc4d0231f1acaaf400205f3c9e3442eb58def57ae3c06e98e2ad3e02975e,2026-01-26 20:41:40.055888
683,572,Laptop,Windows,Chrome,True,a354d35ce7d53516cfb72ea0c7ab4c95a3ef3e9e27093c572276ab54e67b8c94,2026-01-26 20:41:40.055897
684,634,Mobile,Linux,Edge,True,65df5885be3d01c69f0ff30427e195bd0f2f6be9800dc2ed5d495615631c8c97,2026-01-26 20:41:40.055906
685,476,Desktop,Linux,Chrome,False,1f5bf4c333610fc2dc20a7697e51bd398856501db5f72bc3d422da43c075405b,2026-01-26 20:41:40.055914
686,55,Laptop,Windows,Chrome,False,b8187595dc9e16f5bc5cf439d7fc1623e2c83e4fdf34fbef51169870d196eb1e,2026-01-26 20:41:40.055923
687,510,Laptop,Windows,Edge,True,f7a52bc2e467f6d1fbaa19f5c7ea18a6673d99c6a4ead6dd48e64b503dc9cac8,2026-01-26 20:41:40.055932
688,56,Desktop,macOS,Firefox,True,b55351d0c9fc4502c18c36f4fdd59e4e67ffc85b0e327f2d842f972a5d8c6f4a,2026-01-26 20:41:40.055941
689,446,Mobile,macOS,Edge,False,86675f04563b24efc97c1b13b80b2353df3baa58a22c6baa2dd5f6f24797e962,2026-01-26 20:41:40.055950
690,45,Laptop,Linux,Chrome,True,d21a796a0d6673a11e4cffb162120113d3b6015d2c6cbf216c33b5940a382ccf,2026-01-26 20:41:40.055959
691,162,Laptop,macOS,Edge,True,f57cd412cad343770671e32b07529895377212946a6192e9969441da0797b95b,2026-01-26 20:41:40.055968
692,73,Laptop,Linux,Firefox,False,c0a3f0bb5230e43e5d1ae8350b1dd1cd177841a80fdf2b9b80eb71a4a640d6f4,2026-01-26 20:41:40.055977
693,430,Laptop,Linux,Edge,False,88e1dff224bcbc0d7934c736c651875251e0b6628861f0a3e2abf24c0f76c87d,2026-01-26 20:41:40.055985
694,236,Laptop,macOS,Chrome,True,1b2c6f154c2275ae1860042f2412d920d5b1975cb5e6736c8c756a59f57232b8,2026-01-26 20:41:40.055994
695,243,Desktop,macOS,Chrome,False,15153d85c67c3c901a5cb579d0333438132e4fc57b09b3eddc8546af561c3334,2026-01-26 20:41:40.056003
696,913,Laptop,Windows,Firefox,False,23d61217c7122277079e84941db67095015646eb67d2a92c96a44f4ba3db61be,2026-01-26 20:41:40.056012
697,56,Mobile,Windows,Chrome,False,1125167b21d382af5a4c4d7c64414cb811b697b8b117d187cc448dd30c83c97d,2026-01-26 20:41:40.056020
698,183,Mobile,macOS,Chrome,False,862d313acc66f51770e2c5337244316ea4c17a8f0860d394ddaf21b5968577fa,2026-01-26 20:41:40.056029
699,738,Laptop,Linux,Firefox,False,52a0eddba1b6e3f02739071134f90f419e54472bda8a79d3a65818d610228c3d,2026-01-26 20:41:40.056038
700,208,Mobile,Windows,Chrome,True,5887b0970889930d3e249791182432fb32c2dd96e204f81dfd84f914e4b8f93b,2026-01-26 20:41:40.056046
701,288,Laptop,Windows,Firefox,False,348f1ac3e626576beb0e368e441b119e178b752736e2bf1431a7ade065502ba4,2026-01-26 20:41:40.056055
702,429,Laptop,macOS,Chrome,False,e85e158d42c0f68a358f3ea9ef834f4fd069863fb6b504e48afe69c1c3335b45,2026-01-26 20:41:40.056063
703,619,Laptop,Linux,Edge,True,1fcbc33e048d4eff514d3fbafcbe394534cb72e1b9791ed17fc105e25a09f196,2026-01-26 20:41:40.056072
704,592,Desktop,Windows,Chrome,False,d832e6868cd0f88e006eb921f8a8a1b21eec836b8d73271cc71e8d20c667acb4,2026-01-26 20:41:40.056081
705,878,Desktop,macOS,Chrome,False,a4851c5a54b1e10920d17cdd7fe25409dcdd86f66aa4f83041b08a3ca5e26d11,2026-01-26 20:41:40.056090
706,858,Mobile,macOS,Chrome,False,4578300bea52ec32abe4d28bb7ba7c1a6c80f55a9f6f210c460c0c7a80bc3f41,2026-01-26 20:41:40.056099
707,754,Laptop,Windows,Firefox,False,43cd5b379bd852a8218d069e880c15450498f8773306c52f400ac713826c0bd6,2026-01-26 20:41:40.056107
708,594,Laptop,Linux,Chrome,True,05bd7946b119ae6244633404fb33f457c21e51f0189240ad4b41304302ed72dd,2026-01-26 20:41:40.056116
709,428,Laptop,Windows,Firefox,True,3067cb6ce958669dcde6841753208b6e39fd00804b01e24f0c646a2f4c5fa70c,2026-01-26 20:41:40.056125
710,436,Desktop,macOS,Firefox,True,d939445f8477a959a57d4b83cf5178d4cda872948dd89bc728eb34bcd443669f,2026-01-26 20:41:40.056134
711,464,Mobile,Windows,Chrome,True,002c740b55a883a44dc2bbc88535ec924e00140210cd76ddf0f85cc7e090515c,2026-01-26 20:41:40.056142
712,710,Desktop,macOS,Chrome,True,7c6dfde77c491f95876669de8a439ac38275303b328d88d7ca536e116e90c20a,2026-01-26 20:41:40.056151
713,368,Mobile,Windows,Edge,True,df7f30b45cef9f7a2c11f173a80b05b51c366e8a6ce2e4112131cda0cb0268c0,2026-01-26 20:41:40.056159
714,17,Mobile,Linux,Firefox,True,1b1842e63e91312f2d28c12aa7f23346ca0de591f9983068e3ec82ab66834fda,2026-01-26 20:41:40.056168
715,721,Mobile,Linux,Edge,True,3115db4672b82a77fff832e4ecc542fb883dac4264f29184a442e344a69a76fe,2026-01-26 20:41:40.056176
716,1000,Mobile,macOS,Chrome,False,62adc50391aff5a5445dcb20f6399de0b792d7d9e61039647921adfa0e00db58,2026-01-26 20:41:40.056185
717,190,Mobile,Linux,Firefox,True,2eecf4a91b3f0597f80d0ab76c09d5e3cd794dea1093bc86ce6e37327357a233,2026-01-26 20:41:40.056194
718,882,Desktop,Windows,Firefox,False,a9e65e73180540ffe281547170d77964f5f8b2bc1abe4a7d840681d78dea1da5,2026-01-26 20:41:40.056202
719,544,Laptop,macOS,Firefox,False,813ef5af69be948824b9cb8418a4db814f090d9e00ca797b121d4588a2e93ed4,2026-01-26 20:41:40.056216
720,715,Desktop,Linux,Edge,True,ae01de1e711f0741e0dad65da62c219d0927cec21257067ebd208afd0241593c,2026-01-26 20:41:40.056225
721,807,Desktop,Windows,Edge,False,814817f28023d5468fa2d3c912f0343c0491b870f6072de107f82346386ffebd,2026-01-26 20:41:40.056233
722,754,Laptop,Linux,Edge,False,1258f99e93c212ae0fd0ceb3dabc6509ebb7144044c7ad8ebfd1326d42dd429f,2026-01-26 20:41:40.056242
723,910,Laptop,Windows,Firefox,False,5131532f7791a63195a3855c254e594657ab3bcc596f7f83c89d858c2ed6acfa,2026-01-26 20:41:40.056251
724,477,Desktop,Windows,Firefox,False,40728e8aa4fd3f2eb19eaa0b424fc0f4257ab9a4ceb0f20331d4fd75654d26dc,2026-01-26 20:41:40.056260
725,180,Desktop,Linux,Edge,True,358c3fceaf6abb890f6dd934fb32450a90c850c34a174f01fc5a02117d371178,2026-01-26 20:41:40.056269
726,575,Desktop,Windows,Chrome,False,9c2443ca230abc8ff0fc9d7863f3ca1cd627f7b9e7930512fcecb4a090dba2bb,2026-01-26 20:41:40.056277
727,245,Desktop,Windows,Edge,False,914e6fc95182543d335f7f41671d733e3e53eced0b6e1692851becdf61fe5e9f,2026-01-26 20:41:40.056286
728,756,Desktop,Linux,Chrome,True,6f791e7539a1cea56f2d179a74b6620276095fd31fd3f2c6580c6bd068ca2dcc,2026-01-26 20:41:40.056295
729,329,Mobile,macOS,Edge,False,87a5852e97750f00f4a4b932de819d4f9528cb4f7f82bd0a68ddd42632ff1675,2026-01-26 20:41:40.056304
730,284,Laptop,Windows,Firefox,False,3b9615af051dea60f631af9dd8acedc75bd20bee9253ca8cdd8165c34bcd0e5b,2026-01-26 20:41:40.056312
731,464,Mobile,Linux,Edge,True,48718df1ed7e0121c18ecd642c520168b6a68a5902a1a6822b68847d33610eee,2026-01-26 20:41:40.056321
732,482,Desktop,Linux,Edge,False,8753c5223a0d51338b2d2d8be099b5ae6cca4d80cf5f553fdeb77bc892858335,2026-01-26 20:41:40.056330
733,463,Desktop,macOS,Edge,True,1f093b28c3485ebaa96e7c3fc6d3b4ebcada541203d65e0a738ced6aa43c6f98,2026-01-26 20:41:40.056339
734,193,Mobile,Windows,Chrome,False,ab4cb9cd30fa3e2e58d95c8f5b090807bc811b238e5dd04cf96ccd92d0a2cc98,2026-01-26 20:41:40.056348
735,920,Laptop,macOS,Chrome,True,1379c3acd4ab6c98f5d3b68386da453e92c6d35abdb2d8144b8aebcaf9537d21,2026-01-26 20:41:40.056356
736,169,Mobile,Windows,Edge,True,d930325e0295f2629d712ab98e4845fcf949278822fb17b52db21999dda143c2,2026-01-26 20:41:40.056365
737,509,Laptop,Windows,Edge,True,3a1b4034bf46cfd2a30f4c7b530525f55d58ca72461a483e9d4157dcb3f352f6,2026-01-26 20:41:40.056374
738,301,Mobile,Linux,Edge,True,ffa5225fd6c47805323568f6436d0175237448c1c79d92b9e000ece12e1bb7b5,2026-01-26 20:41:40.056382
739,486,Mobile,macOS,Firefox,True,789756ea9bbfcb0caea217d3e6b533c9f3e9665ce6c4370cfe064f3f218e8dd9,2026-01-26 20:41:40.056391
740,299,Laptop,Windows,Chrome,True,69f6b27f7a9742501713a90e77ff149598cd6144b24d198de145fdc696371d60,2026-01-26 20:41:40.056400
741,855,Desktop,Linux,Firefox,False,955d414b3a2ab016c2505635b3118c5aa46b33b844e3ecf89c34e034c67f880b,2026-01-26 20:41:40.056409
742,593,Mobile,Linux,Edge,False,d409ebd2087a92b1032a6dada37ceed097fd2d983f1f208fc2ab7f1ed505e4c8,2026-01-26 20:41:40.056417
743,498,Desktop,Linux,Edge,False,bf37d3da85885af5de42da23df62e9803b32f31ae0bb80f0824debad2a3f332e,2026-01-26 20:41:40.056426
744,469,Mobile,Linux,Chrome,False,98de254dcce2b8d3da6bd56eedaf7de5173b255dfacd3d34738fb24f46a13b98,2026-01-26 20:41:40.056435
745,176,Mobile,Windows,Firefox,False,547d38cbe4461536f4f7910ce5f6d7ed21df04e8cf105345b752c747a40487a7,2026-01-26 20:41:40.056443
746,995,Mobile,Windows,Chrome,False,fa02d15dbf403a1fd0661399584baa9fa3e073c6274e881c66e7c09e52834a13,2026-01-26 20:41:40.056452
747,292,Mobile,Windows,Edge,True,f52cf1e34c480ecf327e2fb88bf8b53633c2c59e5b1f2261ad56e8d783abf51f,2026-01-26 20:41:40.056461
748,729,Desktop,macOS,Chrome,True,9a5811953b3c75d5549a86df0041821d2337e3886973f670ce33616b07b1e452,2026-01-26 20:41:40.056469
749,860,Desktop,Linux,Edge,True,783cbe0033a94bbfc268be90e0922f1603a6e31baaabe4ddd6dc28037e9b59eb,2026-01-26 20:41:40.056478
750,166,Laptop,Windows,Chrome,False,95c76c1626afd3658103a687fe69334cfa9101c7de85d4b2684841ac57ee642b,2026-01-26 20:41:40.056487
751,589,Laptop,macOS,Firefox,False,881a3d9a3502f1101ceaf9d6c473056ad60a7028599037774f0ac2da6d08e246,2026-01-26 20:41:40.056496
752,189,Laptop,Linux,Edge,True,4f01c42a6a26f490cf89f162fdfab2992152f91e9fb00d35246724594510476e,2026-01-26 20:41:40.056504
753,682,Mobile,macOS,Chrome,False,aa141da6af3a70e3feb94a4d88471c74fbd406bd3669add9cb33cc10b9157dd5,2026-01-26 20:41:40.056513
754,460,Desktop,Windows,Edge,False,df534b4d4ea897442c50b883d8f310028257e57df57d37ca220d1fedce30210f,2026-01-26 20:41:40.056522
755,125,Laptop,macOS,Firefox,True,f294e8d9c712464403381db021570c87a3e57c713578487f846ef0de24cefb16,2026-01-26 20:41:40.056531
756,971,Mobile,macOS,Chrome,True,c0dc80576dc9e59fd99bc0dc3c4555fb9f9585e02df1d056e7d242cb2a81e5e7,2026-01-26 20:41:40.056541
757,994,Desktop,Linux,Edge,False,bbd7fb9cee44dcf02649a201fc2ca5b7a481910f84a340bc144789c156cc6b16,2026-01-26 20:41:40.056549
758,663,Desktop,macOS,Firefox,False,5ae2e5857996d9a50ba8970e66b1ac0dddf8fc9ee45f7c5ca90e07d98c98305e,2026-01-26 20:41:40.056558
759,993,Desktop,Linux,Chrome,False,3e62ae17f37630b0866f814cc83746275446bb3325e75c11c81be4e2113a9d01,2026-01-26 20:41:40.056567
760,347,Desktop,Windows,Edge,False,16e46c669efa692810f12e0cda4f2c6ece0a55457d730f961636c1e6f22ecaf8,2026-01-26 20:41:40.056576
761,922,Laptop,Windows,Edge,True,89dfde21cb93c919c0fad4bffa50c196780d942d7079d126d77bb80471b6be75,2026-01-26 20:41:40.056585
762,316,Laptop,macOS,Edge,True,32a836d034c840d5372d666f97022e2ba3009a3f2d257c1dc90210fa0e0b94df,2026-01-26 20:41:40.056595
763,457,Mobile,Windows,Firefox,True,43d43e1250a4f4132501ec645b3cc18416112c6432903c5fd341e2cd3e44ea77,2026-01-26 20:41:40.056604
764,623,Desktop,Windows,Edge,True,0f2a6d967994b5dafb4448aad6b2afd85c7431a1c32c99d2e3b07b49887cb9ae,2026-01-26 20:41:40.056613
765,801,Mobile,Windows,Chrome,True,8d46e0e1ae5d935a5494a9d6df1999d3f393456737cfdb565f66eb2b04654897,2026-01-26 20:41:40.056622
766,552,Mobile,Linux,Edge,True,7da113799372260236248f8686afb1dfe024053741c51b0b2b6ceffea0147d18,2026-01-26 20:41:40.056630
767,1000,Desktop,macOS,Chrome,False,0d7d46f8dc95e5860ea2f58433ca18dcae3727359a90e071d0033d1e971984b6,2026-01-26 20:41:40.056639
768,326,Desktop,Linux,Edge,True,b896917f0435279499640c46a4d5404da79125d18162c76cdaa6e51a6c81e053,2026-01-26 20:41:40.056648
769,931,Desktop,macOS,Firefox,True,bfd9f479d603176b96d62377a03fb6133c54653039f954ca60eb3a0458aa481a,2026-01-26 20:41:40.056656
770,734,Mobile,macOS,Firefox,False,629b9b8fad8501944180c65b55fdb69b53ba96663506195fd4bf207490458617,2026-01-26 20:41:40.056665
771,13,Mobile,macOS,Firefox,False,025e6effa92ff136c058d17d0ea1364d62af848ca1a82ab60b591d105f272cc3,2026-01-26 20:41:40.056674
772,457,Desktop,Windows,Chrome,False,7b7b1831086dce218fc97bc93f200550c8678b1e3cc39a520f347031e1fca5f9,2026-01-26 20:41:40.056683
773,760,Mobile,macOS,Firefox,True,4895212a0a4349c285bf8bbc2704811a5b2aead48fbb94d644ab7650d9bb6532,2026-01-26 20:41:40.056692
774,826,Desktop,macOS,Edge,False,cf8d8093416126ecdbd0927b9ce4caa288055b0fbfe11ad356dbff85a7998ea7,2026-01-26 20:41:40.056701
775,143,Desktop,Linux,Chrome,True,e37756e4e59f80ef86e3331b52711af40b2a9aedd32d05e520f715cf57002a10,2026-01-26 20:41:40.056710
776,213,Mobile,macOS,Edge,False,d7c9b6178756e4c53e87d6cb4611a4d041a55ce0c4ceca452b3a67b196d14014,2026-01-26 20:41:40.056719
777,68,Desktop,macOS,Chrome,True,05f78a503b697749dc9b4483f5b26958d46c6d661eb8a6f9c6213cd192737564,2026-01-26 20:41:40.056740
778,420,Desktop,macOS,Firefox,True,a2ee1ff68a736dcc6ddeb10b48a99eefa7556b16953efa00e4e4933c5ceb7b3c,2026-01-26 20:41:40.056749
779,570,Mobile,Linux,Edge,True,0451bad5b65ea4cb13c68065c84f257b7377a87c91eb787b4817cdea4972d31a,2026-01-26 20:41:40.056758
780,205,Laptop,macOS,Firefox,False,f9bed778b799fe0df5bda1b4e19dbe610bb1b448a429537c70736e150cb66e55,2026-01-26 20:41:40.056767
781,44,Mobile,Linux,Firefox,False,df627b99eb38be75818f7d0a26ee09c71f660ad9ecfaae7757c89dd489144aa5,2026-01-26 20:41:40.056776
782,573,Desktop,macOS,Chrome,True,1330918b915936070a08b8610490583e02331279703831bd6ad6e784295e1baf,2026-01-26 20:41:40.056785
783,811,Laptop,Windows,Firefox,False,9094ea1a238d98d7bfd244562ef0ad7608638dbd1e9e9f695333b988fd81abe3,2026-01-26 20:41:40.056793
784,979,Desktop,Linux,Firefox,True,1b0f97d67a615dd5e890313effa02b5a02fbe73b872dea9eefcd88087fe7b397,2026-01-26 20:41:40.056802
785,670,Desktop,macOS,Firefox,True,3b769dc380e7c6bce7cae673271d5778c72d1c55e88a2d5225e3f1054546fd60,2026-01-26 20:41:40.056810
786,504,Desktop,Linux,Chrome,True,12bedbc974aec2dc4bedaa3f219004df53cab857790ad9680730d0c7e6a53ac3,2026-01-26 20:41:40.056819
787,123,Mobile,macOS,Chrome,False,032069a934c43a4a4651315191384f4371fb509b6cdd60c286ec9e4a945f6a53,2026-01-26 20:41:40.056828
788,596,Mobile,Linux,Firefox,False,68824be377b61045b746303169f73521337bed390103e23b548b21a291d44037,2026-01-26 20:41:40.056836
789,644,Desktop,macOS,Edge,True,d239a467b2cf0f325eeba963c6889fc29f21ef148e453c563bb1b28818444f4a,2026-01-26 20:41:40.056845
790,383,Desktop,Linux,Edge,True,8f4feb9c1cd2998f06d717801b00138ac2bd9c26fdbaed3fed036b261860137e,2026-01-26 20:41:40.056854
791,866,Mobile,Windows,Edge,True,9cc50ef9276d66fd31af423d0ff957cc1f6e77d2eb1afa3434575a4f7d52924c,2026-01-26 20:41:40.056863
792,150,Mobile,macOS,Edge,True,2e729ca8ab1acefe1b63513d2f61dd69af725a5433b7f166140c7af2cee09996,2026-01-26 20:41:40.056871
793,366,Laptop,Windows,Firefox,False,7d298f2453bf77d1c13a5b1ac6c7f692677648e70f1dac3ce76f8985fab80d14,2026-01-26 20:41:40.056880
794,430,Desktop,macOS,Chrome,False,0df876af8e2a5a1b0ae927981f3512fcbad2061ae20f4f0e5f829ccaedd8cdef,2026-01-26 20:41:40.056889
795,299,Desktop,Linux,Chrome,True,1e93f7c26ae9bd9f0c5879ed4545fa3f0b5eaca58e5572e31a511cb23210644e,2026-01-26 20:41:40.056897
796,785,Desktop,Windows,Chrome,True,eb3cbdf9c7df317754c992aff1179f8cced4013f2920ad9c83dee3a95a6ccd8d,2026-01-26 20:41:40.056906
797,557,Mobile,macOS,Edge,False,37e43a8fe0aa8138946c4f2799638081e0e7fc22919aa4ef9461f15cb7bb9577,2026-01-26 20:41:40.056915
798,278,Desktop,Linux,Edge,False,69c5abd3d839c5461ecabc88c0b4b0d3034fd9e101548bc16c7de7b940318549,2026-01-26 20:41:40.056923
799,99,Desktop,Linux,Firefox,True,7b2706ac6373f1669c2155ab38874e9f6faefaa1012673bdb07257fb9a69c9c7,2026-01-26 20:41:40.056932
800,14,Laptop,Linux,Firefox,False,7f2a4606ac0ddf193b47a17ad1406cefe3e222e99fa6419beb17dd7799f0bbbd,2026-01-26 20:41:40.056940
801,798,Mobile,macOS,Firefox,True,803505466d9b6514a206110bb3492dc58daac362e1ec540e8e192f2e0a6ee1d2,2026-01-26 20:41:40.056949
802,105,Laptop,Windows,Edge,True,9045b772051c1c6ddd26ec7d33e83b2a8cdfcfa237b2458f63413849809baf9e,2026-01-26 20:41:40.056958
803,852,Laptop,Linux,Edge,True,7d10cea73fe17ba241df0358caff51b25ebedf7886c7f1cf71b2c693da3f8f68,2026-01-26 20:41:40.056967
804,428,Mobile,Windows,Chrome,True,a87c41fedbb524d7bf52992cba39b32c2512fd00887a1ad10f926a25beeacc34,2026-01-26 20:41:40.056976
805,946,Laptop,macOS,Firefox,False,76d6278c34decefe12231095929c2d3e247d6a8ef486b5bc8a44a79290ccc901,2026-01-26 20:41:40.056984
806,708,Mobile,Windows,Firefox,False,186ea9eb4559cca9798f09ea27db36f791e034ef10925db46512d82d62e4b2f1,2026-01-26 20:41:40.056993
807,177,Desktop,macOS,Chrome,True,c33c566a27f94f7b697f372e5a0973cfa7161547098d4f638d1acf18f9ca8489,2026-01-26 20:41:40.057002
808,228,Laptop,Linux,Chrome,True,1ecf9bd890ca2182fa9bc924f255c5d4fa99897edae8a1d459abba7b06742c06,2026-01-26 20:41:40.057010
809,315,Laptop,Windows,Chrome,True,49f1309650b12c8fe2e3469eda0cabbb4a89dcc6488355d0c220b01ac07ed7cc,2026-01-26 20:41:40.057019
810,436,Desktop,Windows,Chrome,True,9b07a1b24c7b78cbe76973169a1e0d442076f43599598d695a4a8ec9670967c9,2026-01-26 20:41:40.057028
811,794,Mobile,macOS,Chrome,True,d93f389bf199ae23194ef43d3cde013927970aad0d1829e2b449580745136773,2026-01-26 20:41:40.057036
812,111,Laptop,Linux,Edge,True,656507aceadcaec681c8bc295099658dffe4cb44ec60596c99b3817de24e8434,2026-01-26 20:41:40.057045
813,481,Laptop,macOS,Chrome,True,c240289bb7d5a9bcbeda1b8f65770861a8c789de8f5311da792b633325c17dbd,2026-01-26 20:41:40.057053
814,309,Desktop,Windows,Chrome,True,5d895768e8ff1a56035193072722bf00714ac8e83463d1960eafdc069b6693e5,2026-01-26 20:41:40.057062
815,943,Desktop,Windows,Edge,True,7b80c8907cc3bc13f85f8b6d35b4b2608bd4644d20f6201be56aabb9758d9812,2026-01-26 20:41:40.057071
816,190,Desktop,macOS,Chrome,True,29e2da3b3f128aabe9217ba1f4a3cc1577b63f5b295fdd671b240a2fe21fe137,2026-01-26 20:41:40.057079
817,150,Desktop,macOS,Edge,False,d19ddeebfb19ad2d1a1b1d4751c89c87f9ae20e798af48839da7c94e57a2bf46,2026-01-26 20:41:40.057088
818,361,Laptop,Linux,Edge,True,0966e173218a1aa033209b3256502aee8814ac83c65ff67f2e99f4f4466515b2,2026-01-26 20:41:40.057097
819,518,Desktop,Windows,Chrome,True,0933dd6a0213296fb91b91a0d15b84d2a3f00b26f0f1f7612a57fdd6d1a7a2c8,2026-01-26 20:41:40.057105
820,542,Laptop,Linux,Chrome,False,e3878f1ef0630a1796aecac008e1bd572bd1793486d975e9d7b10bba39d7e7c1,2026-01-26 20:41:40.057114
821,176,Desktop,Windows,Edge,True,9d146d807a483dfc7134f5ed7f10b26d2c90d54a4f8787064d3e243c3c4148a5,2026-01-26 20:41:40.057123
822,947,Laptop,Linux,Edge,False,ff3a5038a56c119674003338946f3a1315290b850636925974464dcb3565f921,2026-01-26 20:41:40.057132
823,376,Desktop,Linux,Chrome,False,94763754651d20fe40b33d09cab40adf3372bb2a6d40cce775182d749c73dce4,2026-01-26 20:41:40.057140
824,690,Laptop,Windows,Firefox,False,f076bed24dfcabbf8b56a95fbcd81ffed872c6202f257d5b696e2783b38017b5,2026-01-26 20:41:40.057149
825,435,Laptop,Linux,Chrome,False,ff7a70d60b943570a9a9e90019df24a406380cbba012f27c841266ade3b7b707,2026-01-26 20:41:40.057157
826,116,Mobile,Windows,Firefox,True,43b93c15ce0ddc5da37be96457832a6a73856b66d136b0bafae2c4b6db7ee436,2026-01-26 20:41:40.057166
827,533,Laptop,macOS,Firefox,False,d98989df414a35a5b996e3d2fcee36680aa51e79b973a147c14e1365b0d36a9d,2026-01-26 20:41:40.057175
828,571,Desktop,Windows,Chrome,False,517b85e2c5e84a20a2e8a8bc9c23b997b4d0d54393f6870b2772939a7cd218fc,2026-01-26 20:41:40.057183
829,506,Laptop,macOS,Firefox,False,013702e1c8eee889b9f9767a7274ef110c136ce57ca76df56113971eeb370ffd,2026-01-26 20:41:40.057192
830,615,Desktop,macOS,Edge,False,5df7988a547c4b9bb44b13f1e221ff47bc10e764df932e6fa15c7e645b007c54,2026-01-26 20:41:40.057201
831,232,Desktop,macOS,Firefox,False,ff61700e0096c09e2d7b7070b8c667ccfabf3e65cf12aac3e9af01ddc4598e62,2026-01-26 20:41:40.057209
832,194,Laptop,macOS,Edge,False,fb5d679c50e7043f7953fa52b7fcbf106fb63aadd329ec02ba63abd34dc507ac,2026-01-26 20:41:40.057218
833,184,Laptop,Linux,Firefox,True,46570b93c6b7a5b58491b40eb67d8d1522225cb89b1158e9adc9eaf64f19c8ff,2026-01-26 20:41:40.057227
834,406,Mobile,Linux,Edge,True,62075392d1f968c989bde4b25ffe724618350444d4bc3bfeb120a86963e420a7,2026-01-26 20:41:40.057235
835,123,Laptop,macOS,Firefox,True,522233a46193862f45147bc28ac70ea5375cc972b72ee8a6dd637573eadcd575,2026-01-26 20:41:40.057244
836,760,Laptop,Windows,Firefox,True,89f17ca519f3ddeb3e89861343c60d802d3ae9529385e76b7367d3a300e80359,2026-01-26 20:41:40.057253
837,347,Laptop,Linux,Firefox,True,b8f781232b90f4995cf51e67d06ac077105121d1a7920d94911b6c013a7e564b,2026-01-26 20:41:40.057261
838,239,Mobile,Linux,Firefox,False,a12815a6832a9041626d3ed9e3484b162d363d8a35ffbb3825ba54b1c4e1574f,2026-01-26 20:41:40.057270
839,784,Desktop,Linux,Edge,False,b88d1ce77ccf35850dfbfdf8f5beffa1f60d6485c08e0e8bd999ec9305cf6a16,2026-01-26 20:41:40.057279
840,775,Desktop,macOS,Firefox,False,ba7bc6761e8da3a8c6eef4114d573ac81f6bc1699166b1e4a5f5acf875b820db,2026-01-26 20:41:40.057287
841,683,Desktop,macOS,Firefox,False,13beb84d890aa0d75365a913c3551ae4d49a415a848268719f29ed04c2cdbcad,2026-01-26 20:41:40.057296
842,151,Mobile,Windows,Chrome,False,8f28ff74faf734b24322d2655bfa7395e4ffcab7d452958557bce0d2c1178279,2026-01-26 20:41:40.057305
843,502,Mobile,Windows,Edge,True,64347caa2ecbc3832d8fe85a6546239fa946e954576e9164aeecd301eac2d82c,2026-01-26 20:41:40.057314
844,31,Laptop,Linux,Chrome,True,25bf4ee32fddb1ab696854564b0c2c6f52e69d879cee714c0aa5b37df982afb5,2026-01-26 20:41:40.057322
845,511,Desktop,Windows,Chrome,False,c524d40fc5e6ece45b3928e64bcba373ef38f3e9f603e3e69df259737b483e9c,2026-01-26 20:41:40.057331
846,620,Desktop,macOS,Chrome,False,3a5f868a87f4d17b6855fa7048699c73a14af0eba367ebef106821f586a91311,2026-01-26 20:41:40.057339
847,637,Desktop,Windows,Chrome,False,703d189eb3c822a6f310c23ee19e48db326659d8a3503846bd312b72b8beab29,2026-01-26 20:41:40.057348
848,812,Mobile,Windows,Firefox,False,612ad04946c5d0dd382e24c0f23b5fa81db7034cb16e331ea30a9e094ead1170,2026-01-26 20:41:40.057357
849,503,Desktop,macOS,Edge,False,90f59c46e297eb5f60512368377d2b747e45fa904f042e79ef1ef15a7bebf096,2026-01-26 20:41:40.057365
850,829,Desktop,Linux,Chrome,True,0e287e5ca39a576376176982e983857c4bcb147edc0f87a24b6f8e10bf443e0c,2026-01-26 20:41:40.057374
851,441,Laptop,macOS,Firefox,False,4e9cf57fff1aac603ad64013df6fbe040469e8473e8d6efbec1bcdc23fda70f1,2026-01-26 20:41:40.057383
852,874,Mobile,macOS,Firefox,True,2c09b6b0a82669272e6e70cb58d633329c919a16bbb7a6052899c06aa1c88e0d,2026-01-26 20:41:40.057391
853,34,Laptop,Linux,Edge,False,6cb03bda8980e497aadb624040aeed22ef799c8d403f485d4258c5fcef046e30,2026-01-26 20:41:40.057400
854,906,Desktop,Windows,Firefox,False,fb79a417c6113b1ca1934d635e9c3042dd256ebf2706977adbf36a228e74ba84,2026-01-26 20:41:40.057409
855,138,Mobile,Linux,Firefox,False,b2100c42b295ef83db90c24436368f7f0e93c522b79b698cb87ee1b4131441ba,2026-01-26 20:41:40.057417
856,783,Laptop,Linux,Edge,False,0d485bbf25be2b45dd9fe8e94e21681da508e4412c3c84225fde6f064180035f,2026-01-26 20:41:40.057426
857,676,Desktop,Linux,Edge,False,7cead570a30ae9b257239acbf806bf37283fc4d40f583abac386ffdee30b7f04,2026-01-26 20:41:40.057435
858,488,Desktop,Windows,Edge,True,006b2829854a0242a791abe933d649454c8ab9c79cc3168578207886a461d5db,2026-01-26 20:41:40.057443
859,401,Mobile,macOS,Edge,False,a475e6be61168665da8408a7a8c0d4bacb4f4ecd02022ea72edebc10e3492cd2,2026-01-26 20:41:40.057452
860,632,Desktop,macOS,Firefox,False,942f15f4e1cd7a4ee5968580d4446ce6459f42f09f4a19002d47a9f361f291d5,2026-01-26 20:41:40.057461
861,63,Laptop,Linux,Chrome,True,6f962f0bbee67bd7100e944d7856a4bb3b23220bb6cce22862373828330241b1,2026-01-26 20:41:40.057469
862,858,Mobile,macOS,Edge,True,cf29478520279b79d3b68cff371402e6d456efa707280dd2e3c3cfda912ff546,2026-01-26 20:41:40.057480
863,784,Desktop,macOS,Firefox,True,6b71803d39f103bd43266d666c11382a71f6f3b9adcfb79bf2b0321b494336d2,2026-01-26 20:41:40.057489
864,439,Mobile,macOS,Firefox,False,fe7cb59b097136fb62f14a3539c7e7c5d5dacc399ae3201e3a5ef9e078ff7e21,2026-01-26 20:41:40.057498
865,58,Desktop,Windows,Chrome,True,eb584c8cd2a53db0ac6113d769ee556c8f569ab060bcbcc344b24cdfc9097c1e,2026-01-26 20:41:40.057506
866,664,Mobile,Linux,Chrome,True,89887a9fb23e970ec0150f38d4d2409ce501d55c2595c2b291af52052ad93c45,2026-01-26 20:41:40.057515
867,890,Mobile,Windows,Firefox,True,22d52d349a63943837daa019ea094417a4b1b988539d4e26c2931c79ddc17114,2026-01-26 20:41:40.057523
868,21,Desktop,macOS,Chrome,False,ecc2884fcc064ffb2b9fc8653b5b9020927ee058c42e1d9e223b78d16f5a0712,2026-01-26 20:41:40.057532
869,674,Mobile,Linux,Edge,False,827f08d00895a44977531805a7bcff4c2cf1b8d518b86357ac154793cf0df217,2026-01-26 20:41:40.057541
870,274,Laptop,Linux,Firefox,True,ac65d6528a4e2247347d1c971f1fd2f828d34e405250094546f829a2e1f406ad,2026-01-26 20:41:40.057549
871,325,Mobile,Linux,Firefox,False,3b7a505ac97c2b1e42ce32c7c8644c45febc4ac9606882fd8d4c1956af6f4ff2,2026-01-26 20:41:40.057558
872,587,Laptop,macOS,Chrome,True,d8220b530cd4b17c4ea16971f62d36463d552d9a91489274adfa4457e5158b60,2026-01-26 20:41:40.057566
873,345,Mobile,Linux,Edge,False,df59da16de52fba1639de12f179d6fcda2272604df37284db5e8fefc0a8d75b5,2026-01-26 20:41:40.057575
874,171,Desktop,macOS,Firefox,False,c57a2378557ab011ce8092ba00f303e1734d54d6818573f2314edf7cd6f509af,2026-01-26 20:41:40.057584
875,207,Mobile,Linux,Chrome,True,aea7d0b58adfe9837a6156832ffcfa090ab291614c08e1701037eaa30355dfe2,2026-01-26 20:41:40.057592
876,295,Mobile,Windows,Firefox,False,654faafed5c63232cd390912136f2c621be54b08a9560c9838307f48dc854434,2026-01-26 20:41:40.057601
877,824,Laptop,Linux,Edge,True,450e7b647761acbe3d94d29e3dd08e42958ead87b65fb51114cd9999a180d8c2,2026-01-26 20:41:40.057609
878,735,Desktop,Windows,Edge,False,a06420d01fcd60d3c4293c97dfbcef2e5c8797b8dd31a6f3aada9e344ac589a8,2026-01-26 20:41:40.057618
879,280,Laptop,Linux,Edge,False,c78576337e799d13d521684da398d87d78358dcf4aa82fbd72fedfe280de7785,2026-01-26 20:41:40.057627
880,438,Laptop,macOS,Chrome,False,2c158109558d6e8fe06e0978cb4dd5ed2f6810294d815248e4c8e8cc8c6acd80,2026-01-26 20:41:40.057635
881,517,Mobile,macOS,Edge,False,028b886264f29a6e1bb4960ddf409febcccc339c9c47c9d032365ca8df77a626,2026-01-26 20:41:40.057644
882,205,Mobile,macOS,Firefox,False,786470ee74c06c841b1e48e04a82159f68f5d6a9a861dbf99a8a0eaa87b81dba,2026-01-26 20:41:40.057652
883,688,Desktop,Windows,Chrome,True,c8f813780af13ff9b32a16d313d226b789b951cc79781c98adc9f55dfe43686f,2026-01-26 20:41:40.057661
884,591,Mobile,Windows,Edge,False,9ddb66a9d800aff0e6ff8e6ba44e1e4612849e29d24bdfd3a5827dd3cffeb13e,2026-01-26 20:41:40.057670
885,275,Desktop,Linux,Edge,False,9d2c5a55b9b83a6d378c3a58361db9ef4e29c2c2b48b9c7c8e6475577106474b,2026-01-26 20:41:40.057679
886,958,Desktop,Linux,Edge,True,20b84677e386ab812eb96e82009c5ea1cd8e22d18be8608d2e9b2a82c5c6f84a,2026-01-26 20:41:40.057687
887,535,Laptop,macOS,Firefox,True,c8d5b2bba28a68ea544939b35f557484e96faaea400f7bef062df82a4b55a9b2,2026-01-26 20:41:40.057696
888,247,Laptop,Linux,Edge,False,96c16fd8f52a56c4d2669c684a03cd0e5c83019532f53e8755bee5fa9a149484,2026-01-26 20:41:40.057704
889,865,Mobile,macOS,Firefox,True,575c2efb40a1d61f5f45607991e18bccb83582e2d01cddc7020e2968d4b625d8,2026-01-26 20:41:40.057713
890,650,Laptop,macOS,Firefox,False,e6525abe600faa4ee0a3e32c04cb2c6403c761de33460edbb5bfd761293631a1,2026-01-26 20:41:40.057722
891,662,Laptop,macOS,Edge,True,50b37f4d03470cee585ae8c7a7812eb5572827fb7afa895f832006c511ac1bcf,2026-01-26 20:41:40.057730
892,416,Laptop,Windows,Chrome,True,424bab1946fbed6bf0eef8ee8a643e5431314cf3a88bc98de8460793587f0836,2026-01-26 20:41:40.057739
893,29,Laptop,macOS,Firefox,False,5a7bcd91e6eb49d2b84b6e1c7f16aef684d301722d82aa5de5df0e5b32c52ee5,2026-01-26 20:41:40.057747
894,574,Mobile,macOS,Edge,True,2e99993d3f133bc4b7b2ca268d0bba84bf1f15a775a8c98f3ea54919f318011b,2026-01-26 20:41:40.057757
895,207,Laptop,macOS,Chrome,True,96ace792fc7869cd8b9b04d257f72e5a573bc3f8ce5c4d3d698915109a439b86,2026-01-26 20:41:40.057765
896,265,Mobile,Linux,Edge,True,a2da64ffb6182965f7592476dfb6b3db55edaaebd1d0c6f0f82be3e7943624c1,2026-01-26 20:41:40.057774
897,660,Laptop,Linux,Firefox,True,f43548d547ac5d94dc9c318ac8b39d16b9523d679de01925574c2db1d8232683,2026-01-26 20:41:40.057783
898,57,Laptop,macOS,Edge,False,ce56fc1e1148e30d534e3151a0c014c8e02977e62c28d10a2a1ff7eafdd05ef1,2026-01-26 20:41:40.057791
899,888,Laptop,macOS,Firefox,True,e6bc4f2a32eb2cfa168127ef9f8fa6bc01ba3b97b72c6102035ceeb1d40c5d22,2026-01-26 20:41:40.057800
900,407,Desktop,Windows,Chrome,True,1d2d71d68bb0fa5d5fb4929e4c788aa0218eddc07c22f57fdee41c1bdd366b2d,2026-01-26 20:41:40.057809
901,585,Desktop,Linux,Chrome,False,6ed646ffc407082b8d59cce5fda433748de31bb8eca969a3cfbc5ab7bd84809a,2026-01-26 20:41:40.057818
902,509,Laptop,Windows,Edge,True,199b51c1246c8de544b5b7dbd6bd7d29eeac8fbe7f1ea713f9501870a9a77c66,2026-01-26 20:41:40.057827
903,792,Mobile,macOS,Edge,False,027bfb1babd06bfc5f9cdfdeafbae0ad58ea3c3a1be0fa56fd4bc2e187af300c,2026-01-26 20:41:40.057835
904,826,Desktop,Linux,Chrome,False,4219f25adfc40a5d1c3bde44ef9e3c0ad1c1e6d18d713494db4a198bae8784c5,2026-01-26 20:41:40.057844
905,224,Laptop,Windows,Chrome,True,66b7a09ab7d88c1d3d357d8a8da679a22132b7571b21ecf9cdaf9ebeb2f6e0f8,2026-01-26 20:41:40.057853
906,994,Mobile,macOS,Firefox,False,acb5960d35c4118af532c94f49c8626cfcd48ea3fadbc6c38fb998433f3a16a1,2026-01-26 20:41:40.057861
907,884,Desktop,Windows,Firefox,False,ffd19d93f935048705d8c062f7d216def21d594d9cffeb2095792e66839de9ca,2026-01-26 20:41:40.057870
908,717,Laptop,macOS,Edge,False,ed9d6ec3283721adadca52fad43442c6191b183ca50e57d84478e7b85b4138dc,2026-01-26 20:41:40.057878
909,487,Desktop,Windows,Firefox,True,a96007e863d0a6471ff3296462d1a5fa681deabfa973923a35d62f862afdfee6,2026-01-26 20:41:40.057887
910,372,Mobile,Linux,Firefox,False,c0889d229ea92226e841c511d7cd0a500bfa3342bae4f69c217fa6ac5f6d9ae1,2026-01-26 20:41:40.057896
911,22,Desktop,Linux,Chrome,True,a37b9bdaa73c48f8842d20f58801f1f47afbce2db6020dea0c55ef75204be581,2026-01-26 20:41:40.057905
912,708,Desktop,Windows,Firefox,False,98992d4090cf345eb4404cf307f72e627864533e1406b0dcddadf404cc132690,2026-01-26 20:41:40.057914
913,317,Desktop,Linux,Firefox,True,126a66b8aaf3b5aaffeb9875101d7ebba8e1c99b2eacf2f2cbd9aa32031a11cf,2026-01-26 20:41:40.057923
914,548,Laptop,macOS,Firefox,True,a809482cfc5f45fc13a4294f6eac6b309bd75cacaf9e7412d0409ed03ee028d3,2026-01-26 20:41:40.057931
915,932,Mobile,macOS,Firefox,True,775f39da5af3468a0bd29c7ce82cf5e3a0e4bd1cd06ab30cbc2209e9f49d4b2f,2026-01-26 20:41:40.057940
916,959,Laptop,macOS,Chrome,True,a53fd85825b4c7fcb7a97e6a45d87b9c640e6d4b34eefc826d6f3b9632d3e45d,2026-01-26 20:41:40.057949
917,938,Mobile,Linux,Firefox,False,fd1f46ca9d69973a2663e048e7470b6967b3e2ef4098e638009ab94a5589292b,2026-01-26 20:41:40.057957
918,809,Laptop,macOS,Chrome,False,834a5697107f19cf4a11f7c2e280d407e667c70d0eada58dfc74d69aa60afc5d,2026-01-26 20:41:40.057966
919,483,Desktop,macOS,Firefox,False,52eb7172f384da4474e70c66e1f663726ab716d28ebed38c71f67eb6a26cd673,2026-01-26 20:41:40.057975
920,898,Laptop,Windows,Edge,False,ff3341ce576b18dbef358e53afa2d661ffe19551e1982c74ad4a6f03498c5321,2026-01-26 20:41:40.057984
921,519,Laptop,macOS,Firefox,False,5704386bb076d14e805e0b3f32029f027f6ff60649645b70f113a3c9111af92b,2026-01-26 20:41:40.057992
922,465,Desktop,Windows,Chrome,True,f227661fc6bc3d5d957195f3f3f8435372f62baf30c9963992b8cf21e22fbc70,2026-01-26 20:41:40.058001
923,646,Mobile,Linux,Chrome,True,ee22bfce7ef4fb0cf8d4507cdaa853e9df879b43e23d423829c0b6e4b62c5f60,2026-01-26 20:41:40.058010
924,411,Laptop,Linux,Firefox,False,2b4e39cdda5326eecfd01f62399c60b7c99a5f17601ae3faf38f9d25cc11b6db,2026-01-26 20:41:40.058018
925,590,Laptop,Windows,Chrome,True,ff6242fb2d32d1d0492744b093afe2be0189a7d0a9ea4c25520487e2d3a55d62,2026-01-26 20:41:40.058027
926,529,Desktop,Linux,Chrome,False,923b414bf7acd394ef059ec36dc19da63b98758320c348290870b2a39c244fe9,2026-01-26 20:41:40.058036
927,812,Mobile,macOS,Firefox,True,b53a7dc48ab2f10a356929f23287ca3f0779ad025347fd7adabe81d79bb0f6c6,2026-01-26 20:41:40.058045
928,267,Laptop,Linux,Edge,False,d83fdbe8b3d5f6836eb70ebde4d8a3cc6de7276c7196a183e5ff3ec8a0561722,2026-01-26 20:41:40.058054
929,819,Mobile,Windows,Chrome,False,621feb404f6f0694f9942f79d75a0ba75dd2cace1cffd70ebb415e2cf6c56e18,2026-01-26 20:41:40.058062
930,377,Laptop,macOS,Firefox,True,c9876a084eec68fc7c7191d4c09ced068026d2a31e8a1b47edb44c3c438e1234,2026-01-26 20:41:40.058071
931,22,Laptop,Linux,Edge,True,442f462a5ee3eb50318e41a977d9d22aaffe00f8aea0e4cc4b956ecf51b65821,2026-01-26 20:41:40.058080
932,929,Laptop,macOS,Chrome,False,556655de2b3b5bc32f546b252816a724d984b3636f619a6604293c5cd0ef289f,2026-01-26 20:41:40.058089
933,719,Laptop,Windows,Firefox,False,71239ba6ce141ff0e86484802da80db9d864dea3e210d3066259fae28f86e3bf,2026-01-26 20:41:40.058097
934,615,Mobile,Windows,Chrome,False,024c023bde29c098edf14add5f964f28c11a79b4bdd81ce78fcaac635f8cee33,2026-01-26 20:41:40.058106
935,175,Desktop,Windows,Chrome,False,686de39993844f30cff989d1d77f9e4ef21beda076e4c1625534b56a4e546c08,2026-01-26 20:41:40.058114
936,792,Mobile,Linux,Firefox,True,ae3178d5c18c27e33e32f4d9b520e57d0f6492aeebc6a012fc1e9013bd49673a,2026-01-26 20:41:40.058123
937,230,Desktop,Windows,Chrome,False,6a4c7c1c5ea55604614a3d29a36956428e3a10fff65c523eab7300c4508ded21,2026-01-26 20:41:40.058132
938,295,Desktop,macOS,Firefox,True,95e039e0272696722271b52ddc6b4efb543d335dc37e767b086be89563fc0825,2026-01-26 20:41:40.058141
939,442,Laptop,Linux,Chrome,False,e9387cef08a4c1872e954a7e56133516969dbfc73d514f7229bfba7e507bee4b,2026-01-26 20:41:40.058149
940,745,Desktop,Windows,Firefox,True,4b63e8d5c3a2dd727b140ebf21e85a498f934d2d258a63c3dba5d2ddf06ab655,2026-01-26 20:41:40.058158
941,419,Laptop,Windows,Firefox,False,b947cec0eda7b63783c4bf2585f3d20774021957ad5669591c47c31e62e14b89,2026-01-26 20:41:40.058167
942,242,Desktop,macOS,Chrome,False,92b58409e0e85f725ba5832d07243af82d78b7576f758b94031458fa368ac12b,2026-01-26 20:41:40.058175
943,597,Desktop,Linux,Firefox,True,1fe28e61b6cd1ec0a83b35de128a36d153b5e82db08e96d49b20061b05f2ceed,2026-01-26 20:41:40.058184
944,11,Mobile,Windows,Firefox,False,866ba076aaa6c687a16d2c79e857ba0182dfde18ba58b053065f46837c0b4734,2026-01-26 20:41:40.058193
945,704,Laptop,Linux,Firefox,False,115b3c6dce8eb05d06975638fb10d6411dbf23d982f52a4f55821f172f9743e8,2026-01-26 20:41:40.058201
946,754,Desktop,macOS,Chrome,True,596f2900c62b07569d6eac24be4c6d4baa6b14e62dd5c8fdae32f4c2b178bea6,2026-01-26 20:41:40.058210
947,571,Laptop,Windows,Firefox,True,1e7a388e8cf1eac36f1b8b27b9597ecb6057f447055e60c4a2da29f713275933,2026-01-26 20:41:40.058218
948,483,Mobile,Linux,Edge,True,a883c4ece06fa327a7e0b53dd222e4902723deac5978b0af22df500fdb9ffe63,2026-01-26 20:41:40.058227
949,6,Mobile,Linux,Edge,False,0348e4329cf218c569ef97ae7bf4bf2c8da7a03d8cfcbf71beda632f813ef28b,2026-01-26 20:41:40.058236
950,310,Mobile,Linux,Firefox,True,dd4acf26307fe3557e2728c4e7887298a0f7d2ceef2fecabd0574acdfdc21354,2026-01-26 20:41:40.058245
951,992,Desktop,Windows,Edge,True,800f59468811f229c48862decaaba03fb429c64c2e3fd32e8a095951ced21ff6,2026-01-26 20:41:40.058254
952,267,Laptop,Linux,Firefox,False,3bc3f35c45fd25039c5492ccfa1b098680e6a6b8960755e165bc745b0746f4c7,2026-01-26 20:41:40.058263
953,899,Mobile,Windows,Chrome,False,5f0bb2041edc8019c09e7ea765dabb26ad40094cd385643131cf1db98546f970,2026-01-26 20:41:40.058272
954,728,Desktop,macOS,Chrome,False,ef00f44ba5bff5a5ebd06c4bff49e08b74c461876b4010fcfb80b374a077e180,2026-01-26 20:41:40.058280
955,120,Mobile,Windows,Chrome,False,42a500157cf04077e77e81e7e1e428403c6a4c69a72ce6db2d2994d3c9c89994,2026-01-26 20:41:40.058289
956,893,Mobile,Linux,Firefox,False,990b1d493157311c27c0b75a1727d61cfe2643560c27bc64f0bb05b98dbd0fd6,2026-01-26 20:41:40.058297
957,290,Mobile,Linux,Firefox,False,eb89d284cef39dcd68cb531cc436a73cf60d20a7f0402c60960e6e8251cef2cf,2026-01-26 20:41:40.058306
958,447,Laptop,macOS,Edge,False,cf31cba3927fd8655b40cdf94cb5eec26d3299a6e5da31b00213ec602030bbfd,2026-01-26 20:41:40.058315
959,783,Laptop,Linux,Edge,False,cd25f5d2a7ee6d38381f27816cbe7cb56f03ff8f910c81b603085a58ea00a158,2026-01-26 20:41:40.058324
960,55,Laptop,Windows,Chrome,True,4266316c8e3438ba1b57a8b7fd0b6da6bac853afe0ed93e981752ed7c05280df,2026-01-26 20:41:40.058332
961,188,Laptop,macOS,Firefox,True,b9521d51dd2c659e321a8e7b7b7ee1dd4ee79242d6a850563ef7070365190a0f,2026-01-26 20:41:40.058341
962,723,Mobile,macOS,Chrome,False,25f21338221321758cb381dd6edc1c9b41efd29e8e7c92509da62b2b97dff68b,2026-01-26 20:41:40.058349
963,42,Mobile,macOS,Edge,False,5f4dc103e04c4e2287846e96cc5639a049b9459d842e0f644403439026a7fd67,2026-01-26 20:41:40.058358
964,469,Mobile,Windows,Edge,True,f3efe685bbde92a5ca62c975b57ab103c58182fbb9ab90a8e0c265763ce3b4cd,2026-01-26 20:41:40.058367
965,127,Mobile,Windows,Chrome,False,c79a7e6ca6cc8f9b5c031ddb284b21fc9214ea05d65d3b239ca499fe65fb072f,2026-01-26 20:41:40.058375
966,185,Laptop,Linux,Edge,False,931ebc02f84130059ed30b1b82aabc5b8a1edbfc12b35f863533f0ec73eede1d,2026-01-26 20:41:40.058384
967,577,Desktop,Linux,Chrome,True,af28a2f3637a86b7c0a7998d338f48e8921a9562cfa66e78228ec938e192e09b,2026-01-26 20:41:40.058392
968,539,Desktop,Windows,Firefox,True,63ec59a55acdc5eb7022c0e46a95a567edc821f8609b99c643ba7b5736e6f609,2026-01-26 20:41:40.058401
969,253,Mobile,Linux,Chrome,False,875b88570f6229321bf91a119d735ead26110e683c96c9030cee1fc33a39593d,2026-01-26 20:41:40.058410
970,27,Mobile,Linux,Edge,True,a303b890e8c8a25ace6744b313ec23c3c5d61b3b2193ed90e7b28181e9cc58f7,2026-01-26 20:41:40.058419
971,404,Mobile,Linux,Chrome,False,4466ffffa51f2c26d13d0eecce7ba79f30c611cebd6cb0a58e9d9af8d331f69d,2026-01-26 20:41:40.058428
972,158,Laptop,Windows,Firefox,False,424c6beae7b3af79e2bfecbe3ef2574946cc530a9be0b7a2778d38727866e2cd,2026-01-26 20:41:40.058436
973,465,Desktop,macOS,Edge,True,be27dac949ea43354daef52f221b5af8912f37044e632465a8f9087ed94a8da9,2026-01-26 20:41:40.058461
974,338,Laptop,Linux,Edge,False,189d01002ca4e0699001ea3482a208d88ee4321b857cecea70abc1cde2036b27,2026-01-26 20:41:40.058474
975,333,Desktop,Linux,Edge,True,016643b4a08fabbdcfdb5311a8755ad3cafae054993cf8d021995211d48ab1ec,2026-01-26 20:41:40.058483
976,217,Laptop,Linux,Firefox,False,45966101660193348cd7079bc06a3a3578a92287dbee5fd6b394bb20f7efd4b7,2026-01-26 20:41:40.058492
977,818,Laptop,Linux,Chrome,False,ee9751de7c22143375174f3e08ae3eeeeeb21d19491203edea0659c473a51782,2026-01-26 20:41:40.058501
978,95,Mobile,macOS,Chrome,True,2af0cf3616ded7d88efbdbe9082c36f97550bcff7b2ffc898da94e7d4c0401dc,2026-01-26 20:41:40.058510
979,989,Mobile,Windows,Chrome,True,d88ed6df0780732e32104fe0e297d120bea638392d91231bc6d027d7b3817783,2026-01-26 20:41:40.058518
980,167,Mobile,macOS,Firefox,True,d1088dda2845cab4810961493bbee785d053c995f86d327b06be5657f315ef75,2026-01-26 20:41:40.058527
981,124,Mobile,macOS,Firefox,False,40a840e54678f4b2d8e057cf8362c3e4339d90bd99b35a4569e78841f4c349b1,2026-01-26 20:41:40.058536
982,926,Desktop,Linux,Chrome,False,e03d9a1976c042c5292f4da519b5345a7b6faedd4bb63dcdcad6bff812b613f6,2026-01-26 20:41:40.058545
983,682,Laptop,macOS,Edge,True,87e9d1369edf3158fc6af7485993dea2047495deb8c857f8f8e03f7feb2bf67a,2026-01-26 20:41:40.058553
984,502,Mobile,macOS,Firefox,False,95916d1fa55f40665ecfb8019e7715c31021f107b036bb9d90ab99e0a584329a,2026-01-26 20:41:40.058562
985,577,Desktop,macOS,Chrome,False,e5b09c1dd70d7e5948cbc1b9277b377dd300a354bea536ea1b892f7c3a4d4be9,2026-01-26 20:41:40.058570
986,831,Mobile,Linux,Chrome,False,bc38e18224e93211dfa0c1427fb8c248ac603630d4cdeb5345fcb7d3ff3768c3,2026-01-26 20:41:40.058579
987,646,Mobile,Windows,Chrome,False,38a71f109f10db5f411fda6166559eddd15c8270c07ef60c54c27d3680c5cc77,2026-01-26 20:41:40.058588
988,997,Mobile,Linux,Chrome,True,6adbc1ec130c9c6f4b82989f313df13f8c4277b855b43bc5a12e2942f1e3c8ef,2026-01-26 20:41:40.058597
989,954,Mobile,Linux,Edge,True,45168ffcfb8e24dc56ea9664edf4f9a72dd70da4250be6dd09c0216b96ce547e,2026-01-26 20:41:40.058606
990,298,Mobile,macOS,Chrome,False,1c89db8c570b8b7244f92858634d9a194187273f0f4c31c8e9eafb957ab206b3,2026-01-26 20:41:40.058615
991,308,Laptop,Windows,Edge,False,2bf49eff0d4cc3bd41f511871a0ab9ba67539d5c390ee85afe8cc49c89183d70,2026-01-26 20:41:40.058624
992,862,Laptop,Linux,Firefox,False,c89fbad177ebbc182b25c4ae500dc4b95e3128437ab9d2631cfb221e0217ae44,2026-01-26 20:41:40.058632
993,583,Laptop,Linux,Chrome,True,ce8a636474631a2d450529480124fc7c1f3c1b770e1cadf05535d40896a6ba4b,2026-01-26 20:41:40.058641
994,526,Laptop,Linux,Firefox,False,312125c5e8fda151daff5b9ffdfa848e9c014350f7fc032e70e7d4665a2ee186,2026-01-26 20:41:40.058650
995,97,Mobile,Linux,Edge,False,a333d02e8ee67ef47eaab9d89ac4c6747b0fdc9347b930acccb6b6af34aed23a,2026-01-26 20:41:40.058659
996,364,Mobile,Linux,Chrome,True,ee71e72d13b16303727b77ed80de68202e131b56db9c59110094787752632b45,2026-01-26 20:41:40.058668
997,117,Desktop,Linux,Firefox,True,f9cca3763901934b0a8e1f041022b0cd3d25a331f116a823e8a303c8e92f7abb,2026-01-26 20:41:40.058676
998,806,Laptop,macOS,Chrome,True,2371eef7c7d06be8f83572201174047ba77e6dff578fb1b47b6492cfc79e2c3a,2026-01-26 20:41:40.058685
999,427,Desktop,macOS,Firefox,False,97c57b051eadcd67f59f5a4ef79de672943751a081111debd8eb5ac99277ca5c,2026-01-26 20:41:40.058694
1000,776,Desktop,macOS,Edge,False,18b902a54429bff0bef80d6324798118f271a321353c4c5212396faa82b32866,2026-01-26 20:41:40.058702
1001,350,Laptop,Windows,Chrome,True,5d4aa741f5d7b6a5b83912146925a7fc6f14d9736a7676f338d4c1f6438a9f6a,2026-01-26 20:41:40.058711
1002,765,Desktop,macOS,Edge,True,77c1dbce7ff7b268ab49fdcf56bc515a01d14945d90ae94913ea8bdf68077558,2026-01-26 20:41:40.058720
1003,445,Desktop,Windows,Chrome,False,4b1dcb6a9e59e79ccc35f2bc6210dfe8f29745554c1678ba974774ccaae5b1f2,2026-01-26 20:41:40.058728
1004,120,Laptop,Windows,Edge,False,91b738e41ff02b33006aa818f522a04e7523dcc14a32a7ae764cf5f0ae4d2cf9,2026-01-26 20:41:40.058747
1005,472,Desktop,macOS,Edge,False,8bf7557a7b57d1b3178f43d7c491e5852c444c4cfef5fa686d3527568d18befa,2026-01-26 20:41:40.058757
1006,311,Desktop,Linux,Firefox,False,558a94c9b9c494366497aa32e948e22e48c4ccbb9ddf82779f0c3e2bf6871977,2026-01-26 20:41:40.058766
1007,824,Mobile,Windows,Chrome,True,d68f2c105ac36afcf775175f87f22681c34906184faf3f7ef88f9e3a1f4b3c12,2026-01-26 20:41:40.058775
1008,15,Laptop,Windows,Chrome,True,8e5520f69a750d16dfaca26430b324df28abf66674431fc08c9d52a8390d0c23,2026-01-26 20:41:40.058784
1009,880,Laptop,Windows,Firefox,True,4f2756792222a88b44909159f6345db79c14e232a0740619a410f451114f1e5e,2026-01-26 20:41:40.058792
1010,666,Laptop,macOS,Edge,True,e85a5ef13caae23423a482a79071514cbca876b1a0392e6bb368ace466dd396d,2026-01-26 20:41:40.058801
1011,89,Mobile,macOS,Chrome,False,bc5d23f4b01074fd6641d63dd7705eed8524449b399f8c0ecece2ada76744dac,2026-01-26 20:41:40.058810
1012,433,Laptop,Windows,Chrome,True,19b22958139b9c9b2f11a736d63b953580a33a5c34017120e3d7cc832a80ae55,2026-01-26 20:41:40.058818
1013,757,Desktop,macOS,Firefox,False,6469a011bc51e715da8b5cb529ee773ea2c0e62d823b244e152070475a35544f,2026-01-26 20:41:40.058827
1014,21,Mobile,Linux,Chrome,True,caccfc1b4d46338246ed08b736c8aceac3d3a5358a1293595a1cfa76a2c791dd,2026-01-26 20:41:40.058836
1015,302,Desktop,macOS,Chrome,False,df05c6f758f91dc689b76c50ad0ae5b40d6a953e01cea88b55fb56f2e3340761,2026-01-26 20:41:40.058845
1016,9,Laptop,Linux,Edge,False,bd2e4431b479046bcc8663eb7138a64af67f55d835c5d42e82d0308457f97a00,2026-01-26 20:41:40.058853
1017,426,Mobile,Linux,Edge,False,e003d845271bd607dbddb5c98886788b10ae8fff8383bcda9c40ca5d15bb62b2,2026-01-26 20:41:40.058862
1018,38,Mobile,macOS,Firefox,False,febf4ed860485b61937b64d29a74006136c57a090f66c7f04a1f4ac9d61055d4,2026-01-26 20:41:40.058871
1019,238,Desktop,Windows,Edge,True,93a64073d4e82c6d5c998be4450025a362bfe9a93781644aa9037607a624f09d,2026-01-26 20:41:40.058880
1020,433,Desktop,macOS,Edge,True,92ce70e68d259180445973cfdc31ff50039f8d883036ad4c79a2d68164c5d315,2026-01-26 20:41:40.058888
1021,275,Desktop,macOS,Firefox,True,3d04680d14898bf658ab6ba8711d933d8c6280a7fc15985afbf370bca0769566,2026-01-26 20:41:40.058897
1022,507,Desktop,Linux,Firefox,False,7e8425b5f9770903d599dd6e9463d2c92c082339c71313cec7bbdbedb269cd0f,2026-01-26 20:41:40.058906
1023,715,Mobile,Windows,Chrome,False,c5a74a80fc040ca490027f6b5c5dbd3891c6b354083c0edb4367ec1e20ec77e7,2026-01-26 20:41:40.058914
1024,744,Laptop,macOS,Firefox,False,945cc3af2d733300e2e752c37f70185fad35c20b182ddaa54ce28f205d287fde,2026-01-26 20:41:40.058923
1025,238,Desktop,Windows,Edge,False,c728669a2df3b0cd3030586b78b18b6ce0d25920e22d712163f2a2608cfe19ff,2026-01-26 20:41:40.058932
1026,944,Desktop,Linux,Edge,False,672df6e2505591702ed7eaaf0ed8b3dd3aef317d6f52456b9304892eb4fb636b,2026-01-26 20:41:40.058941
1027,135,Mobile,Linux,Edge,False,7ac894785e97733ca69a6b23bfe1722de3699a2286f3fefe36ee7b37003a8a2c,2026-01-26 20:41:40.058950
1028,983,Mobile,Linux,Edge,False,b7f7b8ac13d9e3640b8fbe1c7e11a1344b34b746667a84280801b10a1202113e,2026-01-26 20:41:40.058958
1029,816,Mobile,Windows,Edge,True,befa406ef63aa3b24483a31d434be53663d0cc9d2200f57cbc4c0eb6be1876e9,2026-01-26 20:41:40.058967
1030,290,Desktop,Linux,Chrome,False,68944a12b3b187bee79ecd8ca994f34c158d08f51b07767641c8878ea8fd185f,2026-01-26 20:41:40.058976
1031,133,Laptop,Windows,Chrome,False,a6dffa9e605a18e5a540153e79ffa4f61af08de9b0ce2e2dc9c9ed7c60511fca,2026-01-26 20:41:40.058985
1032,104,Mobile,macOS,Firefox,True,4bcdac97912024920ff4ca88854d8e186d2bd7bd21ee8b6d5274ff2cd64d6a88,2026-01-26 20:41:40.058994
1033,215,Desktop,Windows,Chrome,False,f3989b08ce1c6ed11a58ee9d41c42d917cb2b43cf1303a464cd6e400bba5530c,2026-01-26 20:41:40.059002
1034,903,Mobile,macOS,Edge,True,2a8f5d155e22466e32d9da10f16b8c7c9a8272531455eb55098cb4bffe8ee85f,2026-01-26 20:41:40.059011
1035,179,Desktop,Windows,Chrome,False,ccfb4b6547f2b7a24fcae73e16b9579cf8139653710639ce45c5ecdd1e12e9b0,2026-01-26 20:41:40.059020
1036,441,Laptop,Linux,Chrome,True,f1a8c457da8bd4bcec1b4ab5d13a12773d1b3a392c375bfbf5a96ae672681630,2026-01-26 20:41:40.059029
1037,576,Laptop,macOS,Firefox,False,c930b50a9c03fae1ce8f6ccc88c3fac67425e10fa7be7767ea3954ab6bf9c13f,2026-01-26 20:41:40.059037
1038,804,Mobile,Windows,Edge,False,5d43c8d572e23ce8236708f083ee32bb6c592f7196e600e4332de17d7c6ae178,2026-01-26 20:41:40.059046
1039,918,Laptop,Linux,Edge,True,0b8223bba7de5443bc63c32269aa0a64a9f159243e4a5573da4bbe2656e8095f,2026-01-26 20:41:40.059055
1040,724,Laptop,macOS,Firefox,True,875e804bbf9373af644567367508aeb47aefca1a8c9878dc2bdc93bdea1c2aa3,2026-01-26 20:41:40.059065
1041,999,Laptop,Linux,Edge,True,53012e273a0e3dcde76483a645f03196a43e54c695605f08d1b54c1e838a88de,2026-01-26 20:41:40.059073
1042,844,Desktop,Windows,Edge,True,16db9e92489d3292fc74e2d41c60dc52fe2b6e0b23c8e9c77c94f01f185e25e2,2026-01-26 20:41:40.059082
1043,172,Desktop,Windows,Chrome,False,ea10351c3d46630cc51ea372d63b68c45665d327db714ad98b6af08f3c19049d,2026-01-26 20:41:40.059091
1044,161,Desktop,macOS,Edge,False,592d14475ee5c906a9bda12f459da0775584cb1c0e660d509c53237483148882,2026-01-26 20:41:40.059100
1045,781,Desktop,macOS,Edge,True,3bde6cd865efc8776ba80c167e74f3bf38dca39a5fe4c7e890cdd4973b9279e8,2026-01-26 20:41:40.059108
1046,158,Desktop,macOS,Firefox,True,263030fd20ccf53dcb7fd96cdaa8dac56b382728c8347e0704e01f76517a02f1,2026-01-26 20:41:40.059117
1047,126,Laptop,macOS,Firefox,True,8dcef4d793624adeccb9cc962c53aa3e54c69ae17ae1cae6b2d1b5f628c1eb42,2026-01-26 20:41:40.059126
1048,252,Mobile,macOS,Firefox,True,cb37beafa7afec7f32062fdd38e944101600b0d4540e954a2fe7404a1b5aff6d,2026-01-26 20:41:40.059135
1049,88,Mobile,macOS,Edge,False,61c9f783944a7a765daae06b2b4717506a65c4a85255e2f6ea623bf24b9693dc,2026-01-26 20:41:40.059144
1050,370,Desktop,Linux,Chrome,True,44f84cf7a13595b46aa196e293f4c1910c1eb700fa19e5dba9710a1ec5415782,2026-01-26 20:41:40.059152
1051,772,Desktop,macOS,Chrome,True,a9bd95e545eb1638f2e16f81655542a6322b23643e069483fc379006e3cbe300,2026-01-26 20:41:40.059161
1052,822,Mobile,macOS,Firefox,False,11b60fbe7253acefc3343348673d0fbc72dba891a049f92d421a46b4900572ed,2026-01-26 20:41:40.059170
1053,975,Desktop,Linux,Firefox,True,d8be2e8de2b33c68991fc94a084c2ed5c86ff3f20aec4989aa7dcc7c3382de77,2026-01-26 20:41:40.059179
1054,454,Laptop,Windows,Edge,True,e6a59fda359213ca7cc745bc68a83c429720a51a611b9dedbec964e1a8631166,2026-01-26 20:41:40.059188
1055,87,Mobile,macOS,Firefox,True,5d524c089976d7dbecb548a17ed8b32a127cc364af017365986f78e7a0dfbf1f,2026-01-26 20:41:40.059197
1056,445,Laptop,macOS,Chrome,True,4f294d82c94b510201e3772ca61ea548d1a6410618bf14c2f310dd4e3437b085,2026-01-26 20:41:40.059205
1057,925,Desktop,Windows,Edge,False,ddb99082c4d96d5cb25421a6562e07c5fc9a78ebe079307c6c26d52af99d283c,2026-01-26 20:41:40.059215
1058,430,Mobile,Linux,Edge,False,9a044161074698f1df299f606b05072250bb559b55d68b0f3e7de2240f2db03d,2026-01-26 20:41:40.059223
1059,739,Desktop,macOS,Firefox,True,b55ac2c91b96f0c73d94e8072f981edf7ef60b6ff4528a1379626ea5c5de1659,2026-01-26 20:41:40.059232
1060,847,Mobile,Linux,Edge,True,8bb8c517a33247c53a3311a52ba9f3c7e08e14291ed17798b24dee715b81e23f,2026-01-26 20:41:40.059241
1061,718,Mobile,macOS,Edge,True,02fc00317244177ea6606057db94de782c6cec650cacf00d47a722512375162e,2026-01-26 20:41:40.059249
1062,909,Desktop,Linux,Edge,False,fd5d9479f6ee47dd956e885dfb87a823ebdb1924f695afd5532a607f8f966159,2026-01-26 20:41:40.059258
1063,715,Mobile,Linux,Firefox,True,38088bf5f1fd04f1a50bb2b36bd48ee05352d11039924d7d2ddddaf6a36d05fe,2026-01-26 20:41:40.059267
1064,903,Mobile,Windows,Chrome,False,640da01d64eedcd438d3951c6a1eb7effc271aa5738717fc1d4f5bbc5c2fb5f5,2026-01-26 20:41:40.059276
1065,400,Desktop,Linux,Edge,True,453402ec08324ad93eee2624cbcf3f412fdbd9764ad78aa8eea4659fa8964303,2026-01-26 20:41:40.059284
1066,533,Desktop,macOS,Chrome,True,b85a70885e46998b9c440d4629603d2c396857b92d86c31253dd0caf7df3f805,2026-01-26 20:41:40.059293
1067,524,Desktop,macOS,Edge,False,006899f24c36890a6ffbdc7ba448235fc42cea69cad3e919d12232ea69b229fa,2026-01-26 20:41:40.059301
1068,776,Desktop,Windows,Chrome,True,19950798f4a641e7b75bf86fd620d9c6c2cd84eb519b1800d267e6e77d214c73,2026-01-26 20:41:40.059310
1069,912,Desktop,Linux,Firefox,True,4f3b807680e96582b969ab6b93333b351be0fd7109faa27b79814dffa03fa5e3,2026-01-26 20:41:40.059319
1070,853,Mobile,Linux,Firefox,True,9c8613d48a62f4986cdcbc2c4b06b783332369a18a62f89c380e4b88e133cdc2,2026-01-26 20:41:40.059327
1071,750,Laptop,macOS,Firefox,False,951180e270ff5cfdae0955bb82a7f2a8654bfe32db2f2de5f07dadc81c9eb264,2026-01-26 20:41:40.059336
1072,127,Laptop,Linux,Chrome,False,f24291f6f5d18cf3b3dcbb74e4da2414b0bb146b380a3ea0db8cdde64de1ad6a,2026-01-26 20:41:40.059345
1073,306,Desktop,Linux,Chrome,False,bcc088ae4c0999b5f10b186a54711212acc1a9793ff4cd508ea725d3dd2fa11d,2026-01-26 20:41:40.059353
1074,348,Laptop,Linux,Edge,True,13591b84727b38c6f16599554af07d8e42b8705e0c4c82c9282ac9a8774bbf28,2026-01-26 20:41:40.059363
1075,359,Mobile,macOS,Edge,True,0a92ad986791915fb5a53635b49c0bc332371c5bf9ece03289567ffb4adff947,2026-01-26 20:41:40.059372
1076,732,Mobile,Linux,Edge,True,0b54d76d450f80f0418dff6b4151ec4377c200c733cad7604f29f33a2bd52c62,2026-01-26 20:41:40.059380
1077,108,Mobile,Linux,Edge,True,f22a6761c13654311b13402f4bbe4ec1dcebb53578a9700ba6fc35a20af7e63b,2026-01-26 20:41:40.059389
1078,843,Mobile,macOS,Chrome,True,2dabc2515bc98fd66ccf9e09995f38362052ec4546c4b551a25f40364a3ce473,2026-01-26 20:41:40.059397
1079,729,Mobile,macOS,Chrome,True,005daaf5ddb0ae0882bc90c49fa95d340bdce06fd52072c699302a633517de42,2026-01-26 20:41:40.059406
1080,64,Mobile,Windows,Firefox,True,e2a3ee4edba8141487a631c696200bf550eccfb06563c44575e202ee246d52a8,2026-01-26 20:41:40.059415
1081,457,Laptop,macOS,Edge,False,36686fc2b673b14b70ef76dae8fcd0baa03374832f787cd7b3d1798783e3a199,2026-01-26 20:41:40.059423
1082,603,Desktop,Linux,Firefox,False,ae05dd83ebcde28df2b4158c63d81ea3f195f00ddfb6e83ffeb7064064891616,2026-01-26 20:41:40.059432
1083,599,Mobile,Linux,Firefox,False,e28304241b0fb303f179f68975a3b615e69b635be400b38eeb638817fdcaeead,2026-01-26 20:41:40.059441
1084,706,Mobile,Linux,Firefox,True,20124b39b0ba487565e2b58877c9d10e6f57cddbb758de4f2f56d205f02038fe,2026-01-26 20:41:40.059450
1085,148,Desktop,Windows,Firefox,False,a97048f250a02e9fa26a78f6c00ce267222efd1cf443eed44e76f0ef46040f5e,2026-01-26 20:41:40.059459
1086,133,Desktop,Linux,Edge,True,20368e5d1e2546aa4f3246c833ee640633139c240407166c6c692bea0b7832a7,2026-01-26 20:41:40.059467
1087,712,Laptop,macOS,Firefox,True,2c5c4e893479bd22b6756fa54e3a55f4876fdf24c4071091051ed4e02fd04bf2,2026-01-26 20:41:40.059476
1088,765,Laptop,Linux,Firefox,True,ae388d15261642a0bc92ba0d14e99d58e292193adaa6861f1242182bc2fe6c6b,2026-01-26 20:41:40.059485
1089,617,Mobile,Windows,Chrome,False,e86347f1e8b67bfdc4aa46733c290e7824f0c8f3dcadc720081bd7b57a9c6818,2026-01-26 20:41:40.059494
1090,586,Mobile,Windows,Edge,True,bdb556707d4a9538a9f97aedc78d65026981c969fecab2643baf861abd5418f5,2026-01-26 20:41:40.059502
1091,121,Mobile,macOS,Firefox,False,97a1717a8dcf900cdb756a3ba5a7179231dab8eae8c000d90a77f487a3023c86,2026-01-26 20:41:40.059511
1092,302,Mobile,Windows,Chrome,True,dbae14fb42b0aa9da1294bda25fe9405debd46120aab76a7750dbe66ce417ef6,2026-01-26 20:41:40.059520
1093,803,Desktop,macOS,Chrome,False,559225c8c13a83c8d2442d66600031566a5efad09a0a373fe5c3b936545e0190,2026-01-26 20:41:40.059529
1094,911,Mobile,Windows,Chrome,False,859ac68583718341dbc2daf97bb7d3838c2b321092d400f2c089e9adbead2d0f,2026-01-26 20:41:40.059537
1095,3,Laptop,Linux,Firefox,True,3d2174708b49f10a5ca53c3ee50b77b12938dc1e0a6fc69413896081ab6c2ab6,2026-01-26 20:41:40.059546
1096,892,Laptop,macOS,Firefox,False,22a5110915300ac4e3497306620d0f51ee6f910371106da3e7f802fdfcfc7ba4,2026-01-26 20:41:40.059555
1097,580,Mobile,macOS,Firefox,False,813d8b1fdfaa382b8d48578b156714f9d0e4df74fdd16b59ffcae3e1cfbc48d8,2026-01-26 20:41:40.059564
1098,855,Desktop,Linux,Chrome,True,f52517e7bc4015dc2bdac9fefa05cf5821de0e192d7e8837f0406a71cdaba361,2026-01-26 20:41:40.059573
1099,517,Desktop,macOS,Firefox,False,4385412391f76ca1abb4a8c0a8abcb055be66d7d1f8cd2d30a2666fa7369076c,2026-01-26 20:41:40.059581
1100,153,Desktop,macOS,Chrome,False,29182f615bd1c20350294aa9c1a48f1bcc2f816176027eeac3f99bb52098a799,2026-01-26 20:41:40.059590
1101,397,Laptop,macOS,Firefox,True,04d09e27342a6298dd96ec97012a4534093863de25d57175fbe9ea5dacf4e4c2,2026-01-26 20:41:40.059599
1102,982,Desktop,macOS,Edge,False,558749b2a48e4972416353991dd1c946f8c20595b1014f46eeb1955bdff0b1b3,2026-01-26 20:41:40.059609
1103,662,Laptop,Windows,Edge,True,111bd94550704f0d2ceb716b4e4cb4f1f4f5dd575ff623f2d5c8d88c43ae1476,2026-01-26 20:41:40.059618
1104,586,Desktop,Linux,Firefox,True,d969a51d02b576fdd2388076cccca48879648ba9501360cad42926feed09c73f,2026-01-26 20:41:40.059627
1105,660,Desktop,Windows,Chrome,True,bfd6da039fffeadd5da07f1c270ae198b1b7d11a5e441458c720bfad285f2744,2026-01-26 20:41:40.059636
1106,981,Desktop,Linux,Chrome,False,b7d818aae9a92322d5a84f89c8c68583365ac668e86bdc3f683890b83202f5ca,2026-01-26 20:41:40.059644
1107,515,Laptop,Windows,Edge,True,844cf31078e9a6c53889a47b30067d806335e14c96b7ed453cc866bb19f64abc,2026-01-26 20:41:40.059653
1108,986,Laptop,macOS,Chrome,True,e135ffea67f1b427ec05c3b640eff5e72acd53c788002890cd7a8c7df2a8fd5f,2026-01-26 20:41:40.059662
1109,850,Desktop,Linux,Firefox,True,c33d5299213b4785303800d0031b3a72b1aa6126b5cab7936b73b98558cd751c,2026-01-26 20:41:40.059670
1110,827,Desktop,Linux,Firefox,False,b90c419fab699188a7e3d0b90728526207035b6d58a834615a45790c274fd9d3,2026-01-26 20:41:40.059679
1111,604,Laptop,macOS,Chrome,False,421457a255db67d6bf69f84a9484a5d8ae13d0cc16c17d839572a0f9e3a8c2e4,2026-01-26 20:41:40.059688
1112,448,Laptop,macOS,Chrome,False,337b9875e467ac9735905d7f5804274e4fa25a62a8543bcc571bf2cb9e23abc6,2026-01-26 20:41:40.059696
1113,392,Mobile,Windows,Chrome,True,34d74d827bb230c849a3278976b4ad2d24478062a4926adbbaaf58336736aee4,2026-01-26 20:41:40.059705
1114,555,Laptop,macOS,Chrome,True,a9a4e7e2fb9ea216ffd8bc74623b301ddebdbdb3996ff264694ef5dac2c94911,2026-01-26 20:41:40.059713
1115,262,Laptop,Windows,Firefox,False,eebb49927f5d4b90c21d42864316dd6160c0ef5f3dec6c14869e67936862fa62,2026-01-26 20:41:40.059722
1116,695,Laptop,Windows,Edge,False,2e4be4e09013bd7d68862549b70cb84c2493e333c27067f7d535c60b606cb5af,2026-01-26 20:41:40.059730
1117,186,Laptop,Linux,Chrome,False,eaba4ccfd0b0a44232fba9a2a9d4e00dbc651033a0f3aef8e745ba090eceaa2f,2026-01-26 20:41:40.059739
1118,400,Laptop,macOS,Chrome,False,69053cf533491561258ee54f42eadcd128c2d3957011eaa24d42e2bd9f38e6aa,2026-01-26 20:41:40.059748
1119,915,Mobile,macOS,Firefox,True,28ea877c56a59230108b57c3687b690a0a7d145d8064cdb1013784d8653e25ec,2026-01-26 20:41:40.059756
1120,54,Laptop,Windows,Edge,True,8bf7fbe2fbbe24e4e059a3fc94618526847e4d80d5390595660addca49faa224,2026-01-26 20:41:40.059765
1121,505,Desktop,Linux,Firefox,True,d4014641c77e83f9c85f03d848b4edbd63185a88263ebb9fbb11e1ba9d01de46,2026-01-26 20:41:40.059774
1122,276,Laptop,macOS,Firefox,False,f4a5c282f56ff011eae1cba876f0714cfe78d75b61f7dc5d9378b69002f7f747,2026-01-26 20:41:40.059782
1123,68,Mobile,Windows,Firefox,True,d48a2add53db4e839310847279d1553718169de11dcfaf76797903621a3fe569,2026-01-26 20:41:40.059791
1124,936,Laptop,macOS,Edge,True,a94e636943991c16e4adcfdece67ac1b87e2b625643cee0d28d0fe03988e1277,2026-01-26 20:41:40.059799
1125,253,Desktop,Linux,Chrome,False,8da22b8b65eb0615a36b85fc42eb4476329c2f536c26a555b35588ce6de59b3f,2026-01-26 20:41:40.059808
1126,582,Mobile,macOS,Chrome,True,806d51ab75e329f2c9b38306e7d1bde94fbb3546ab65949f9bb8e989a2ce11b2,2026-01-26 20:41:40.059817
1127,802,Laptop,macOS,Edge,True,432ca6121694be27312265a655760846a1bdec50867f1b531a95410d72a3590a,2026-01-26 20:41:40.059825
1128,801,Laptop,Linux,Firefox,False,e9f98f556661bb7837096888980e7403291f9407cb4341451d61164eb5774a0a,2026-01-26 20:41:40.059834
1129,43,Laptop,macOS,Edge,False,5357f62913d0104ac14c7be3bd34da1a1ae26c3e7e84495e8deb96208bf4fe6b,2026-01-26 20:41:40.059844
1130,669,Laptop,Windows,Chrome,False,ca6c9599407419e15c06f98d38ce15a9ac80657932e3bd2c151b183778d9d98b,2026-01-26 20:41:40.059853
1131,280,Desktop,macOS,Edge,False,9979582e1ecdcb81476943fbcb4d8c49f24688f9f817e54eeab6d8084aa1cd32,2026-01-26 20:41:40.059861
1132,360,Desktop,Windows,Edge,False,0fbbfd5ff7a81138b7ff5a7bcd42ce73c60f3ac5c1cd9d02c9e2a08fd01cb883,2026-01-26 20:41:40.059871
1133,47,Laptop,Linux,Edge,True,51b02b11cbf036d323d548f582dbc776cb941fc70e566a7014a99cd58dde6f17,2026-01-26 20:41:40.059879
1134,308,Laptop,macOS,Edge,True,fb34bd632edb1522825734221641af6af1084bf0c67d1f057820e1a503284ad4,2026-01-26 20:41:40.059888
1135,851,Laptop,Linux,Edge,False,d2e9ef3f8bbdbc38676b8c65cbb04fbcc64223aed841f6c638fcad5c40298b58,2026-01-26 20:41:40.059897
1136,900,Mobile,Windows,Edge,False,75849c5a4304305b9a7e466a826332722714e833c9d230ad4fdd8f4644cd31a4,2026-01-26 20:41:40.059905
1137,906,Desktop,macOS,Edge,False,0e60161d43e79a4fe3dc6a78aeb287f0520f23c2609cbe8719913ce0304ad9a5,2026-01-26 20:41:40.059914
1138,771,Desktop,macOS,Firefox,True,90720fd057ea9c1bfa070c976f93c96114374ec0b1527ed7058112fa05825794,2026-01-26 20:41:40.059922
1139,679,Mobile,macOS,Chrome,False,950793d6f8a41f907c63b16afb986b1fd5af3efe280070faef93d0842cac52d2,2026-01-26 20:41:40.059931
1140,983,Desktop,macOS,Chrome,True,ec4f0a0fc128b1e6003ebfa406d5fc23720c0dee690d4986378e808960f620a3,2026-01-26 20:41:40.059940
1141,662,Laptop,Linux,Firefox,True,2330df2f439ae2815dec56ca497aab872dc1226bcd978d003dd48805f2a0167f,2026-01-26 20:41:40.059948
1142,924,Laptop,Linux,Chrome,False,8bdb7099488f1b330de6f297657c8717aa9ee652d344931e03504113059b3f34,2026-01-26 20:41:40.059957
1143,570,Desktop,Linux,Firefox,False,764f0636024cd6497f90cc6b0c1fb0b18f5665e387247f0d7a3f51d56a994862,2026-01-26 20:41:40.059966
1144,552,Laptop,Linux,Edge,True,7b50a6a5b983f877f416c838c441fb007c9ed30f56039b435b7bb29ce7f574f2,2026-01-26 20:41:40.059975
1145,552,Laptop,Linux,Firefox,True,3ed6b28b58a22dabdf723ea2b49abfd1a488a39c8fa447131ea18a8aafb085f6,2026-01-26 20:41:40.059984
1146,362,Mobile,Linux,Firefox,False,8bf1519be87b706b1606a1b9280fd4f6fc0d90d1e73a6abfc9bad919d7878835,2026-01-26 20:41:40.059993
1147,182,Desktop,Windows,Chrome,False,e66acd65ae56b94e1113c285de0783f71e5a3f795fb2b4656fedb9c4395a950f,2026-01-26 20:41:40.060001
1148,380,Laptop,macOS,Chrome,True,58a424c465ba02be1380d67d8c0888eff394e8b0f70a87399879fc7627980aaa,2026-01-26 20:41:40.060010
1149,761,Laptop,macOS,Edge,False,40f20d53af7d1179d65ab32e57a82c9a9055bed1c9d41d9973c6b492061c9471,2026-01-26 20:41:40.060019
1150,197,Laptop,Linux,Edge,False,aa57b8148bbf418428ce147834293934512c2acd208d5143f2f30658b9a4ec03,2026-01-26 20:41:40.060027
1151,828,Desktop,Windows,Chrome,False,ddac15c2af0a56c475fed513b23bae7441d42afdadf97e41380d6a6ac381c3ba,2026-01-26 20:41:40.060036
1152,991,Mobile,Windows,Firefox,False,18286acff32d1e10235146a2ac2f990d4bbc71e871357954c9722f158b325471,2026-01-26 20:41:40.060045
1153,927,Desktop,Linux,Edge,True,32ec38ac62d9155b345a2491fa079bc75277b644c568ba20449c0cdfa2bfc1db,2026-01-26 20:41:40.060054
1154,8,Laptop,Linux,Firefox,True,64af3bbb0d95604a26c20181e1a953eec00ba0ec7917052907b4f0ca85a4b04f,2026-01-26 20:41:40.060062
1155,891,Mobile,Linux,Edge,False,8fddd190537b286fc9813626660edb1cdb52845f25bf0ac5461423e17f5189a4,2026-01-26 20:41:40.060071
1156,175,Desktop,Windows,Edge,True,ccf3c1106a0c0c010821ba9f9c143c8b98fbd6b7278d38f44a67d234b24ddf38,2026-01-26 20:41:40.060169
1157,67,Desktop,Windows,Edge,True,930976e5d5448bd7c6a4fed5e18e5b6a6514117be744376b5d62a7051d586d24,2026-01-26 20:41:40.060192
1158,131,Mobile,Linux,Chrome,False,61e55564ec0e6ba92f1429b6c358a6bc4c0575d8901d70d6a1072b795ed03a3d,2026-01-26 20:41:40.060204
1159,197,Desktop,Windows,Edge,False,96a9e402c1e3356068e5b188df6a3a95c1d59a4378d26d323eebb92187fe1665,2026-01-26 20:41:40.060215
1160,698,Desktop,macOS,Chrome,False,82cb2915d2d1e86a8825182f05c79c50851a7d67ccad23cd4f58d7cab55bce34,2026-01-26 20:41:40.060226
1161,657,Desktop,Linux,Chrome,False,f4148fb66889b02e8ae882c25f4b13ea02ebe146f234aae3c5700966f62a3c17,2026-01-26 20:41:40.060236
1162,443,Mobile,macOS,Chrome,False,510107e083181e909e8c12d739396e1ba5aa1ac90af15e869319170f530e7bee,2026-01-26 20:41:40.060247
1163,508,Mobile,Linux,Chrome,True,140c52e639e7ef3bfdd3e5bdfc135fc0392458b848f913329aae238a754e0b7a,2026-01-26 20:41:40.060257
1164,49,Mobile,macOS,Edge,False,7a1ea39685ebb3e8cde1fc0e35c21ba50422a26d61617c88a34c2f8b1b9b0b27,2026-01-26 20:41:40.060267
1165,324,Laptop,macOS,Chrome,False,32dd2b63a7771117ad96c05e6c16d8f1c14c431ec55e23b359f21f071af60e07,2026-01-26 20:41:40.060277
1166,84,Desktop,Windows,Edge,True,6ebd1cbe6989509091753385189712c3f20387f8ce5f31062ed34b28377f73df,2026-01-26 20:41:40.060287
1167,707,Mobile,Windows,Chrome,True,3163f5528d43ea736d5303798aae180d58e25cc00b616116cc795dbe0b8634a7,2026-01-26 20:41:40.060297
1168,169,Mobile,macOS,Chrome,True,ead37b9ff02cbecd2edfa11b72673a3ffe21c5da0527cb59556c8972e3c0d76d,2026-01-26 20:41:40.060307
1169,29,Mobile,macOS,Chrome,False,56aaa11ce784e5531ba975ad3c57dbe77bd4d5aba0ebb6f3ddeb093c9d33eef8,2026-01-26 20:41:40.060317
1170,861,Mobile,Windows,Chrome,False,39c137161d3faa76eb79b739405c4928502086f8c5b7e447628042c812c13936,2026-01-26 20:41:40.060327
1171,245,Mobile,Windows,Firefox,True,23e6ff9e96866e9c4cdd00d0be6c2ccae2ac0d80e14ed98300a3bcc3d2aa682d,2026-01-26 20:41:40.060337
1172,967,Laptop,Linux,Edge,False,d912c6bf2123ad9af738bf51ed61da69cb1a0ca606058c46b9c301fe859e433b,2026-01-26 20:41:40.060348
1173,783,Laptop,Linux,Firefox,True,7ed06d7c92571e6665f80f16d479e86c5403036269bc2f3d3cfc8ab6b6257961,2026-01-26 20:41:40.060359
1174,88,Laptop,Windows,Firefox,False,67937a9f346342f6bb0141592aee6b11ab01494f2682f861377243adbd731933,2026-01-26 20:41:40.060369
1175,912,Desktop,Windows,Chrome,True,050e0e8e4b7151fd4d7b9d40b18e2c508b6adcda6e11ecf6924a11a42f6d7d3c,2026-01-26 20:41:40.060381
1176,942,Mobile,Windows,Firefox,False,1e651faf109e9332f922d16e5b81ddf7c3e2a3b678823ba1c62cecb175dc2d7c,2026-01-26 20:41:40.060391
1177,68,Laptop,Linux,Chrome,True,a1da4dd5c4b0d5040022c4fed4b89882aab30d109ecee5020087505af8975a0a,2026-01-26 20:41:40.060401
1178,302,Mobile,macOS,Chrome,False,047994cadb1598f68db93cb99dcfb65735630648d8f48cce0a44f062871bb303,2026-01-26 20:41:40.060411
1179,239,Desktop,Linux,Edge,True,58ccb69932f0dbaffc9c3f6fd22aa7ee739eb1ad6e068062b598f12099e5155a,2026-01-26 20:41:40.060422
1180,465,Mobile,macOS,Firefox,True,b3667392479460d8da590ef9dcb81a23d8f7c7b75b44723c3f47823fca1a0da8,2026-01-26 20:41:40.060433
1181,348,Desktop,Linux,Chrome,False,4ac7c134c798aba57fced2afba1bdb329b26ac8a66df3e6f323c4a28c517d9e0,2026-01-26 20:41:40.060445
1182,530,Mobile,Linux,Chrome,True,a94349299f0500360d640e67d38a9d17eb5ae47e56fea520d46fd8559e7f65c3,2026-01-26 20:41:40.060457
1183,106,Laptop,Linux,Edge,True,5832aca0dc0d728125a69ae001e4bf463cf090a31c5a1b8e7359e539c523203a,2026-01-26 20:41:40.060469
1184,608,Laptop,Linux,Chrome,False,ddd287b202bd155d8c69ab2e1f32cf69ef8d35e497bd012020185baf6fcd8ae4,2026-01-26 20:41:40.060479
1185,364,Mobile,macOS,Edge,False,e6f05ba7a88b29f55b94344f75899f9707e0f5c91a340f9078a20bbd0f72206a,2026-01-26 20:41:40.060490
1186,191,Laptop,Windows,Chrome,True,627d2ac76332e4e11bce45324dac9b5c6dac911a790fad2b01579d6744d08d18,2026-01-26 20:41:40.060501
1187,131,Mobile,Linux,Firefox,False,3bdc6f66e35f094ef24499fb01511b16b3b344229b3b19ec7c7455a8aa3e51f1,2026-01-26 20:41:40.060514
1188,319,Desktop,Linux,Chrome,True,c1b4be21786c385710133862e9b12697d5f4c159cc66ed3703fb58974cd0e69b,2026-01-26 20:41:40.060526
1189,481,Mobile,Linux,Firefox,False,6179dd78bbecc6ae912f304951a966dd41f47ca6b0f87abb44ab292a508fa90e,2026-01-26 20:41:40.060539
1190,378,Laptop,Linux,Edge,True,5ece8f0e70d6040058a389b13ec125fd249e52dd61f6a5e35ef2ee433721a165,2026-01-26 20:41:40.060552
1191,59,Laptop,Linux,Edge,True,4751ae263ffca02f13bf860bdd6b34f18cbc2f019f7cd9e5181e82c2a733d4b6,2026-01-26 20:41:40.060564
1192,433,Mobile,Windows,Chrome,True,abfb7f0e38387e054d00198e6f45264c5644414a96c372c0fb912aabaf073c55,2026-01-26 20:41:40.060576
1193,805,Laptop,macOS,Chrome,False,99405f39f18972ea3b88de18102b9c9e1cfdc09e850a58473fa515555ff4adfb,2026-01-26 20:41:40.060589
1194,712,Desktop,macOS,Edge,False,a8ad12c38b7190d90c62584887264f69a020b2cf7b07bcd44f303656a4887e4b,2026-01-26 20:41:40.060750
1195,873,Desktop,Linux,Firefox,False,ed6e660bb5a9ecaad994b44565bfd9b61c57369fba781d904e3fb9d73e0123c2,2026-01-26 20:41:40.060778
1196,429,Mobile,Windows,Chrome,False,35d457246621b54619edb65da9c64f5b7c57d715863e7c67abc336d8ac10ae52,2026-01-26 20:41:40.060790
1197,898,Laptop,macOS,Chrome,True,ca123e2a9a70453068c01ff525b79877fd238b0725f001b1cebe91f8b6d341e8,2026-01-26 20:41:40.060800
1198,655,Laptop,Linux,Chrome,False,e52b2417e160bf3ebd50de819eeca3e137bb59836b24c181196ce1790d9a5f77,2026-01-26 20:41:40.060810
1199,639,Laptop,Windows,Firefox,False,e3a41fb1ba6d8229d7f4a135ea34be9bfd8ee55fec799bcde255c1ef35636965,2026-01-26 20:41:40.060819
1200,827,Desktop,macOS,Chrome,False,11719fec4ac760d75f6cbfff46cbab1e3ef71dfc48193a59217109692950d088,2026-01-26 20:41:40.060828
1201,189,Laptop,macOS,Chrome,True,f225ce48b10d97764264b80a2203c3890f41aa71b71b03cf35aee1b4c6080b5e,2026-01-26 20:41:40.060838
1202,367,Laptop,Linux,Chrome,True,1fef9f6f67bf3acc3ce4bee715219d296764509d469c86c03b46e6617eb30c4a,2026-01-26 20:41:40.060847
1203,298,Mobile,Windows,Edge,False,8c158af75c4f5298ddf2d297377e0b151e162e46ecee34aaeee66343503180cd,2026-01-26 20:41:40.060857
1204,45,Laptop,Windows,Chrome,False,5e11bbd53354dd9919c4de5d519bb3264974edb556860316cf61e6693adddf70,2026-01-26 20:41:40.060866
1205,179,Laptop,macOS,Edge,True,c7dae9dcddc67b3c38d5d8341bd8f55b15cc6686a0708f6ea6ea82f460b68b7f,2026-01-26 20:41:40.060876
1206,348,Desktop,Windows,Chrome,True,1c04ac4523913b2ebfb990267e78f923b17cb0d2dc55ad7e6ae6fcdfd0c79d12,2026-01-26 20:41:40.060886
1207,23,Laptop,macOS,Chrome,True,14ef4de1c20bca43ffc6f030769a4e3ad474eb12aac83151d5c5519f1c80bb03,2026-01-26 20:41:40.060895
1208,852,Desktop,Windows,Firefox,True,da95f0e681f4f63ac8670d81e04a3330aa05a07d5ecc451ac43391d03516cb8c,2026-01-26 20:41:40.060903
1209,347,Laptop,macOS,Firefox,True,2d6216a9d22f5379ca4bce3cf7edd3e996252dfef9d85a09d2110d72e6e2409c,2026-01-26 20:41:40.060912
1210,379,Mobile,Linux,Chrome,False,ec06547e70b0525551923beda12cb9c1c7bfe49ecacd4b6634887841c3adc52f,2026-01-26 20:41:40.060922
1211,900,Desktop,Windows,Chrome,True,b7d69cba9d76ae6cd0c12d24a2348ddbeba09760d2b82709fe74451f56f5aada,2026-01-26 20:41:40.060931
1212,904,Laptop,Windows,Chrome,False,1437e7ffc8d21015e124a50751bf75651c6aed0773040f1ca08eaba3fa9cba92,2026-01-26 20:41:40.060940
1213,712,Mobile,macOS,Edge,False,0c2793e46990e8cd9e430eb5a9ba1f4b2ffc4513a56005e4cc7d5ae21a292a08,2026-01-26 20:41:40.060949
1214,652,Laptop,Windows,Edge,True,13894a066cc7fbd67bc0c0072b47910e6a6438de2f85b874c5e2f433c08061c7,2026-01-26 20:41:40.060958
1215,875,Desktop,macOS,Chrome,False,3a28a8b2946c05e2904b137dc10e51164a3cc7a11f37523a59f67366049c6299,2026-01-26 20:41:40.060967
1216,254,Laptop,Linux,Firefox,True,d7f08366e6b84d9090d55aa76fcd9b5433f8f5280225766945897f6315d457bf,2026-01-26 20:41:40.060976
1217,872,Desktop,Linux,Firefox,True,52d3edb78e38cba323429b2618bdff45d811dff9707b4ba4beeb5beea7057351,2026-01-26 20:41:40.060985
1218,745,Laptop,macOS,Edge,True,6c28318c92f0fd80ea1146dd58bc4457857c4a2764ebdbde4e3e42185803de39,2026-01-26 20:41:40.060995
1219,172,Desktop,macOS,Edge,False,79d9f3268fb3429f34e899d5c87be0cb24ce74609e399d4a4268183182f77ce2,2026-01-26 20:41:40.061004
1220,511,Desktop,macOS,Chrome,False,53dc6eeb40b8c52cb531a28af9674285f4a2a2721a25c3f92a21caf9f2288eba,2026-01-26 20:41:40.061013
1221,730,Mobile,Linux,Edge,False,4b9778cc0811bbf129bb4e423c72a719c5d9d6223cccee814e929fc545a54e2c,2026-01-26 20:41:40.061022
1222,733,Mobile,macOS,Firefox,False,8f6808e9adfd39bcec9e5d2cc25f4d5004fdf7c026e929b202aa5e0bb5727413,2026-01-26 20:41:40.061030
1223,654,Desktop,Linux,Chrome,True,c330dc700794d971f2bae491cfaaec03f592268a3ab53509fed6c323ed1ff98b,2026-01-26 20:41:40.061039
1224,225,Laptop,macOS,Chrome,False,10971473381199af17515246c492500f347477b7135d59135a3020d05783196f,2026-01-26 20:41:40.061048
1225,224,Mobile,macOS,Firefox,True,4d79fab22531cbba05592a70949a9821b9149fe46aa7d6055db78db11a21f811,2026-01-26 20:41:40.061056
1226,958,Mobile,macOS,Edge,True,8d40441645f9f81fdae2fab45093fd7fed1a949e239e48513651d7840dc3c9de,2026-01-26 20:41:40.061066
1227,138,Laptop,macOS,Firefox,False,06c332bc0df2a3466062737fa58adae845da2f88005e7076f9ed2c12757a0df2,2026-01-26 20:41:40.061075
1228,236,Desktop,Windows,Firefox,False,8b7dc43781409ebb1dbc0b1d8da385551062ad2a241433e4e47bad526ade327f,2026-01-26 20:41:40.061084
1229,437,Mobile,macOS,Firefox,False,7e0bf9451e18ccae22bc826fe9eb1f18b4e54075a2c8435939c051509f676ced,2026-01-26 20:41:40.061092
1230,377,Mobile,macOS,Firefox,False,b15c37e36aafb4b95cc40ae5b5f56f80200a357b8744e625081cf02947e8dd06,2026-01-26 20:41:40.061101
1231,26,Laptop,macOS,Chrome,False,e7de6b2f13b4da0cdc73a59d18707d6751f0a10379577d5d3233f534648a5fbb,2026-01-26 20:41:40.061111
1232,661,Laptop,macOS,Chrome,False,da66d2065f4b0f14a320991d3b89804e0f7792f0a56d0fe6d5347adf0b630966,2026-01-26 20:41:40.061120
1233,863,Desktop,Linux,Edge,True,0c5cbd64873cb2bd3ec63305856161757cd46f04398f6a65f2b54e2c2c8c5e6a,2026-01-26 20:41:40.061631
1234,805,Mobile,Windows,Chrome,True,1b1c2147700b1665de9d946620a75604ab546ba85fe27089699484dd6b37ea94,2026-01-26 20:41:40.061657
1235,74,Mobile,Windows,Edge,True,d9b937b88eed04c95ad29e1b1cb61980ccefe6e41e027a15f4dae62d7c44e75d,2026-01-26 20:41:40.061670
1236,342,Laptop,Linux,Firefox,False,dd5fac350d1b5849489661d09a24f253e4a4433d04734570f4e44f392476efa8,2026-01-26 20:41:40.061681
1237,310,Desktop,Linux,Firefox,True,e4c4b7c91a598874ee1577c310b740baa9eb39794db50ed13fe6771ba91aac7d,2026-01-26 20:41:40.061691
1238,723,Desktop,Windows,Edge,False,a9f6fe2ec9825d3e340e851b4082005ca9525994b629138bc6ab1b9d45e2c374,2026-01-26 20:41:40.061702
1239,9,Mobile,macOS,Firefox,False,dbcfe6ec4fb12d443b0d7d78281e023fc4da9925ca8e84b1f52aad4e3d410f57,2026-01-26 20:41:40.061712
1240,969,Mobile,Linux,Edge,True,b17aaabd9bb5aa801be62590754e7b3ce46460a2c57a28ef53545570792064a4,2026-01-26 20:41:40.061723
1241,484,Desktop,Linux,Chrome,False,82e02e4b67a4251024bbcfc2d3f49bedec6e6fe09b98241818b327b942e7a5a6,2026-01-26 20:41:40.061733
1242,234,Laptop,Linux,Edge,True,5f6796f43b376431d202452a94bf293c77162e20ab7d7f7a7aad08988cd0d4d4,2026-01-26 20:41:40.061742
1243,486,Laptop,Linux,Edge,False,be1af101b16113048fc98b19d2b00223a1168e79c1773f692e11152942bb24ec,2026-01-26 20:41:40.061752
1244,740,Mobile,macOS,Chrome,False,9a8fd482e9e2b9e71ed3c146c81101fc42b6e64686679b8c30e790c4ac4dcd03,2026-01-26 20:41:40.061762
1245,867,Laptop,macOS,Edge,False,862183a4dfea947469358b2aaa046c8e26352a14c24d957f8ee83eba3e12255e,2026-01-26 20:41:40.061772
1246,215,Mobile,macOS,Edge,True,99215d33c90d634740a3910411bd1ad140cdbdebe0872fc6f14966d15ce5ddf5,2026-01-26 20:41:40.061786
1247,384,Laptop,Linux,Chrome,False,1a395e8608e8233ada4ec163893c38c7391c47649d4be1962f751100dab33d25,2026-01-26 20:41:40.061796
1248,966,Desktop,Windows,Firefox,False,fbd2eca544c075d057546755c03cd7ccc5f9ad42ad3d832bc641a43ce60f180d,2026-01-26 20:41:40.061805
1249,348,Laptop,macOS,Firefox,False,352752dec8189dcc374d999e2304605e45dbfeab253c46875fdea7f01be2d5dd,2026-01-26 20:41:40.061815
1250,782,Desktop,Linux,Firefox,False,43001068862377b73e0b1526fbe98026aed497852460f3ec57a634968f43131d,2026-01-26 20:41:40.061824
1251,602,Laptop,Linux,Chrome,True,b4bd35b137df4b376a6967005e67d9f495c6d9cfb5966b2cb90c2312360b269a,2026-01-26 20:41:40.061834
1252,158,Mobile,Linux,Edge,False,9fae22f6c14e3d38dc4ef354f0e6f979642f15651c3e56cec17cf78edd4d73fb,2026-01-26 20:41:40.061843
1253,391,Laptop,macOS,Chrome,False,f561561145e7c9fd04d80c8e609eda382546462ba86c2d5c4894674fc453969a,2026-01-26 20:41:40.061853
1254,193,Mobile,Windows,Firefox,False,fdd913888287ba43fd13e1b48687f46fe39b517df48544d7cc1e1b55f4c6f206,2026-01-26 20:41:40.061863
1255,655,Mobile,Windows,Chrome,True,0a96f5964f0b89c1ae7b682ad59727f5315ab0ff3c0f3682e56378a1bd006373,2026-01-26 20:41:40.061872
1256,692,Desktop,Windows,Chrome,False,9690cfde4607b8fdbea8cbc2a8ca65919e9ad946fa4df7c0cc40f401f647bcae,2026-01-26 20:41:40.061882
1257,28,Laptop,Windows,Chrome,False,2b210b6db58f7544975c4aadf30100e9a572a2d1793d0668a519e0c59a767c2d,2026-01-26 20:41:40.061892
1258,291,Laptop,Windows,Firefox,True,bde5f3ae350e085ac297c3d0ef6067ce7d4433cf739b68e1c9e870589d0082d8,2026-01-26 20:41:40.061902
1259,466,Laptop,macOS,Edge,True,8c672fbe5c4c310f2df8924e2688799cd0afeb84f2b8ac265f66b452ca781d1b,2026-01-26 20:41:40.061911
1260,176,Mobile,macOS,Firefox,True,97b1784225dc33480fcf21d6bb6434db64ce16b0ffc2813117a8e90fb3166303,2026-01-26 20:41:40.061923
1261,114,Laptop,Linux,Firefox,False,730c791d007dea0867a2473e302df6ac710ba1e168340e6e857decdbed19b751,2026-01-26 20:41:40.061933
1262,761,Laptop,macOS,Chrome,True,5a8ef2ba665ea3f81eb7b5ad8a87e8a9b921967c29f9a4e8f22a1129cf3e4f85,2026-01-26 20:41:40.061942
1263,892,Laptop,macOS,Firefox,False,ec9ac253ae441ee1c57c266b4a2a596e8164149b1fb104608f31c2ab23d87cce,2026-01-26 20:41:40.061952
1264,163,Desktop,Linux,Firefox,True,9fba6d711d1b701bb4cb413ee4c8804787a98528ad3a3de0023f15e4735947f5,2026-01-26 20:41:40.061962
1265,515,Desktop,Linux,Firefox,False,bdbf61fcd9238ea81faa97f12270daab3ddc5c2db50f57e86480c9bf4d250bf5,2026-01-26 20:41:40.061972
1266,207,Laptop,Windows,Firefox,True,5209bb11fb828ca88504b7d36e2e9417b654ec2e73ef171c36d8d1720083a4e5,2026-01-26 20:41:40.061983
1267,845,Mobile,Linux,Chrome,False,e4dac5fd46016fa30d962cd216367589c60d09433088040a45b24684b3d78c3b,2026-01-26 20:41:40.061994
1268,933,Desktop,macOS,Firefox,False,5da83358f5d5d252201712c4caef35b835b1278d1b050ae2e9efe78abd6bc312,2026-01-26 20:41:40.062005
1269,590,Laptop,Linux,Chrome,False,32a387fb655c27783e748d0235d93e8a2ea4973f44039e5ec63b215f571fda33,2026-01-26 20:41:40.062016
1270,662,Mobile,macOS,Edge,False,71bd85f5bf924dcb07e88490dd5bfecf410f649175b8062cfee019e1e737c553,2026-01-26 20:41:40.062027
1271,401,Desktop,Windows,Firefox,True,6f9a7e0de19f5e5479152ccfaf07f48cb972f06cf3727da6165fbdcaf52af73f,2026-01-26 20:41:40.062038
1272,184,Desktop,Linux,Firefox,False,35278574a423d2b1cd212f755370ec1dfb21367ef015460ad31d062680ed7acf,2026-01-26 20:41:40.062049
1273,394,Desktop,Windows,Edge,True,af7bfa6b8f22435ebfe0b605b22a76d4c59ed5e1741d181831da0620d14c3d29,2026-01-26 20:41:40.062060
1274,403,Desktop,Windows,Chrome,True,5ff385faf6244e9e8930563fb20c06617183dfa47ece6c6c0d03178b12b9c084,2026-01-26 20:41:40.062072
1275,281,Desktop,Linux,Firefox,True,c9bac6de1d70e4f4a8211c140501aafbd1867c150a4023768beb6858dab20ae8,2026-01-26 20:41:40.062085
1276,715,Desktop,Linux,Chrome,False,81d6745c6b18e64e9faeac6ef263dfa491d1e6bb08a4a400f90bae61dcc5e41b,2026-01-26 20:41:40.062095
1277,422,Desktop,Windows,Firefox,True,166d30561ece565aba19122bb51f5d7d63bd510d9338b0985990e1e98b308287,2026-01-26 20:41:40.062106
1278,774,Laptop,Linux,Firefox,False,a5385c228177aecf5b0c0891c3873955678ec21660dfbfb5306758d4098ca7d6,2026-01-26 20:41:40.062119
1279,462,Laptop,macOS,Chrome,True,06cd47de418ad805b847a5baf723498828455280817f6977e776cc385be4514e,2026-01-26 20:41:40.062129
1280,474,Laptop,Windows,Edge,False,644d385d0350713c28d0e646c0ed2dc5c5481cb48b1ca4c09fd754e2a790d46f,2026-01-26 20:41:40.062140
1281,391,Mobile,Linux,Firefox,True,3e12a9bfee00767deb6f7a04945b6230e557977e87cdd2937decdeb0924451d4,2026-01-26 20:41:40.062150
1282,407,Laptop,Windows,Firefox,True,240ec545c7e515398e3416fae73c4359b15706ebae640b9c42552b29464d78b1,2026-01-26 20:41:40.062160
1283,727,Laptop,macOS,Edge,False,c195237bef5aa99de1a5e5fcc6752f9175163c9dbeef16522ebf6b1f56a1448e,2026-01-26 20:41:40.062169
1284,497,Mobile,Windows,Chrome,True,55d6771c0c1fcfc60bc7a60aa605d921da43f9d9bcbdfc349648de0bc029f450,2026-01-26 20:41:40.062180
1285,731,Mobile,Windows,Firefox,False,25b7e051563cad937c6644010daf94293ea7e8ed2d0df9dc978d2d32c5705e44,2026-01-26 20:41:40.062189
1286,862,Laptop,Windows,Chrome,True,11f35ea20009e695ed8ea5f73099650b0b7b889a5a7f0af080973b49c5c71987,2026-01-26 20:41:40.062198
1287,182,Mobile,Windows,Edge,False,a5a6767d67acd484970a76a07ddb8cf9f50bce58779b5ec3dd2c04a1aee06c67,2026-01-26 20:41:40.062208
1288,173,Laptop,Linux,Chrome,False,34e70d429fb51571406cfee1e13eba4f431345c7bd38289c85c4862154ffaacf,2026-01-26 20:41:40.062218
1289,158,Mobile,macOS,Chrome,True,96155fc9715aed9494c517acb948ec95e1fc8bad23a1cfe16bfa44ceebc6ce74,2026-01-26 20:41:40.062228
1290,732,Laptop,Linux,Edge,True,dbce5858c9f156461037521b07bd8be9dad45c5c62bdec330f938de10146890f,2026-01-26 20:41:40.062239
1291,453,Desktop,Windows,Edge,True,2ba78c647a799d631717e2c30bedc203c94d64776cce73dc579c116d7a302b7f,2026-01-26 20:41:40.062249
1292,400,Desktop,macOS,Firefox,True,f0345fbbd7d93f4ad1e736dacd4dfaccf49a9b2f40f50f45c1baea26a1e41cc3,2026-01-26 20:41:40.062258
1293,613,Laptop,Windows,Firefox,True,6e9462d97e1ec5e4ea238ab721f36b69e8d1856c4716b13da2d7fd1e2aedb63a,2026-01-26 20:41:40.062267
1294,952,Laptop,macOS,Chrome,True,ce878b71de21ce73d474aa35e138cfc399b06a51c5fd7c8e39febecea8fcaf52,2026-01-26 20:41:40.062278
1295,94,Laptop,macOS,Chrome,True,af07c9c7341410452403d31e551761a885345443aa44dc67a9063f6e676f0b8f,2026-01-26 20:41:40.062288
1296,346,Laptop,Linux,Edge,True,7270178bca37771f8c917837d67dfd6b2a0c4be008785ff5b905e7bc6cbec97a,2026-01-26 20:41:40.062299
1297,226,Laptop,Linux,Chrome,True,38cb37f50f452d97dcad259c0cee8f5a8cc379c3a47412f335e0541a27569b86,2026-01-26 20:41:40.062309
1298,46,Mobile,Linux,Chrome,False,637e6f467af1251b7db5fbda1535b46c570a8f92b006bbf2c0311e2389865fd8,2026-01-26 20:41:40.062318
1299,331,Desktop,Linux,Chrome,True,c51146390108122e5cb3eb8c60022c72abaa3b42f2e207c3f0ffb5dfa90a2ec7,2026-01-26 20:41:40.062328
1300,957,Desktop,macOS,Firefox,True,26b5f84a12b35272e5a46ae654be57ead75f8973ef896e3a998b53d24eabf4ae,2026-01-26 20:41:40.062337
1301,238,Laptop,Windows,Firefox,False,c5fafe2100b68ceaee0e69fb8416663417aff421329a7f76f571f21e159466b9,2026-01-26 20:41:40.062347
1302,178,Laptop,macOS,Edge,False,f5d6095ae79d748816e6c2f7e45aed02e40fc1e784d3258edc587a55bd7cf3f0,2026-01-26 20:41:40.062357
1303,13,Mobile,Windows,Firefox,True,feae2382e5c0014391454d18f967dd890e4c293194f50ab54314b4be281aefec,2026-01-26 20:41:40.062367
1304,68,Desktop,macOS,Edge,False,ce0ad62a99e05bd06ae5b2ab717dbd7813963bb7ebfa3de0a45d9ce31e601071,2026-01-26 20:41:40.062378
1305,45,Laptop,Windows,Firefox,False,9b91817ce9ad73cf9bab49a3d0ed25296b821983f211398b913583bf1202d6ce,2026-01-26 20:41:40.062387
1306,786,Desktop,macOS,Chrome,True,8b6427db4b1f274562ac9842ef3277173f31f9fcdfc6feea6f845c1ac9bd161f,2026-01-26 20:41:40.062397
1307,258,Laptop,Linux,Firefox,False,82715f010dfd90f98c38d163a47a6d411ee40fe37fd1cee175e2787f6dee606b,2026-01-26 20:41:40.062409
1308,695,Desktop,Windows,Firefox,True,bd8aef1c89a98090bd0a355cff26f11c666b0f816925a7ac5f562e247fab28bc,2026-01-26 20:41:40.062420
1309,651,Desktop,macOS,Edge,False,1787f4870f32942ebe348b0d6e34aa85124f2cd5912bfe244ba3bb9d6886a6f5,2026-01-26 20:41:40.062429
1310,70,Mobile,Windows,Edge,False,e99656cdd686364e37f53378ffed117d977ef3087c81291fcac0bc47e3a0082b,2026-01-26 20:41:40.062440
1311,392,Desktop,Linux,Edge,True,7bc7dec34964521d48d0d91c4dd85ccf650d2be19fa057074db966bb6b3d4525,2026-01-26 20:41:40.062450
1312,516,Desktop,Linux,Chrome,True,217b9d63b544f2f661f9fdf1160814924a1e08da10f125ddf99cdb51d8e67ea6,2026-01-26 20:41:40.062459
1313,22,Desktop,Windows,Firefox,True,6ea91491b3755458d4e97f23fc2d0584838721de34df6be9ec65bb0a48a59aad,2026-01-26 20:41:40.062469
1314,756,Mobile,Windows,Edge,True,fb72b437126a46a9fd5706eb4c66260da206db670c45204e5a0d48663dd84cc9,2026-01-26 20:41:40.062479
1315,62,Laptop,macOS,Firefox,False,ba9add079129f49982fe168d2519b578dade942cf5125bb1f57fd58f07942be9,2026-01-26 20:41:40.062490
1316,207,Laptop,macOS,Chrome,True,b637d2c99436067b54e4d4c36b618b9a246d9a74fed69630802c400b095d0c0d,2026-01-26 20:41:40.062500
1317,244,Desktop,Linux,Firefox,False,dc3d0b28a07cdce164940328e7e6301646204c603fcdb9cb8f67358dd416ee7f,2026-01-26 20:41:40.062509
1318,138,Mobile,macOS,Edge,True,9255dd7b302c8c29c8a49e2c5e2c998920200d5d5b5f266a6f1fd3ce2064c491,2026-01-26 20:41:40.062520
1319,534,Mobile,Linux,Firefox,True,7fe2506acdb16e675259dade7cf02e649c2c66253917a4b4c28a3a886ab4c988,2026-01-26 20:41:40.062531
1320,235,Desktop,macOS,Firefox,True,a8f221053cfb6004178ccf217b771b57942e4c49810aea50ab0791a5290eee62,2026-01-26 20:41:40.062540
1321,211,Desktop,Windows,Edge,True,addeddbf175dfdf5024697ea048bf5097e7a33872886a63a6522736871d56bdc,2026-01-26 20:41:40.062550
1322,821,Desktop,Linux,Edge,True,a4f120f934d513d539e5b3bc735fe021d38cf977b078433c3f0a1077580c53fb,2026-01-26 20:41:40.062560
1323,623,Mobile,Linux,Firefox,True,04851ffbf8d428d5cd68b1bc9446cd0bc557709453e739d8fe94eb85f215ef25,2026-01-26 20:41:40.062570
1324,453,Desktop,Windows,Chrome,False,9993ac8da30da699ad9f4e9bbe407abc32151e322687b694b6080f8c7fc9df61,2026-01-26 20:41:40.062581
1325,72,Laptop,Windows,Edge,True,fb9e29c7e6965e6d862f73f1eae29a659dbc931003c2e4b0b962e0b3098e2ad7,2026-01-26 20:41:40.062591
1326,961,Laptop,Windows,Chrome,True,8792e4945a647d5cf40fe89c4b1acdfe0c8d356e71f25172049f5a29abe1b94e,2026-01-26 20:41:40.062600
1327,607,Desktop,Windows,Chrome,True,4a00b3d64ec670baa49cfe956a70f4e6f73badbb4eee979d269d82e5970320cb,2026-01-26 20:41:40.062609
1328,437,Desktop,macOS,Firefox,True,8774355b4e3b18cac5d2e15468b4469d94df8f175eb6f61f4532116785d5dc12,2026-01-26 20:41:40.062619
1329,739,Laptop,Windows,Firefox,True,685b27d5f5c2d512b7914a8f21520f48b90694caa07af3482b1161eb0cdd51c1,2026-01-26 20:41:40.062628
1330,621,Laptop,macOS,Firefox,False,05de44b2a1f17d6f6b5f5f2ea5ca13aa103e7ce878d2d7a7cde121a7ab90c645,2026-01-26 20:41:40.062638
1331,991,Desktop,Windows,Firefox,False,291184daf0b869a34b6220720a9b0ac416b01ef4cc942908124283a2be561395,2026-01-26 20:41:40.062648
1332,82,Mobile,macOS,Firefox,True,28e6045d77c41f790ba6396227aba9ab11ac9737f619a6dbb007d549720c4b04,2026-01-26 20:41:40.062658
1333,483,Mobile,macOS,Edge,False,725d51b1fb5d35e93f48e3f11f0fd65ebd19897dbcc2ba53ab45cd8eb1ebae6f,2026-01-26 20:41:40.062668
1334,779,Laptop,macOS,Chrome,False,ef187eb3e0d82b7d2e76262992815ec5a926c56fe6aea4761d91c3ca595bc380,2026-01-26 20:41:40.062677
1335,438,Laptop,macOS,Edge,True,9bc0b38c3eed33f321ad476c1cb43322837b7e5420b69c507041fffebb519db2,2026-01-26 20:41:40.062688
1336,567,Desktop,Windows,Firefox,False,4ebe0ffa958713435971f073ebc089736fd9b39f5d6ca3a7f0d806c4277c6d25,2026-01-26 20:41:40.062698
1337,475,Mobile,macOS,Firefox,False,682940f2b6c7ece008e8fad6377ddad3802e5df3f3d34dc967b766d767236f67,2026-01-26 20:41:40.062707
1338,576,Desktop,macOS,Chrome,False,986bbd5772998641ead2d0cdc65f3dc0fe28050ec05cabecae8cc0dd9a4c25cf,2026-01-26 20:41:40.062717
1339,140,Desktop,macOS,Chrome,True,3175a998c0086c30144a7a4ad843e4fb6e1dfd8d6c94793c649940c2235e72c4,2026-01-26 20:41:40.062726
1340,939,Laptop,Windows,Chrome,False,b08e3e3c18677c225207bdf4091498736be9af065c2170bee1bc832c875d329c,2026-01-26 20:41:40.062737
1341,504,Mobile,macOS,Firefox,False,1945896e9499178c925cb25759fabdc49468dda19ec776905f73ee3cfcd73c20,2026-01-26 20:41:40.062746
1342,394,Mobile,macOS,Edge,True,13b1d7bb5f2dc999bb39a38a49056a47e4f80ff9fe636b86e80f43cffcc29a3b,2026-01-26 20:41:40.062756
1343,419,Laptop,Windows,Firefox,True,73223e9938a5a146ac2bcbc8f759145d1c13efc15838a697154e4e46db9d7838,2026-01-26 20:41:40.062766
1344,199,Mobile,macOS,Edge,False,deebbb25dcb872639bdfb8f99ddfde1a21e2821e68f702622e6d68d4b7b9d886,2026-01-26 20:41:40.062776
1345,522,Desktop,macOS,Edge,False,be4f7281f4d1cfaa50c32743ad18c1ea5c4db6ca43ff13358b420a58a3939293,2026-01-26 20:41:40.062786
1346,714,Laptop,Linux,Firefox,False,a6a1f1018214f753f3c85bbe1cf38e5a2ab678b6f937ee9aa2fbf01ab9307981,2026-01-26 20:41:40.062796
1347,754,Laptop,Windows,Firefox,True,0db58637bb8428f36288e9dafc3c98ced68446e8fc61390530d020e270975f75,2026-01-26 20:41:40.062806
1348,944,Mobile,Linux,Edge,True,bdb0d85f831a7d253b3e5dd962e48ebe6bb0d0ca20fef5503f57a735957b3af0,2026-01-26 20:41:40.062816
1349,715,Desktop,Linux,Chrome,False,c3a2b31282a04646fe5ed4ff5c56c62d7cb2a57ab5ec16744bc84069b57b2f1d,2026-01-26 20:41:40.062825
1350,620,Mobile,Linux,Chrome,False,46b52f69dee6f9fc98c7068ed8a8e15dda029921effe7ebb4d87f8c5234a4898,2026-01-26 20:41:40.062835
1351,254,Desktop,Linux,Edge,True,64a80e51267d43e0e0861701019bc603693f49c2274b868df0210db0153f75a1,2026-01-26 20:41:40.062845
1352,13,Laptop,Windows,Edge,False,87afff004c31debba141d2039ddf3a8256bebbc86ffd2b3c6a028bb4c6a0de76,2026-01-26 20:41:40.062855
1353,408,Desktop,Linux,Chrome,True,099a7753a0715bac57fa7ba4811f202d58dc7d5f0cf5fdd68351a52118f715f4,2026-01-26 20:41:40.062865
1354,898,Mobile,Windows,Firefox,False,4df47d1bff189c83aac08b881183b92d416607f1f47a81f3c4caff9fe8d381cb,2026-01-26 20:41:40.062875
1355,709,Mobile,Linux,Edge,False,dcce1cbc0378d047c2bc4d1844896cc307935e02e26a6c85c18a74b36dffcead,2026-01-26 20:41:40.062885
1356,601,Mobile,Linux,Firefox,True,a5e05c1731706ecec40d5ec34ddcdc2095cd614270274f1bb81e73d3497772d4,2026-01-26 20:41:40.062896
1357,112,Desktop,Linux,Firefox,True,580ddf9feb537de25d6f7e563e15d86b2e5a77cdeae1a86e7a84220eb3e0bfbf,2026-01-26 20:41:40.062906
1358,276,Desktop,Windows,Edge,False,5b8e09f7be06ec3a74e51973dae9f458d359c204756870b8a0a82aec9bf5a89a,2026-01-26 20:41:40.062916
1359,716,Mobile,Windows,Chrome,False,21e17ffea45a28b9e26665ed2a18eb01244eeb29493d550ffc0eda1431f51fed,2026-01-26 20:41:40.062925
1360,2,Laptop,Windows,Edge,False,bea185b3bec833ab6f68f0c79dfb2ec27f46a50cb02e945415b70d44cbd50430,2026-01-26 20:41:40.062935
1361,538,Mobile,Linux,Firefox,False,6436789004f5864c57e934a3962b5ee263ef9290f084ca50ee8149efed2168b7,2026-01-26 20:41:40.062944
1362,175,Laptop,macOS,Chrome,True,af37127d283caf5f4aa4fbc6af6df7f156c7cbbea4c9cfbc158aa7a61301c85a,2026-01-26 20:41:40.062954
1363,203,Mobile,Windows,Edge,True,238f45fa88494e694a0dcdadb866b37527dc1d87105af0a6cd522f0628a152e1,2026-01-26 20:41:40.062964
1364,462,Desktop,Windows,Chrome,True,da2e7ccdc33fef6f6402d7450583b3ea9d977f0873655356b3825afbb7c75c10,2026-01-26 20:41:40.062974
1365,61,Desktop,Windows,Chrome,False,cf4646abebe9c963498087c6d0ed662065d75ff3cc1e54c536908b7032e72d00,2026-01-26 20:41:40.062984
1366,924,Mobile,macOS,Edge,True,2cb815214786b928bdeb148f475d499a53291dd9c02d9cdb683485dd5d4e929e,2026-01-26 20:41:40.062994
1367,890,Desktop,Windows,Chrome,False,231655a827a45ecb3d02d74f0a3bb4cdbeff0ffbecfa3611cae3d094191b3448,2026-01-26 20:41:40.063005
1368,88,Mobile,Windows,Firefox,True,054502697fec5841d1f63130e473bcc4fee89f4979e7674733b5b3088a8d474d,2026-01-26 20:41:40.063014
1369,351,Laptop,Linux,Chrome,False,903958500a73f77141bfe45d21cb026bf8420f4c227b50497d9d3c4ba2c93148,2026-01-26 20:41:40.063024
1370,497,Desktop,Windows,Chrome,True,e8eee86142693499b865b8608244d8a5e823460dacbcc2ea24e38624f5f341d8,2026-01-26 20:41:40.063034
1371,273,Laptop,Linux,Edge,True,b495cb46df952b48aef6e42f238485c437a487bad0bdbbb77ce9f3dfa0555e6e,2026-01-26 20:41:40.063045
1372,100,Laptop,Linux,Chrome,False,34e0d681fa079cdf850d7d5f8810c1f48e75cca4433cdd687b6f9413d553cc81,2026-01-26 20:41:40.063055
1373,618,Desktop,macOS,Firefox,False,d18138a658280a70eb8000e071b70919d62c722373c5cd7cba2a02355a726a18,2026-01-26 20:41:40.063065
1374,776,Mobile,Linux,Firefox,False,b178ec4d62a7550e6a924a9287d9cb9b06c90c3e8a9a72081c5c2fd29b822598,2026-01-26 20:41:40.063075
1375,380,Desktop,macOS,Firefox,True,035e2be3c84586b988073cb64de6921aa8c3cdcd132d4d612922479d39f076d7,2026-01-26 20:41:40.063085
1376,964,Mobile,Linux,Firefox,False,f7d48817c3e2c88083768b27c987697ff9773c96703c656d9d38a41ed6db1058,2026-01-26 20:41:40.063094
1377,626,Laptop,macOS,Firefox,True,167859aafa93bb35bce1400b024ff60f2239fb526bb14f3e5a18265626ba08a4,2026-01-26 20:41:40.063104
1378,4,Mobile,Linux,Firefox,True,1c8657b73da28c02a439abf7336db33883739ae598f33cbd40e9181b6097df46,2026-01-26 20:41:40.063114
1379,27,Desktop,Windows,Edge,False,8fd2d71c05bd8618ab8a3ee18f9cd8749dff3daf649d8957f4de7144f573e9eb,2026-01-26 20:41:40.063124
1380,974,Desktop,Windows,Firefox,False,2e179131253033be3bb9f7c65675b9b629909a6b2dee303b47cb32aa977412b3,2026-01-26 20:41:40.063133
1381,634,Desktop,Linux,Firefox,False,a3aebe277838e754ad02e37e0036c9eedc2f25bd6d01ac3a416dca0bca32cce2,2026-01-26 20:41:40.063143
1382,677,Laptop,Windows,Edge,False,8c8a1ff7604fdf24cd43f332719047a667eb8e86bc3717ff143ae22279f6d628,2026-01-26 20:41:40.063153
1383,18,Desktop,macOS,Chrome,False,02a5282a6f7a48899d0283a1889dd7158dc0a1920e901e4bc15584c12ccf1ef1,2026-01-26 20:41:40.063164
1384,695,Mobile,Windows,Edge,False,245592a3e93d160b733c514c72c1991924ead0943632a9dc5b0b8060183651c0,2026-01-26 20:41:40.063174
1385,410,Desktop,Linux,Chrome,False,839a28f4c81fba1598dbdbd373b9977e2b7ec0b9ce1b8d6ea96be8961f998f98,2026-01-26 20:41:40.063184
1386,439,Mobile,Linux,Edge,True,94f6061017bbc0229f3566e0c92a4c23ac4bbb27928e14dfa168585a24352d17,2026-01-26 20:41:40.063195
1387,752,Mobile,macOS,Edge,True,e3b7138ddd9b1b96c9fe364b0783085c4cd0ef97d9ec5005feacec7263f9391e,2026-01-26 20:41:40.063205
1388,730,Laptop,Linux,Edge,True,e7412ea66a4a10568fbbc9e7599f1022b7335f7079f3e5bc726cd14bd4b75569,2026-01-26 20:41:40.063216
1389,131,Mobile,Windows,Firefox,False,e83d59b3175e1c0dc4f01ed7a168eeb60f96be7d19be79111d70c08320d7a7b0,2026-01-26 20:41:40.063226
1390,173,Mobile,Windows,Firefox,True,f7ffd5afb195023f03b12d5ef3519cb760df3314d77cfae26f519b75c23e0322,2026-01-26 20:41:40.063236
1391,250,Laptop,Windows,Edge,True,2616591d637fd2e14da6640e5c9dfee003cdab3bfabac2347c7e28d29a8fce5e,2026-01-26 20:41:40.063246
1392,109,Mobile,Linux,Chrome,True,dc8aa16beb2bf19345c428f19284a8add24728d71a25edcbacba5d25d906761a,2026-01-26 20:41:40.063256
1393,952,Mobile,macOS,Firefox,True,606004cce131c865615d568eda46b3b1b2a6fc08c500c1bee3ddf2898062467e,2026-01-26 20:41:40.063266
1394,737,Mobile,Linux,Firefox,True,83556e12eb9769200dff7932c82194aae0999936c372491ee517b96f317a63c5,2026-01-26 20:41:40.063277
1395,682,Laptop,Linux,Edge,False,133738126f437999447bbe37a75f1ab9a4f6333981a88a01864c61c28fcdd5b9,2026-01-26 20:41:40.063288
1396,93,Desktop,macOS,Chrome,True,dfc0a4f602839a4aa1f490d27cc29bf57eb0e809117b8e9e82faadb07bf6a104,2026-01-26 20:41:40.063299
1397,660,Mobile,macOS,Edge,False,e3578188a71bfddad38694858123ef6e712d1ab7f46d69eb3ebf9ca1752baa25,2026-01-26 20:41:40.063308
1398,670,Desktop,Linux,Firefox,True,ecbac58c1ec3276673fc4640eebb5b1335d41bdaf938e2dee4e87dde28127792,2026-01-26 20:41:40.063319
1399,229,Mobile,Windows,Firefox,True,ff44a3ec6151f2f82d0b8cbc76a597190b36863282259482b260ed258c37fd8e,2026-01-26 20:41:40.063328
1400,115,Laptop,macOS,Edge,True,6cba829cdd2d2fa1f7c4ea6d0d7dc937b7b56a2f1efd9885417aa01cbd6a15fe,2026-01-26 20:41:40.063338
1401,763,Laptop,Linux,Firefox,True,af48eb7f5c20a3fda8c58b0ab4f76dba35b6a9cf45df46d689faea8e4fed6d4c,2026-01-26 20:41:40.063347
1402,874,Mobile,macOS,Edge,True,dfc59723a6c4cbcabf9f6be37a7a79b37769452b10cca8f95d2ad7599ebffcbb,2026-01-26 20:41:40.063357
1403,319,Laptop,Linux,Edge,True,df3a5ca01cc9f9f0f1b3e532dd595e84dcd34c8b1d5498ea158255262196700a,2026-01-26 20:41:40.063367
1404,868,Mobile,macOS,Firefox,False,cbe512d6aac955ffca0f8968f6c50173bdc509c53bddee3716a4caa46a09a70a,2026-01-26 20:41:40.063396
1405,817,Desktop,Windows,Edge,True,cdc219acd214c65a6d6e6ad83e0d0410da5b13ad776615b5f99926b4366fa889,2026-01-26 20:41:40.063408
1406,110,Mobile,Windows,Edge,False,e6acd28f365a82b948238038d0a0f45f3dbc9905f1b8d0099c8b6285f9990c46,2026-01-26 20:41:40.063421
1407,324,Laptop,macOS,Chrome,False,bb928cc37e0503194ab916517f472dffcb9b125b0109259b8d7cf82094749980,2026-01-26 20:41:40.063431
1408,697,Mobile,Windows,Edge,False,77d31afa61c487db2d7b8e31ba964cd1a022a9d3baa799b67bd85fdb13c6d1c9,2026-01-26 20:41:40.063441
1409,150,Desktop,Linux,Edge,True,3be974eb157aeecb07f6160e9b3497aae62abceb072ec5f65438a9652a92caf9,2026-01-26 20:41:40.063451
1410,614,Mobile,macOS,Edge,True,9fdc0e6c4111490457af28c42c3e81ec28bdb7ce819a378aa69d7159e2779c9d,2026-01-26 20:41:40.063460
1411,281,Desktop,Linux,Firefox,True,e7adb8a2ccc2944d1fbf8f8384ad08831728d73923d77c5166167188c902c965,2026-01-26 20:41:40.063470
1412,507,Mobile,Linux,Firefox,True,47c4435418fdf582bcbd6bdd5096574dd7b253af9fe8d442a4ec02b6355ae260,2026-01-26 20:41:40.063479
1413,830,Mobile,Windows,Edge,True,4ae0166a15ecf8daf976acbbc050c830ac10e90e04124155d3d2c9865536de77,2026-01-26 20:41:40.063490
1414,869,Desktop,Windows,Edge,True,5c036f1f708f564b815ad2690c766500bc2bffaa3cf5ea7c72001c80cd0092b4,2026-01-26 20:41:40.063499
1415,946,Laptop,macOS,Edge,False,282dd4df852077bc905dd121b85ed738f405a08abdba0764a72a3c69cccf7b58,2026-01-26 20:41:40.063509
1416,307,Desktop,Windows,Chrome,False,17c64becf9cbc41321b07585b949a6425457a798f25c3d19bcf7abf7dc9acf90,2026-01-26 20:41:40.063519
1417,346,Mobile,Linux,Firefox,False,7ece7f034bb3b872860a34d5a9c4deca3791ecc5d3975e5fe82ba25ee0c0b861,2026-01-26 20:41:40.063529
1418,776,Mobile,macOS,Chrome,False,2d1bf67e63441c0bdd22b644ed4073a618ecf799b66164f19c109314776635a6,2026-01-26 20:41:40.063538
1419,290,Desktop,Windows,Edge,False,398dcb536ef315e4bec7a4d26c13e8b9f03f07ed9f275fb3277288c9e5726dc2,2026-01-26 20:41:40.063547
1420,100,Laptop,macOS,Edge,True,7f705fe4252afb37d71e76c1fce35d96821714850ded6e83cd783fe90c640bf3,2026-01-26 20:41:40.063557
1421,871,Desktop,macOS,Firefox,True,73cd1d5ef180401d8a31c92c424773c121d28dcca3769c735b54b8a496af8cee,2026-01-26 20:41:40.063567
1422,592,Laptop,macOS,Edge,False,e28b79b2eeec456cb35760501f5f1ec6fed9953365746199707fbf0bc65a92eb,2026-01-26 20:41:40.063576
1423,299,Laptop,Windows,Chrome,True,11fb093198a16cde232c83c4a0b750d2f23e527782f1a37fa8730ef549bf37de,2026-01-26 20:41:40.063586
1424,753,Desktop,Windows,Firefox,True,9e53e297466e9271716f50ccb64efe59aa1c6bc0129e9255250facb5fa6c299e,2026-01-26 20:41:40.063596
1425,695,Laptop,macOS,Firefox,True,8c99b0e1d291f7adf789ebf1b1e8d808d6979637b308f1c9bf69becfe681d0ce,2026-01-26 20:41:40.063605
1426,949,Laptop,Windows,Firefox,False,b7147aaf48881da156f20bcc4067ba75fbbde01042c9cbcb6d8571d8003212dd,2026-01-26 20:41:40.063615
1427,184,Laptop,Windows,Edge,False,e22d530aa45b37b92b65eee08d5a2be222df19b24d2bd594de0212a52288e5ea,2026-01-26 20:41:40.063624
1428,608,Mobile,Windows,Edge,False,c766bc1aefb5f9d9f4ba7e4a8e3dcfa11a1b692d36403600e025f759853d374a,2026-01-26 20:41:40.063634
1429,251,Laptop,Windows,Chrome,False,11edd58db79f2261ef86f4eadac8d604f8362ee9d8a0b5a4818d71930d09dfb5,2026-01-26 20:41:40.063643
1430,501,Mobile,Linux,Edge,True,c9846d0b54394b73bd9b4805b8fde6cc741b2383359939b67978cf05f5f85284,2026-01-26 20:41:40.063652
1431,669,Desktop,macOS,Edge,True,6de303c349d92ebbf12cf898fcf55758387084be28e0a5859908d532e0b9ad6d,2026-01-26 20:41:40.063662
1432,797,Mobile,Linux,Firefox,False,696e7403843d5c1e31c1ce93d36c8d0683390b03edaa0169de7a6ee24c8717a1,2026-01-26 20:41:40.063672
1433,648,Desktop,macOS,Firefox,True,6a67706e843321da365b50c0abc1521fd7c2070560b062d602e07c657dd0d063,2026-01-26 20:41:40.063681
1434,123,Laptop,Windows,Chrome,False,1c2de751665620affa00df809d1135a026826c784f57d9ab7a58d4263d411b50,2026-01-26 20:41:40.063691
1435,657,Desktop,Linux,Chrome,True,c783835cdeff8fcbe34b09ce5d2ad27a8b670409e6b247688fab79715a035ad1,2026-01-26 20:41:40.063701
1436,601,Desktop,Linux,Firefox,False,70758667204d1fa3f43c7f22259f9d6aa11d32ddeb633005b2e775356142336e,2026-01-26 20:41:40.063711
1437,711,Desktop,Windows,Edge,True,f2652fc2c4c4a01fbec83b054f1d78a6687de90a1f6c294da5909c286c6377e6,2026-01-26 20:41:40.063720
1438,394,Mobile,Linux,Edge,False,55c7f1eef5a9fba3923ba07899d2bb1065308f319817839d946a9e44eaadb47b,2026-01-26 20:41:40.063730
1439,306,Desktop,Windows,Chrome,False,f3f88a96c9e0e9665b2780d28494f25acb0b0393caa5f41c3aee284a4eb350c7,2026-01-26 20:41:40.063739
1440,66,Desktop,Linux,Chrome,False,f32f0cb7a5863320738dfe6a33d6458b2eac1b259d8e18ca56de80c72b701cc5,2026-01-26 20:41:40.063749
1441,833,Desktop,Windows,Firefox,False,9422067d59c71c84b2e4c6559b580d1ba8f21edbe0ea24fd9f402fa2272ccd9a,2026-01-26 20:41:40.063759
1442,66,Desktop,Linux,Edge,True,eb915e198efeaeff718737dc9883cfeeafccf3a780f3a0951c58ac9da061193e,2026-01-26 20:41:40.063769
1443,772,Laptop,Linux,Chrome,True,27cb226f7349b1d4d018052b3473190dab8eaccd01f66af92cc3a3bd6f273457,2026-01-26 20:41:40.063779
1444,883,Desktop,Linux,Chrome,True,1e437655f554ce5c58c3a1e276cfc8817ce8c969c4ac247fd47c3f3a8ad77398,2026-01-26 20:41:40.063788
1445,569,Mobile,macOS,Chrome,True,06b6198ac51ae0f56e423d4902d5d9ae48f0e73451f1c53d62c54f6dcca6f14d,2026-01-26 20:41:40.063799
1446,132,Desktop,Windows,Edge,True,d89913150e3c4fd50d11b95afa043bdf71862cc25bee36711382c9f86766a013,2026-01-26 20:41:40.063808
1447,90,Desktop,macOS,Chrome,True,bcdc2706d1072cfb521dcf5d9b6529597ea2be78e3e852009b3f10c776925483,2026-01-26 20:41:40.063818
1448,128,Desktop,macOS,Firefox,True,bc55d97c8e334d0a3bb76ecb75d2b56401f1cbd8e36418ebb48803afc53283fe,2026-01-26 20:41:40.063827
1449,434,Desktop,Windows,Chrome,False,9d4c1ef8a9c1bb3d91e02053a6c217341f6b436868b7c78a5c40eae7f381a09e,2026-01-26 20:41:40.063837
1450,48,Desktop,macOS,Edge,False,c062fdf7135519cf6293e43c05de9a2d8a146b13f3b0d7c9c6c6bb7e8546916b,2026-01-26 20:41:40.063846
1451,144,Desktop,macOS,Edge,False,91fa8d69aa22ee2a58dccb6eee9a822dbe6379c2206d5512c84722b21c1b31b3,2026-01-26 20:41:40.063857
1452,536,Mobile,Linux,Edge,True,2adf3dc239786d163b2cfc1e02fd8d209904ea02744392310e0ac866d45a7f7e,2026-01-26 20:41:40.063866
1453,705,Laptop,Linux,Chrome,True,2074c46bd46feb9a109a24c203971d63a0aa07fd0739087a063ecdf3f3790895,2026-01-26 20:41:40.063876
1454,38,Laptop,Windows,Firefox,True,4f0d25056adf299a08363d9cf9cb82ebe0e4892161c032ff632b1cf9be40d559,2026-01-26 20:41:40.063885
1455,981,Laptop,Linux,Edge,True,d5f1a5bc48f16e7a8665bd5c233459b3bee6d6e9dff08f4d9c81920b0022d54f,2026-01-26 20:41:40.063894
1456,606,Mobile,macOS,Chrome,False,a51748e6719d55929f56d1d0f8daf3567847917b882cbcdc40b33326abd8af86,2026-01-26 20:41:40.063904
1457,77,Desktop,macOS,Firefox,False,785130e17bafbbea1f40086f0afea82fb22b5c0767a8ede953a39954df0f93ba,2026-01-26 20:41:40.063914
1458,666,Laptop,macOS,Firefox,True,fd6bc4b2ad5858c28badc0b4d63fee3c1a5119caa78ee5479cc822077216f7f0,2026-01-26 20:41:40.063923
1459,968,Mobile,Linux,Firefox,True,591f8323bd50e8c97a6bcafd56928ba9547b12f9cd8def8d2292990abf109208,2026-01-26 20:41:40.063933
1460,549,Laptop,Windows,Edge,False,2101018afaadc9bbcba9ed5bcd5eb512b2a46d858dc990827531109d5693b0bb,2026-01-26 20:41:40.063942
1461,649,Desktop,Linux,Chrome,False,c88cc6334f3de5e9ca029ea53bedd2bef0085045f8d3274a0514fd2114808775,2026-01-26 20:41:40.063952
1462,578,Desktop,Linux,Edge,True,050d4c3ade5d81e3e712cbc2a848efb6dd4c853ce1676f499866d4bac26eb46d,2026-01-26 20:41:40.063962
1463,430,Laptop,macOS,Firefox,False,ad86eb9360d08e2b481a377098684c05946581fca8bf97bb68714ac7ebb5aee0,2026-01-26 20:41:40.063971
1464,27,Desktop,Windows,Chrome,False,c82df02d71a00f56ee0e2b88950103f72da10837eea6bbc2ae8f1b5b8a04db58,2026-01-26 20:41:40.063981
1465,128,Desktop,Windows,Edge,False,4b06f5c1250b6d594a447998b67e2a88ee3be9f6a2e93ca5673f28a8169d23bc,2026-01-26 20:41:40.063991
1466,68,Mobile,Linux,Chrome,False,289cfefaf2451ef01a8d331788a2f17b8cc8a1d82767e81cec3afe292687c5fd,2026-01-26 20:41:40.064000
1467,932,Mobile,macOS,Chrome,True,938ae8209a5eeac4336ee07c301039854afaef6843bd3214fd31ef15ae2bc842,2026-01-26 20:41:40.064009
1468,281,Laptop,Windows,Firefox,True,8a876dffed290c8ec791cb91e909c9bf955dab0878b5c137fdcd9ee9f8d52094,2026-01-26 20:41:40.064020
1469,388,Laptop,Windows,Chrome,False,76f6192047acd08c05336e27f0dde27a43ddc05922e051d8121d8ffc06e8a7bc,2026-01-26 20:41:40.064029
1470,603,Mobile,Windows,Edge,False,d72b715b3dcdf4b8ebbda5a51ed172a75ec43e7afba36df8a2cdb9de885920f8,2026-01-26 20:41:40.064039
1471,718,Desktop,macOS,Edge,False,91389f4d04148710a8e48c81087410943dd0a61bc2e716db09096fd7c73b0bed,2026-01-26 20:41:40.064049
1472,623,Laptop,Windows,Chrome,False,d3b929ed08603c51ae4c44f7a389a945427dde1b94d82cbe285405ad2b85f91d,2026-01-26 20:41:40.064058
1473,970,Mobile,Windows,Firefox,False,cd6b2c20a7eef33ec12ff3c7e942e30fa2e087002781470a346f4afcafa21dc4,2026-01-26 20:41:40.064068
1474,489,Desktop,Windows,Firefox,True,b2adf095c8809bc93e6c7188a29525c63eae12aa220cc7be30f0227043a37e35,2026-01-26 20:41:40.064079
1475,704,Desktop,Linux,Chrome,True,e6fa621110515ffbfba1d75a7b1be1966f9c9c968f7781b3906719f89bb71e52,2026-01-26 20:41:40.064088
1476,147,Mobile,Linux,Edge,False,40a81a16e7abb7ce4ff00a4307d387cf3c9dd89c991f3634e45d335c95cf8458,2026-01-26 20:41:40.064097
1477,55,Desktop,Linux,Firefox,True,056656ed92039a733dbcdee6d1c68c340c4b808af223bdf447bf8f871f7ca749,2026-01-26 20:41:40.064107
1478,695,Desktop,macOS,Edge,False,863cc7a40b72aac8cd959b9cd7d4effa0452913f7524220dde0ee8995c9618c4,2026-01-26 20:41:40.064116
1479,188,Mobile,macOS,Firefox,False,50e37fc0df1248321ed66ecf0073e7faf977dd1c73548f91cbf6865a8d82b95e,2026-01-26 20:41:40.064125
1480,283,Mobile,Linux,Edge,True,cd1aa0a511929ce5c5d024e68718fbdf240ce1a6a1708f2d3a7bd0925ba5e2f5,2026-01-26 20:41:40.064135
1481,313,Desktop,Windows,Firefox,False,1219d6894bb281d4f1f3a2baad03ea13b9d0255cecd53b89a248cf0c938dd41e,2026-01-26 20:41:40.064145
1482,790,Mobile,Windows,Edge,True,2082143b2eb1173764bf3ff038aa53369c37417a681c0d6330214b41d46df71f,2026-01-26 20:41:40.064155
1483,79,Desktop,Windows,Chrome,True,5d3807e903a56e1dc840a70d1deb6e2eeb3da8202765167f6eefe5a5f4d03cb0,2026-01-26 20:41:40.064164
1484,590,Laptop,Windows,Edge,False,abbf5aca585da1f0b9804f863d33e660ee4f57e5a17e6aa134244944544f64c5,2026-01-26 20:41:40.064173
1485,568,Mobile,Windows,Firefox,True,568e024fb68257ca738fa1fa9b97406e820abe4a1460831ec05bbd23ba4fba51,2026-01-26 20:41:40.064183
1486,492,Mobile,Linux,Edge,True,e0f505b2caa6fd714ca228967157bf66d2a26fb622da0c2209f466770b998e2b,2026-01-26 20:41:40.064193
1487,416,Laptop,Linux,Chrome,True,03bf95e85b8e1066bc695dc6f9d7ac6c0b48234486a2fe7411fef4bd4e43051b,2026-01-26 20:41:40.064202
1488,732,Mobile,Linux,Edge,False,b9d31213de43b959dc64fd87849c878d204324f38ae54cde10b57fd0c4c75feb,2026-01-26 20:41:40.064212
1489,251,Desktop,Linux,Edge,True,5380c66ce44cb2ec4e873783e19c64c98d14471628ba9d95487996189a58ad28,2026-01-26 20:41:40.064221
1490,622,Mobile,Windows,Edge,True,5507c4d8047538fa7ff05f426bed95474dc0c65d034328bec64836595eed25a6,2026-01-26 20:41:40.064231
1491,180,Laptop,macOS,Chrome,False,5ee7e5116d753193cf09b7e4368de4e61f86c46626a59caee59fc48e7fc32e9b,2026-01-26 20:41:40.064241
1492,976,Laptop,macOS,Firefox,False,634876201fa402fc378e70dae24ea8df6b3b71b73103b0ac714da21e3b8d65d2,2026-01-26 20:41:40.064250
1493,175,Mobile,Windows,Firefox,True,716a60f32d1d94c6b865f360697285cec04415b6b279293bd2d0dbf09c67adcb,2026-01-26 20:41:40.064260
1494,852,Desktop,Windows,Firefox,False,58c05dec0261860afca1235cfcec01df1730db6f37cc18838a14ccda5c3e8025,2026-01-26 20:41:40.064269
1495,495,Mobile,macOS,Chrome,True,d705a005f7b420f57c5e9344eeeb5d0fd510da40ea261bb73cb7b4dfc49ed250,2026-01-26 20:41:40.064279
1496,756,Desktop,Linux,Firefox,True,a20907328d01b9d7547b97d45ceec643748a66e0c56b322b1a12a449d198a03a,2026-01-26 20:41:40.064288
1497,946,Mobile,Linux,Edge,True,caa0ad7bc15010aa132df3b8afeaac36a9a74035181992a925e9a0b86fe48fc5,2026-01-26 20:41:40.064297
1498,958,Mobile,Linux,Firefox,True,084ee3f21649cee3e1acf6598158ec205ed5601902d279c2e47ab20f4d95cf1b,2026-01-26 20:41:40.064307
1499,365,Laptop,Linux,Firefox,False,a74adbe6e471e2fe243915d4d18a03ee45cb6ec753a59f190299eba8d781664f,2026-01-26 20:41:40.064316
1500,306,Mobile,Windows,Chrome,False,c1825a7aa9f64e28712d9c99ad1e7d61045f8437dc15baf54ba5cd10a265df4d,2026-01-26 20:41:40.064326
1501,912,Desktop,Windows,Firefox,False,7e06f2e8ab633426219832a312c11089642aa8e6b52d797ce578457595df615e,2026-01-26 20:41:40.064335
1502,10,Laptop,macOS,Firefox,True,53bd82b2bb70e98d622364062848ec2e0f09a757513a79718d6510631652d9ec,2026-01-26 20:41:40.064344
1503,87,Desktop,Linux,Chrome,False,f5eb42b6aab6a5208754632b35376afd8e2acdaa1c0dbc542656643186d01cc7,2026-01-26 20:41:40.064354
1504,127,Mobile,Windows,Chrome,False,380a931d113569c515b442bdd47902f369bcb197d67e23f702a1a1ebef35982c,2026-01-26 20:41:40.064363
1505,232,Mobile,macOS,Firefox,False,59519b6b108eeb3ad0c20cc8746a1da9ddf0370487ae21c84d65940118b3f60d,2026-01-26 20:41:40.064372
1506,374,Mobile,Windows,Edge,False,ff13aa23f7c8645764737be9e99553b0678cc0ed8508c5c0b5fb1a8d5001aa42,2026-01-26 20:41:40.064382
1507,112,Mobile,Linux,Firefox,True,5ac98a4221a4edac7bd54f9d82a11874e886115ef7b46ab92037c7ab5b5682ab,2026-01-26 20:41:40.064392
1508,144,Mobile,Linux,Firefox,True,90c6425df0b9d0185d890a7f60f20c8be7be57a097bd4765cb001b6e39bd5a0b,2026-01-26 20:41:40.064401
1509,368,Desktop,Windows,Chrome,True,ec4bf2489b553174570001ba43910afc5cfefe316ac2f0622567d632428b21a0,2026-01-26 20:41:40.064411
1510,292,Laptop,Windows,Firefox,False,f1be7a88e425c7063ab7192933409658c3681d9efb2224a1880cf79c2047ff85,2026-01-26 20:41:40.064420
1511,762,Mobile,Windows,Chrome,True,986070fc99c5eb2a0d636f7bdb72cbbe545cb0ade76ff04652d10f9d0922742d,2026-01-26 20:41:40.064430
1512,972,Mobile,Linux,Firefox,True,7c348e59bfac70e273f52b37adf42e356ca7d1c3b36191cc29b90dca78a994c5,2026-01-26 20:41:40.064440
1513,432,Mobile,Linux,Firefox,True,e9f2c63320d909d6954d9fc512f7fc0239a1af9c2b581902c27ef05d74bde20d,2026-01-26 20:41:40.064449
1514,333,Mobile,Linux,Edge,False,03855b9b1043fcd80ab52c0b7fd517d29ff0f388548e6437e273114e2b7a067a,2026-01-26 20:41:40.064459
1515,135,Laptop,Windows,Chrome,True,94f46cb3b17106c5b85c3b8c7f8d6bd5111760475d5237a8c8567c16aafa289b,2026-01-26 20:41:40.064468
1516,160,Mobile,Linux,Chrome,True,66da30b5fd4535502a2720cbd71bc2817a612f569c69fd60445e00590f9e00e0,2026-01-26 20:41:40.064477
1517,54,Desktop,macOS,Firefox,True,f16adad16dfed2c57406dda5a86fdfa46cccf8e6d2a94ea2dc712d4a61afc099,2026-01-26 20:41:40.064487
1518,445,Mobile,macOS,Firefox,False,0b282d0a37ed61b2bc16fa61ce46a7892c74b111525048beefb24295a0a8fa3c,2026-01-26 20:41:40.064497
1519,85,Mobile,Windows,Edge,True,efa1ebdfa9eef9d910a1aa4d41a124256df79a72078139e124405a067ef830f0,2026-01-26 20:41:40.064507
1520,747,Desktop,Windows,Chrome,False,bd5853541269dbc2a87725d8213a6889d9bea7956bea83597b5da5b400b48446,2026-01-26 20:41:40.064516
1521,786,Laptop,macOS,Edge,True,fd27fe6fe419891a6aec424de58a827fad63e0aeb7982fd360d788c8f2761c62,2026-01-26 20:41:40.064525
1522,683,Mobile,Windows,Firefox,True,4fbbbccc17ab6fd5750677f5befbf5695d022ca9b4211b790ea235db98b1ebd4,2026-01-26 20:41:40.064535
1523,718,Desktop,Linux,Edge,True,a03cbd871591baeba68fa4c381d1377c08cbc4dea7b18754d279124aae9d39ef,2026-01-26 20:41:40.064544
1524,194,Desktop,Linux,Edge,True,a3451307ce25f6a58a01ddae80e74bb9c9d1a914ab20c8570cc7427ca5e7624a,2026-01-26 20:41:40.064554
1525,235,Laptop,Windows,Firefox,True,81612c6c48c5f5c3cd99cd721279c7b211fb6446cc490e53cd1390410bee3d63,2026-01-26 20:41:40.064563
1526,281,Laptop,Windows,Firefox,True,c9bcd9276d03be43d4ffb399c80b6b9f657d3d0814b436ac24e800252668dac4,2026-01-26 20:41:40.064572
1527,632,Laptop,Windows,Chrome,False,349edb457007e8d9c3ac5cebc5b3d7477632034d6e986a46777a1af53ff24542,2026-01-26 20:41:40.064581
1528,418,Desktop,macOS,Edge,True,2e8b4e0e5faad72e73d846f651b9b401bdb16ff0a956b1a0a5cbfc1876f7c8c7,2026-01-26 20:41:40.064590
1529,228,Mobile,macOS,Firefox,True,20e482f0e0aa1f98308e9c70210cf81c600038a8a4eb54b03d8c8e780980aaba,2026-01-26 20:41:40.064600
1530,523,Mobile,Linux,Chrome,False,58d2b7ebe75c753c9aae7ac40b680be8a984fe027e81fd942b7f3065356ae213,2026-01-26 20:41:40.064609
1531,113,Mobile,macOS,Firefox,False,7a1f11e4f8d1c4563f2887bc71b8fb4c2cedcd3bc80b08a3022ced2b42c961e9,2026-01-26 20:41:40.064618
1532,729,Mobile,Windows,Firefox,True,17f899758b8f427d0483d3ca614ac198a713d5126dfc6fa6990b81fed48d54e4,2026-01-26 20:41:40.064628
1533,187,Laptop,Windows,Chrome,False,4c080ac79f0541571d6fd4b6045f5acd70c7594b47d96239c3c89a7814132a77,2026-01-26 20:41:40.064637
1534,218,Mobile,macOS,Firefox,True,675b7543d3c7a46697a7b2dbcf558e6ef6dd4702d644d06aabca6177d39dae70,2026-01-26 20:41:40.064646
1535,442,Laptop,macOS,Firefox,False,4f8e8322c08665ec084dc5bf5431ad35cbbd46682d0f35b83f285874b6df7f3e,2026-01-26 20:41:40.064656
1536,343,Mobile,Windows,Chrome,True,26c77a4fb34d19d3bd19e54a1a268aa5f915611266b5f382304e86f8c387e94d,2026-01-26 20:41:40.064665
1537,700,Desktop,Windows,Firefox,False,7e549df76781e5cbdb1a801b74d17e0ce398bcdd603d0d2490bc0d224faa3892,2026-01-26 20:41:40.064674
1538,760,Mobile,Linux,Edge,False,f363c13db300cb81e766c6ab8ce0f931b1faa87cab370a33d4d75690fae6c7e6,2026-01-26 20:41:40.064684
1539,244,Desktop,macOS,Chrome,False,10b1b9d7081962a86ad9fa0905d0b46cac3f853b750223e4f1310abefd26deca,2026-01-26 20:41:40.064693
1540,90,Laptop,Windows,Edge,True,648d0d17308290066ec6aa9bf768a693add0099e57ec70969c2fcbf23a8a4d4a,2026-01-26 20:41:40.064703
1541,43,Desktop,Linux,Chrome,True,0a6de0ff5fe593c511505cea952f85332a9fff0e5aff284df541e12a3aeff9d1,2026-01-26 20:41:40.064712
1542,722,Mobile,Windows,Chrome,False,c43cef48536e974c44f64598a7a6b79b469763215145cd6a236fa108cce849d2,2026-01-26 20:41:40.064722
1543,309,Desktop,macOS,Chrome,True,8064d9cf521049b6e700bf1c0b7b97ade7f9f6522d75af68f3f7c0d05f24636d,2026-01-26 20:41:40.064731
1544,45,Laptop,Windows,Firefox,False,2e0f1b70443a14b1bd1344502c8729538d3517b64e1f6b8d7ccf332725f2d270,2026-01-26 20:41:40.064741
1545,913,Desktop,macOS,Firefox,False,b70daa3ab932f47be06ee7585a9ef6809c315dea58bfe818a815d76a2c315547,2026-01-26 20:41:40.064750
1546,645,Desktop,Windows,Firefox,True,59603e8d070db108e688a52660073a719bf264bba817f23401d8689d3098abd9,2026-01-26 20:41:40.064759
1547,495,Mobile,Linux,Edge,True,a56d1d7fac4902fb6efcb2ccbaeab8563c222cad975b7a68de1679f6ae691dd4,2026-01-26 20:41:40.064768
1548,171,Desktop,macOS,Edge,True,06706641502332f59d81d7d289b7e50d8d50b61ebacf1b315e930ab83514b3a6,2026-01-26 20:41:40.064778
1549,297,Laptop,Linux,Chrome,True,4cdd6c3a44e97d888eba190911b0a3b491c2fe534b560bf8d327cd84097d8afd,2026-01-26 20:41:40.064787
1550,759,Mobile,macOS,Edge,True,91d22df336e63cb2f700aeceb2cea25df6611d336cf99d6b3f7a8fd42498903f,2026-01-26 20:41:40.064797
1551,170,Mobile,Linux,Firefox,False,83d24eb60b0d36c6a74f985880d3bf5065e059787d3a0d9a2111c3713228b272,2026-01-26 20:41:40.064807
1552,411,Desktop,macOS,Chrome,True,140a5885b29fc4e96dc0d1c646ebb4a0c9ed83d0a084059f562a02a93bbfd11b,2026-01-26 20:41:40.064816
1553,4,Laptop,Linux,Chrome,True,36690802f0072c7a5d4d483d81a2ee36d03e6b0b0f2f06da16cd722cedbc8cb5,2026-01-26 20:41:40.064826
1554,901,Desktop,macOS,Edge,False,c882e6b9bdd714e6edd96db6aa72a344379cdf781d15018a63c7fcfbe6565998,2026-01-26 20:41:40.064835
1555,311,Laptop,macOS,Edge,False,c81db9a9619330016787d6f558083ce92cb972ff1d491b6dae477c741bce2b56,2026-01-26 20:41:40.064845
1556,566,Laptop,Windows,Chrome,True,1d1b03e74cd4856f3c9af980a82e2e876f5d5e8810c73a722f5a8a63812d9abd,2026-01-26 20:41:40.064854
1557,547,Laptop,macOS,Chrome,True,4e436b60a6b29bf3941cd15691c2e678200aba48fec10392d453e3ec8b7528ab,2026-01-26 20:41:40.064863
1558,965,Mobile,Windows,Firefox,True,d8a406529946f9662a80e9b28e791e1c75a1eec7b00dd1bf86d00d155d45ace6,2026-01-26 20:41:40.064873
1559,658,Laptop,Windows,Edge,True,faa39d86f2e04afb49be97b5f25680f5454e20b41b550441b2b7d4cd32ec3608,2026-01-26 20:41:40.064883
1560,2,Desktop,macOS,Edge,False,69a7fe44554faf5db66079df5bdd644d4263748f62504de3c0f97a8723f01843,2026-01-26 20:41:40.064892
1561,333,Laptop,Linux,Edge,False,3ea3ac92cf8c1337dbab0d04ecbd4bc3fac0ca1f7b6a3e4015edf95906ab6f05,2026-01-26 20:41:40.064901
1562,740,Laptop,macOS,Edge,False,b4b57145e8ba4defca191db2ed6b53d85858f78704161b59e75b14e37c52e45e,2026-01-26 20:41:40.064911
1563,333,Laptop,Linux,Chrome,False,f5dfee6b608e0ac614ea0e182c185b8c9ad637100aac983e36bb7d0f2ce95594,2026-01-26 20:41:40.064920
1564,225,Desktop,macOS,Chrome,False,0a0a5dcee8e8ba23dee1b44f9d656fbd388ee0321eeeaa0d0e44d1be8c95fd56,2026-01-26 20:41:40.064930
1565,995,Laptop,Linux,Edge,True,8a4e6f772753d8301430d552550a888bb520098457ac66649ae2db7eba211f6b,2026-01-26 20:41:40.064939
1566,740,Desktop,Linux,Firefox,False,3c89a306b9186ecf8bdf2c1c3fee8affdbb3fac1e5e7399f03e2dc8461dbd0f5,2026-01-26 20:41:40.064949
1567,891,Desktop,Linux,Edge,True,c4fb9e1933bbfb37bbb7444de0363205b60a27ac754d57973c6a99e74220d4dc,2026-01-26 20:41:40.064959
1568,837,Mobile,Windows,Firefox,False,5601a9bd834460d69b3a0ffcda678dd1f8533df7a365da59847f571e02bac767,2026-01-26 20:41:40.064968
1569,209,Desktop,Linux,Firefox,True,5cebed6427418a0b7217d5defcbda5d016ce67e83670ec1bc8bc879fda615167,2026-01-26 20:41:40.064978
1570,457,Laptop,Linux,Edge,False,b3816eb183e5493a90a167bfaa7906bfba2753748a0046c94a3c33db5ac03629,2026-01-26 20:41:40.064988
1571,378,Laptop,macOS,Chrome,False,f9d46226225a7e681688c975a36a0f963f8db1c9c501162cb003f069cdb10d6e,2026-01-26 20:41:40.064997
1572,186,Mobile,Windows,Chrome,True,f6d156c8b4a688057ff80b4de0cffbf7f53540273c08554d6bc6750b456177bf,2026-01-26 20:41:40.065007
1573,584,Mobile,Linux,Chrome,False,0333dcb636f04fad5b44c6ba02a79836eaba4e1377a741d934d0750c1b52676d,2026-01-26 20:41:40.065016
1574,22,Mobile,Windows,Chrome,False,aab0b921d2b06b6a8e46b2cc742fa3241038b809e01b727bee7f6ef48d7c0299,2026-01-26 20:41:40.065026
1575,704,Desktop,Windows,Chrome,True,f0f416ab67581a1d52c78a48ed0d56cb30ef56e378917b2aeec069a2f5851de1,2026-01-26 20:41:40.065035
1576,74,Mobile,Windows,Firefox,False,ce13867fa79ec8c1acbbc2008bdfcefd83925e78c44d91707fae3f792794afe8,2026-01-26 20:41:40.065045
1577,103,Desktop,Linux,Chrome,True,6f3b5ec3e79b531c9adaf131be7832d3b2b33772f2a89f40186fd61a9ac07f30,2026-01-26 20:41:40.065055
1578,618,Laptop,macOS,Firefox,True,1500db51621d34f1d5fba557d0e06f39512f5017ca6a9373d99f94bca29506e3,2026-01-26 20:41:40.065064
1579,113,Laptop,Linux,Chrome,True,e61d543e4c67b32d42ed130359ba84b532b1621d6ca96a8c9494fafd3af6d384,2026-01-26 20:41:40.065074
1580,255,Laptop,macOS,Chrome,True,6510a46b0e374697f3f7b83f39f543cbe9d81328dd74a0d7399910d46e0835b8,2026-01-26 20:41:40.065083
1581,812,Laptop,Windows,Edge,False,f021bbd602de7f2485d2ff19d74c099eaf73ae456b8c89d76847761bca22dca9,2026-01-26 20:41:40.065094
1582,874,Desktop,Windows,Chrome,True,f2bb2ff4af30bdec0dc21e27f4b082b3b6425d23e9970bf309d4cac6d9f8d14c,2026-01-26 20:41:40.065103
1583,492,Desktop,macOS,Chrome,False,2a66f2540f5e1df0f5de871aafcbf5cb72f8eee8b0963690bf4d1f34ce686ec6,2026-01-26 20:41:40.065113
1584,340,Mobile,Windows,Chrome,True,ce8e263044f6331008564a9ca53dc857d0db935b12ab17d7686f0c2b09c42e5b,2026-01-26 20:41:40.065123
1585,557,Desktop,macOS,Edge,True,ef3d5e2b40b3424e1ccb2db11ec671b0b2878c6242f83495c43981deffc13e14,2026-01-26 20:41:40.065132
1586,22,Laptop,Windows,Edge,False,c48a9ba74b16914297e88129c1f70447b224b338a83830174258bac18d712032,2026-01-26 20:41:40.065147
1587,106,Desktop,macOS,Chrome,True,9121b740d4b4cfebfa7816805f99cfcf02f8c1ac0961033a0656cc78f1ed36d6,2026-01-26 20:41:40.065156
1588,935,Laptop,Windows,Chrome,False,93e4453187cd1c32e65c785025e9215710f1c9cb7225a04e9233ca4eb930cf89,2026-01-26 20:41:40.065166
1589,395,Laptop,macOS,Edge,False,6f0a09d72c8d264cc68e2225893ce980cd0816a689b067cc89056fe41cf38ac6,2026-01-26 20:41:40.065175
1590,232,Desktop,macOS,Edge,True,d49ca994e1669f92347ff166d0ed718cdd7339d24a3f98d3a4c00bdc133097b3,2026-01-26 20:41:40.065185
1591,504,Laptop,Windows,Chrome,True,314b97b1537b42c7e58ed849a4bb84ce4f42990a7dbe8f938c2090e67139a329,2026-01-26 20:41:40.065194
1592,980,Mobile,macOS,Chrome,False,399a71a8115839548f0e071978c01c6a5d9c900c46ad398de788a582ee10926d,2026-01-26 20:41:40.065204
1593,122,Mobile,Windows,Chrome,True,5c402257f1fb93f283299ecc22d4cca1c6f0b9fab4f1ed129fd54df480026d03,2026-01-26 20:41:40.065213
1594,183,Mobile,Linux,Firefox,True,6f45fc5e13914cc73ad3b9f4024d475a935f548cf561a6d122b7f7fa4e3c16ba,2026-01-26 20:41:40.065223
1595,696,Mobile,Windows,Edge,False,22d4d2279f7744d5d012582fb7739f203c4abbcd42412d91157b946adbd516af,2026-01-26 20:41:40.065232
1596,640,Mobile,macOS,Chrome,False,14f7567427f0a0f2aff0676ce386c2d4496617955d2f2baf3aaf00e1523a9c0d,2026-01-26 20:41:40.065242
1597,939,Mobile,Linux,Firefox,False,c6d10d4641bee1b7f7ef96213e70ff08e6461bc8ff93566fc7d67870bfe7f104,2026-01-26 20:41:40.065251
1598,831,Desktop,Windows,Chrome,True,6f8d08e1d21b80db46e8b40813ea8e9b18025de600504c79a2ffe59a2990f4c7,2026-01-26 20:41:40.065261
1599,797,Desktop,Windows,Firefox,True,05cdf5e7502d7fc20fbe24cf8a16f7bc8ecf220f6ccbbe671200ecd8d69d568a,2026-01-26 20:41:40.065272
1600,400,Mobile,Linux,Firefox,True,b01e7e687a9714d3b0a9e5b6d9b6d4b7e87d6320a3ceb795f31346e9fe8fdd1c,2026-01-26 20:41:40.065282
1601,116,Desktop,macOS,Edge,False,7cb5cf4b670463ce1ee42eeb251d18edff26c16e64fdda6c4bea014c9765ef72,2026-01-26 20:41:40.065291
1602,149,Laptop,macOS,Chrome,True,c5e221afa74cb3485641c453da2dfd6dc4ed37422019b56a9fa3c57ec776f2a5,2026-01-26 20:41:40.065301
1603,786,Mobile,macOS,Firefox,False,dd33246d9938143931e48b8c0a5efcbb49424a66d1926c419c0394a721b7c8fe,2026-01-26 20:41:40.065310
1604,435,Mobile,Linux,Firefox,False,783f6eb8cbbc39c3049c02c34847c72648e5af814670d1a21f4d64585be19196,2026-01-26 20:41:40.065320
1605,142,Desktop,Windows,Firefox,False,3af7ac7e47937eaa34e9f6e3e3bb2597a18dac806cc779c8a59f1a3a81de1a38,2026-01-26 20:41:40.065330
1606,563,Mobile,Linux,Edge,False,08d6ea8509ce8f99368b4ab1dc10736898e92b2d8eb37712e80ea01de1d12611,2026-01-26 20:41:40.065339
1607,546,Desktop,Windows,Firefox,True,16febb308e82bd38f17798d4e742055aa982fd8c7864cea43859db35222785e8,2026-01-26 20:41:40.065349
1608,595,Desktop,macOS,Edge,True,7bde15e49319f589359621dac1cac8cb4f21fbd9b6f2cb8696ab26c2174e7b98,2026-01-26 20:41:40.065359
1609,720,Laptop,Windows,Firefox,True,224a7dab5936adcc1bd4b9c0caabd663a923a2409f25b5a7da68db4ab4160266,2026-01-26 20:41:40.065368
1610,209,Laptop,macOS,Edge,False,3c42ffb0b74abf3a6668d1c07b25ce150d569cefd6766a1f723f0e579aef14bf,2026-01-26 20:41:40.065378
1611,981,Laptop,Windows,Chrome,False,2d7240c96406e9428ce122af61094ee7f93a0ba95314999c402b4a831665f1f3,2026-01-26 20:41:40.065405
1612,370,Laptop,macOS,Firefox,True,be9542994941717899277da94d6872a8165b9e1fbc3cf621ebd4eda51dd7f762,2026-01-26 20:41:40.065416
1613,856,Desktop,macOS,Chrome,True,2da0aafaa3856a9ab7bfb0aa7fa657ef98e1399b3632a4b8759caf73bbaf5e35,2026-01-26 20:41:40.065425
1614,848,Laptop,Windows,Edge,True,8d895771bcdef711a2f56f4f8ca9e620db46646a41e3930c727ba350037570c6,2026-01-26 20:41:40.065435
1615,121,Desktop,Linux,Chrome,False,02ff0ed16c312a2c00a68802cc1790cdc7bcbe44af90921c821e9989be7f79ff,2026-01-26 20:41:40.065444
1616,751,Laptop,Linux,Firefox,False,bdba3898122bdecf12787373c881a3ca0f186485dbd342c459bdaf92fae4b8ec,2026-01-26 20:41:40.065454
1617,56,Desktop,Windows,Edge,True,b60d940442a30b19f18498ab6a018f28b2fd3c70d4fbe809c2c39b810dabfcb4,2026-01-26 20:41:40.065463
1618,489,Desktop,Windows,Chrome,True,5b18bfe21b00fc36927af751a27a6a7ad368b290ec232b8e6739331bcca24614,2026-01-26 20:41:40.065473
1619,375,Laptop,Windows,Chrome,True,fe23d0b25a47fdd77895874044e1572271649175e49048c62c059931fd705f0c,2026-01-26 20:41:40.065482
1620,13,Desktop,macOS,Chrome,True,5c337bf7092b29e7d31252865d3b30c4985339289fb40856bc9b3ebb7dafe3e6,2026-01-26 20:41:40.065492
1621,482,Desktop,Windows,Edge,False,fc4ed174c47bcd34dfdb19b63b06bc32585981a9b07f06217245687d9640c8d8,2026-01-26 20:41:40.065501
1622,482,Mobile,Linux,Firefox,False,228964ce904dbeebb37def7197b16ccf2d11b7c527915c24774703de80c7ec4b,2026-01-26 20:41:40.065511
1623,801,Desktop,Linux,Chrome,False,156a44dc7fe3c3f5f84f9f15d77eb6a9f10fd3445e22785f0682b8819862b112,2026-01-26 20:41:40.065520
1624,114,Laptop,Windows,Edge,True,26283996d0688e0a0130bca241590bfd691ae72a56c6732bc81421b7e73bb949,2026-01-26 20:41:40.065529
1625,619,Laptop,Linux,Chrome,True,7dbbd086b9046bc03e9c91ae6d94e923eb29edf0fc12c2e11701accc0cab49f9,2026-01-26 20:41:40.065539
1626,406,Mobile,Linux,Firefox,False,195641f35497a9399fa72b031c750cfff1030845fb50c5faed583ba085bf3ea9,2026-01-26 20:41:40.065549
1627,942,Desktop,Linux,Firefox,True,ed4ece4f66e4858b68eb64bbae358fa4a8cfd1102fcdfdc5b3a36b104f1a89b4,2026-01-26 20:41:40.065559
1628,434,Laptop,macOS,Chrome,False,04726ecd7cb72a9f530e487ed43132d8ea323864158c588cb58083a9a154d6e7,2026-01-26 20:41:40.065568
1629,974,Laptop,Linux,Chrome,False,603aeedcb3c6599163aa6fc65e0cfa479a5baa7a8b33da2075a42782c4c94352,2026-01-26 20:41:40.065578
1630,634,Laptop,Windows,Firefox,True,2208b1a7e1c36fb81a6dcafb077f2efc7eab0634b6346111353b239d559aa8ff,2026-01-26 20:41:40.065588
1631,843,Desktop,Linux,Edge,True,acfd543ec23a87b883e7860287f8de24bd5a687fe99846384f1c16eedab35f22,2026-01-26 20:41:40.065598
1632,837,Desktop,macOS,Firefox,False,2cbab89f6596a3ef804446591df8df76ed857a98770ea1d02bd7aab89982cf34,2026-01-26 20:41:40.065607
1633,669,Desktop,macOS,Firefox,True,6adc720a5dd2883017517aa3b6071ff2886e69b670a092829f3054c2a7d1033a,2026-01-26 20:41:40.065616
1634,56,Mobile,Linux,Firefox,True,1fb03d6fc9d67d66e880665dd09106035ef735cb12945530f140b540da64e99a,2026-01-26 20:41:40.065626
1635,277,Laptop,Windows,Chrome,False,f8ff2ee94f855dbb3b29c00f4281a857a2d954a2ebd45147ff5837c5e9332184,2026-01-26 20:41:40.065636
1636,618,Mobile,Windows,Chrome,False,406a24c9bfa8c0d2254df850b4879a7273e9519c67aa55eae004f4a54eb7e166,2026-01-26 20:41:40.065645
1637,167,Desktop,Windows,Chrome,True,540545b3b9b8fd16cc61466444dfe6f9f53c20d48b903b28b1d5a35b51dbf14f,2026-01-26 20:41:40.065655
1638,612,Laptop,macOS,Chrome,True,1908999ef0626f1590e0c5e93243213b6310c9c1d2e4366469e046f27516b568,2026-01-26 20:41:40.065665
1639,654,Laptop,Windows,Firefox,True,d0f0f46c8c7518184376a7e2539ba7b72dcd6e570d72b452aa6d8d9dc0b4e613,2026-01-26 20:41:40.065674
1640,584,Desktop,Windows,Edge,False,2378068b3adb927071229e068eb87f745caf631ae4dab456b1bde6b8b1dd8efd,2026-01-26 20:41:40.065684
1641,47,Laptop,macOS,Chrome,False,d7332d4b10dd59f583b72544d588243e4938c7db8d2302bc411998a16952e902,2026-01-26 20:41:40.065693
1642,9,Mobile,macOS,Firefox,True,86cbf44fac560c85368cee1aa108164e9f0136ad8f9c61b724cba7cb97f34e93,2026-01-26 20:41:40.065703
1643,323,Mobile,Linux,Firefox,True,f9cd907b8539bbfd81f7aa443250a47eb39b0e1e9b4ad22190c55a462d571390,2026-01-26 20:41:40.065713
1644,720,Desktop,Windows,Firefox,False,525b4b25133ffcd1fb9117e05935bfcfbd311f2eec82296a66e27a942f971fa2,2026-01-26 20:41:40.065722
1645,919,Desktop,Linux,Chrome,True,7a2f02a38d009de08d74dbcd80bb3d94119019bc735be0d455f597162a063c6f,2026-01-26 20:41:40.065732
1646,25,Desktop,macOS,Firefox,True,43ccf96d49bbf7b79e3d85edf2b4b705530fad4f7e1d3726d7e175e2afc90ced,2026-01-26 20:41:40.065742
1647,298,Laptop,Windows,Edge,False,50e0f5c8d31f991c9239700e5c6ddd765c8afa5889f7ab47a1f83b1c4e4b5d67,2026-01-26 20:41:40.065752
1648,81,Desktop,Windows,Edge,True,9618a086aca76b501132f60c9e94fd72fc5afcf7e59e6210eadf53ce8202d5e4,2026-01-26 20:41:40.065761
1649,906,Laptop,Linux,Edge,True,49e78342a8f1658079e7d9917ddf4151312566ab6043aa28b9568f1fc1a51666,2026-01-26 20:41:40.065770
1650,788,Desktop,Windows,Edge,False,0c2d7f8c445da5527a3ffc49884380fca7757ba279dec191689880102759af0d,2026-01-26 20:41:40.065781
1651,459,Laptop,macOS,Firefox,False,0b467e02159e0e16454fb1ada98e462650fcfad9644767fad67bd89cc1845270,2026-01-26 20:41:40.065790
1652,639,Mobile,Windows,Edge,False,492de6c2421316072bb490a6e386321f6a9fb8c2814babbc5147d144ce59f524,2026-01-26 20:41:40.065801
1653,245,Laptop,Linux,Edge,True,a3c67f01bfcc77f5452b46ae2e95421839e28a54f2002cf2308590975bea2f94,2026-01-26 20:41:40.065811
1654,982,Laptop,Linux,Edge,False,e487f3770a97c4c714e09319c1a902592f672a57664811b6ea3f8d868c7c852c,2026-01-26 20:41:40.065821
1655,100,Laptop,Windows,Firefox,True,016a40ca067d48ce197c4e19a9fc57125c304c9bfd09b811312042ffae09274a,2026-01-26 20:41:40.065830
1656,511,Laptop,macOS,Firefox,True,4f03118e922130539470e3d924c6efb45c3d375b0e0f4161524eaa1cf61460a0,2026-01-26 20:41:40.065840
1657,957,Mobile,Windows,Chrome,False,8fab884f072a7032f2ea848539fa5589d402493c8185f0f574f1fa094d50572c,2026-01-26 20:41:40.065849
1658,591,Mobile,macOS,Chrome,True,525599bf3943577efc6abfec97e5c074eb3731d8c1f6f382c2d50d1d50a2e8b2,2026-01-26 20:41:40.065858
1659,184,Desktop,macOS,Firefox,False,667133c38e76d79a3412139ddbd8fd8cec84dba2323665696b28feb2b974039a,2026-01-26 20:41:40.065869
1660,263,Mobile,Linux,Chrome,True,b07e21d56671d4e340832b3289b40ddc0cef5b8262096c020b8da8e8a484e4cc,2026-01-26 20:41:40.065879
1661,996,Desktop,macOS,Chrome,False,4ef53ae9d34da419e0ce333fb0332e64861918f304fee352dd2690b2e2f39369,2026-01-26 20:41:40.065890
1662,880,Mobile,macOS,Firefox,True,010a9d671377f904cf10c2b2e88458d155f1a0ef595c0cf1610a65aa83e6fe24,2026-01-26 20:41:40.065901
1663,452,Mobile,Linux,Edge,False,fecaa095b43610f83872c02eda3a1412ce2130cd842d9ba16c6735a0272dc782,2026-01-26 20:41:40.065911
1664,383,Laptop,Linux,Firefox,False,cfe4fc8616ee75141047226efe0d28d88ed3866e9b9f4ac37d3d7ca26ae48e84,2026-01-26 20:41:40.065921
1665,270,Desktop,Windows,Edge,True,70da7b69dcb380128e57433b46a8ad790586db19b615db2139206c7884539d99,2026-01-26 20:41:40.065931
1666,759,Laptop,Linux,Edge,True,39aff700ee001d92d92ece4decf70ae92d182bb29540e633c715c46ce4d642ba,2026-01-26 20:41:40.065941
1667,159,Laptop,macOS,Firefox,True,3a4d15d6c5f1aeba967cd552d560ccde78cf394b7c9fb2ce2af547f2cbd309db,2026-01-26 20:41:40.065951
1668,584,Mobile,Windows,Chrome,False,e6fc39e292834dd40f366168874b5b1d9492f83ac430f86edb479f5e9c14d0c0,2026-01-26 20:41:40.065960
1669,896,Mobile,Linux,Chrome,False,d5c05d5bc2fb14b6cb68de5e26f0dbd2391f3981213e1c00716a30150b5dedcb,2026-01-26 20:41:40.065970
1670,478,Mobile,Linux,Edge,False,dfdde2ec2d21f641b84ec1d89c3f49d04d416641da8d42c33da83f07f897c625,2026-01-26 20:41:40.065979
1671,112,Laptop,Windows,Edge,True,a85a409305fb84bbbc051dbd4ae3aacfa5e381d64d00959e782cb8338f551cb3,2026-01-26 20:41:40.065989
1672,940,Mobile,macOS,Chrome,False,7ea3d586a3d4a3fb4d5e7c60856caebc032a4f4ca45fdb9e5f3c75979ca8fe67,2026-01-26 20:41:40.065998
1673,337,Laptop,macOS,Firefox,False,3028838b98432dbb5d3a48811e25cd64a6b04711bade39b1dfa1c8028ef55b0f,2026-01-26 20:41:40.066009
1674,218,Desktop,Linux,Firefox,True,471abd0c745528a0e60c5a13f0de14b661611c29fbd287beaa3f722ee99102ce,2026-01-26 20:41:40.066018
1675,286,Mobile,Windows,Edge,True,a6b2287096b91058289f2a66a8562998f7b7bded649da60279200cff1d138e36,2026-01-26 20:41:40.066027
1676,972,Mobile,Windows,Edge,True,43e38f3b46fc40f9de6bf7717953be881e335e6f82682f860811e6de64bf7f8c,2026-01-26 20:41:40.066037
1677,328,Desktop,Windows,Edge,False,8b7bca81806f1ff41ddd8c4c633e17ba28ecb16847e2b383472f7732d9b0d7bf,2026-01-26 20:41:40.066046
1678,64,Mobile,macOS,Firefox,True,f4a3969bc3378c3ab811f1a0a3b4f52feba66e1cf39c41ec37504e193cbe3f3b,2026-01-26 20:41:40.066056
1679,56,Laptop,Windows,Edge,False,3e888929018c8be1b56c5a740b328bb9ca273e13cba54c60dd7a8e8251a7a365,2026-01-26 20:41:40.066066
1680,277,Mobile,Linux,Chrome,True,00acc9e4af2edf69152ead0e7770048b9e09e719e932e617e07cde5ecaffb126,2026-01-26 20:41:40.066075
1681,146,Laptop,macOS,Firefox,True,8b7f1e251942fce71332b7e1c899cc1122c340769c981110a99e49f850106ae1,2026-01-26 20:41:40.066085
1682,306,Desktop,macOS,Firefox,True,d680bec5a649f92e6df2461841dd89b6ffed6c244e3ce9e66d02175b58ed3055,2026-01-26 20:41:40.066094
1683,686,Mobile,Windows,Chrome,True,c48e9ede052c7887e7f1741d0fc8d4e37727f260a6ce32bc518e51f5e459d791,2026-01-26 20:41:40.066104
1684,917,Mobile,macOS,Firefox,True,0e57fb38be7aa1eb9fcdd033d894260525e0d0918cb1c8117a6a6d15c97aee60,2026-01-26 20:41:40.066113
1685,204,Mobile,macOS,Firefox,False,ac8a28a67d040a483447bd79bb64deed51f2bcc088b4eef45d76b2bb77b2e43d,2026-01-26 20:41:40.066123
1686,549,Desktop,Windows,Edge,False,0f73c4e547f7179ffee2367f61c9a700a4f8886ffd664b83977d4cd1f56c49c3,2026-01-26 20:41:40.066132
1687,364,Desktop,Linux,Firefox,True,f0742f69bf6a88ebf6597a70a04b48b4b3f6d4a768ce690ac752ca97ae95211a,2026-01-26 20:41:40.066141
1688,575,Desktop,Windows,Chrome,True,85ad539ca0abb32c2f03ca00eb76330685c0affdf4f189d746ff9e581ac371dc,2026-01-26 20:41:40.066151
1689,332,Desktop,Linux,Edge,False,9ed0f232f811d0f74878d4ea51cfe2bc2cbac6212082abeddf06ee65d1856d66,2026-01-26 20:41:40.066160
1690,15,Laptop,macOS,Chrome,False,69c105cc10af83c0570384780eab221605227ff1d2c2f57e29cfea53c75b6f1c,2026-01-26 20:41:40.066170
1691,886,Mobile,Windows,Edge,False,9cfb5728acf9d7bdf6a0124d765e5a24a7892c57bb186845871d2d7963f6a921,2026-01-26 20:41:40.066180
1692,270,Desktop,Linux,Chrome,False,ab43beed3e8e8e7f8763db29b35d3781a52b8472eb72663da86465284a631aab,2026-01-26 20:41:40.066190
1693,966,Laptop,Linux,Firefox,True,f7192f1de27d7af860c535901e582568c62f6c5a881996e7df5c9456ea4671e7,2026-01-26 20:41:40.066200
1694,38,Laptop,Linux,Chrome,False,fa8084cc04f72a1c266c1dfe32968245d46a896072c22010355d9f481ed081a7,2026-01-26 20:41:40.066210
1695,714,Desktop,Windows,Edge,False,44e070436bbf1ac9bcb5df6d377431a8a57c690bbaaf2e2d36f6d7ef3a50d560,2026-01-26 20:41:40.066220
1696,222,Mobile,Windows,Chrome,True,3e3c76229df7e77052591b58b3d0a02f6e7ec328d44e27172117b7d5510c535e,2026-01-26 20:41:40.066230
1697,380,Mobile,Windows,Firefox,False,0f6a80c632868cc89a08cf9575cdbe04c0e3b6262d2de3d7d6ce72fd1eafa169,2026-01-26 20:41:40.066240
1698,515,Laptop,Linux,Firefox,False,94b61df4db449e3a505719319bc806748c2afcb58467c33d999c2626792def06,2026-01-26 20:41:40.066250
1699,424,Mobile,macOS,Firefox,False,de3f17b6f3d3a50241e80696c1d331c95327f742bbb51a006d7d458f4d59437a,2026-01-26 20:41:40.066260
1700,536,Mobile,Windows,Chrome,False,5b591761fc2147f683c1315a2214ab9624d5c35ee75a277522d1a856a7665ec3,2026-01-26 20:41:40.066270
1701,439,Mobile,Windows,Edge,True,a6ea307a5702a9d311d29711e3dfc6857daa1bf32dfa30852fd322001bd199e2,2026-01-26 20:41:40.066279
1702,556,Mobile,macOS,Firefox,False,44c9a236af83274e05540a0d42b1b10555975e1fd4a3553453027d46a13e3680,2026-01-26 20:41:40.066289
1703,650,Mobile,Linux,Edge,True,07dde6fc0477e40f96a799ecb8ed777255d160efcff626fa11dfe70fef98ceff,2026-01-26 20:41:40.066300
1704,90,Laptop,Windows,Edge,True,630f97f3287b7b2fe96e97fe10dd652faf26b0df0c5ec216d6bc573eb0afbd86,2026-01-26 20:41:40.066311
1705,632,Mobile,Windows,Firefox,True,7a502d142d06462ac02dbaddacb38e3a981d93581809284872f8cfd8dced911d,2026-01-26 20:41:40.066321
1706,649,Mobile,Linux,Edge,True,c364b8a7e4da0bfe595884e278e27b93b8209346836bfda92d7407268c23db77,2026-01-26 20:41:40.066331
1707,684,Mobile,macOS,Chrome,True,78efa0e81d609bc8f0eeb871ed35b9e255e58975ec000314187c14dddbfc5e6d,2026-01-26 20:41:40.066340
1708,796,Mobile,Linux,Firefox,True,6ba8bc874c7dadfb83c122d0e96decdedb0f0aaf3e34bc48815b0c9117362a42,2026-01-26 20:41:40.066350
1709,201,Mobile,Windows,Firefox,False,e764ae2ac3a0e45202f5dacb2574c605a33d838718fb2c431d8fc3ae0409b1d0,2026-01-26 20:41:40.066360
1710,423,Desktop,Linux,Edge,False,bfd4926bcc56208c607c9d6a91b287e514772e1468f191daed87531e29c1a4f4,2026-01-26 20:41:40.066371
1711,8,Mobile,Windows,Edge,False,c6707c378403dbf1e8f8bbebd62ecdc0c079da1b88eb051e8006ef2b38e5ce9b,2026-01-26 20:41:40.066380
1712,275,Desktop,macOS,Firefox,False,7b71d094a344728a9df96fe9c10fc5dba1562d8b7706f0a6135fa3d57f396834,2026-01-26 20:41:40.066390
1713,690,Laptop,Windows,Firefox,True,ed65748ad185803e4f03690cad50d191b7123c4a80e95b390a4801217cea2db1,2026-01-26 20:41:40.066400
1714,16,Laptop,Windows,Firefox,False,285dc784f57f406ff2693c9377c6d4ea3c991f9cb260113be8b27ab825a29d46,2026-01-26 20:41:40.066410
1715,344,Laptop,Linux,Firefox,True,b5e3fdbd70aec526b65e0dac638a56af5231a14d4bd321e30fc916b203ff11d7,2026-01-26 20:41:40.066420
1716,570,Mobile,Windows,Edge,False,337d76f70cbc78ce18c70f2d858afd38c9eaff6ddfc870647e08f4f3cde0a94f,2026-01-26 20:41:40.066430
1717,849,Laptop,Linux,Firefox,True,2ffecbdac042efbe835ca035e72a9e01562d67efb6970c673888ab325c99750c,2026-01-26 20:41:40.066439
1718,962,Desktop,macOS,Edge,True,ba85bb0eb6dc74c6a043ab16a7abd3bd0faa46b0af8a60280b6c01e5aaa11b53,2026-01-26 20:41:40.066449
1719,413,Mobile,Linux,Chrome,False,9991ab4c9eb00a8ac14f75c349d1ba909406a7302764663f425c281ca127b1c7,2026-01-26 20:41:40.066459
1720,237,Laptop,Linux,Chrome,True,6c892591a2d353ee4eea185b3b6c2ade9d13c77d102ccb61613bd76df4a6f390,2026-01-26 20:41:40.066469
1721,647,Desktop,macOS,Edge,False,d4071f7f9867e59cd5a0d951da040fde6794c45a8f58e2ad469ad91cae4bb325,2026-01-26 20:41:40.066478
1722,858,Desktop,Windows,Firefox,True,3203cd4b5b04b35dbcab3caf6626576dbbf833e4b64dbd1df1f877267b89dd5f,2026-01-26 20:41:40.066488
1723,96,Laptop,Windows,Firefox,True,338eb1a121aa0f665cf12fd3b2e29355114f14a968a6d411554677011aab59e6,2026-01-26 20:41:40.066498
1724,644,Desktop,Windows,Chrome,True,cc9f939ab1420dd53de68ca4fc741515f95c8d67c985a9394012e8f29a71017e,2026-01-26 20:41:40.066508
1725,586,Mobile,Windows,Edge,True,fa45e382cca6dab30ef9dc0415e5dcbf61cd6f63f1872b2114de68b89c200557,2026-01-26 20:41:40.066517
1726,465,Desktop,Linux,Firefox,True,87aa6f8833957ae4d0b15f11c3d61772d47fb83eb039242c96f6b2e11dcab9b0,2026-01-26 20:41:40.066528
1727,246,Desktop,Windows,Firefox,True,2034060320203f0bfd5ddae60b0d38fe44a7570c8d9b752b2458a50f91b45a2f,2026-01-26 20:41:40.066537
1728,549,Laptop,Linux,Firefox,False,639261c435fb358742779c327a3c3acbd7f57cee8363d48a1b7f905b9e51f368,2026-01-26 20:41:40.066547
1729,676,Laptop,macOS,Chrome,True,d3a22396ae6adaaa3d0f054e906ab5fc3e1253723d9f807e1abe138cf68e1262,2026-01-26 20:41:40.066558
1730,643,Laptop,Linux,Edge,True,63f52aff687d77d6a31aea3104eea768d8219fab4cb793a609d6c6e9177e26c9,2026-01-26 20:41:40.066568
1731,114,Mobile,Linux,Chrome,True,3ea76fdf5744b65516ffa84802567cc9548516ac17334b0ce0608ff1239c7030,2026-01-26 20:41:40.066577
1732,146,Mobile,macOS,Chrome,True,41d138ffe81511b1ee01c7dd2bb8275e31dac04e82a9338d9871b5c262f5ee3e,2026-01-26 20:41:40.066587
1733,80,Mobile,macOS,Chrome,False,a4a8a28a79f707f97878b34bf3cbba30ba01b1c39f3c77dbb5f366cd186bfd19,2026-01-26 20:41:40.066597
1734,104,Mobile,Windows,Firefox,True,d84ec5a01b0b383a460c026620cb16fffe26f900ff9d9f6a650620834487985c,2026-01-26 20:41:40.066606
1735,499,Desktop,Windows,Chrome,False,506a81a30ffb89339752ec44a73fba3aea3a391924d5f588d8f5adef6625aea3,2026-01-26 20:41:40.066616
1736,385,Mobile,Linux,Firefox,True,1093afc1ce021fef60e24db7c8e0c64ee819651bea59879d3cf8425b930be88e,2026-01-26 20:41:40.066626
1737,185,Mobile,Windows,Chrome,True,464eca584ed6a14c7c7e71aa06e60082fdc0ab2c4c23ec5cdf862465608f0a68,2026-01-26 20:41:40.066636
1738,121,Mobile,macOS,Firefox,True,a29dea0d749e80e398939e8beb6a62a92a2081d449b51529e69a4207077797bb,2026-01-26 20:41:40.066646
1739,163,Desktop,Linux,Firefox,True,bfac8a8f0eb6e3c682a80162b5c6c0bc6c8e62ab6726628a29aa0eae2f54f8f3,2026-01-26 20:41:40.066656
1740,198,Desktop,Windows,Edge,True,5b4bcf73de37eb7d8423051d55e90fbb026bcd15c1198f74f86ca6866e22c36c,2026-01-26 20:41:40.066665
1741,531,Desktop,Windows,Chrome,False,ca19f5974224c706c19db26639ade1bc6febdf0b517e2cf6bcbd7dc3eef3ba39,2026-01-26 20:41:40.066674
1742,118,Laptop,Windows,Firefox,True,0f21de9b2326ee65be04c27fa7adeb4a2ab0173c8887be72bd50e185b61678c8,2026-01-26 20:41:40.066684
1743,226,Laptop,Linux,Edge,True,ddda109372a2d5902cba298ba2fced9dbc655166db8129b5eedc0f2134854784,2026-01-26 20:41:40.066694
1744,275,Mobile,macOS,Chrome,True,65153d11f229bdeb99fa1aa5662cb22fdefa66d73ac6242598d97304d4881afc,2026-01-26 20:41:40.066705
1745,357,Desktop,Linux,Edge,False,98d470e00507e012a1d287bb671a094507377aefd43fad9864c868c1bc717166,2026-01-26 20:41:40.066715
1746,479,Desktop,macOS,Firefox,False,54545a40b6b0e430e255354fb302eb23189df0e3a704ba83e64404603732ef7e,2026-01-26 20:41:40.066725
1747,945,Laptop,macOS,Chrome,True,5ff70487538511d8d3a32589e86992a850e71beef48ad618e9d49e2545f3a676,2026-01-26 20:41:40.066735
1748,704,Desktop,macOS,Firefox,True,4dc4fde6acff4dd74b20492a6f368c378988bd67e7b2501caf6962d486426019,2026-01-26 20:41:40.066745
1749,598,Desktop,macOS,Chrome,True,28eed4ae7e1463f9715d217f6caee71837d4e6d207bfbcd6c81fe1e1cc1c5d67,2026-01-26 20:41:40.066754
1750,977,Desktop,macOS,Firefox,False,be8953e997c9660a3bd338580bc6213a0b5460e47058ff525a733bbd9a6dfd4c,2026-01-26 20:41:40.066764
1751,434,Desktop,Linux,Firefox,False,4798eb34c768add26e68d358012f2f889b17c88947ff7ea10a3396865c0489b8,2026-01-26 20:41:40.066773
1752,638,Laptop,Linux,Firefox,False,5779aed164e4a547886a7ed47673d44e4d3c32a2732ea4d6dd3b5d234f5deb98,2026-01-26 20:41:40.066782
1753,205,Desktop,macOS,Firefox,True,4ac453149405933cb58bcb7040c12fb67ce7cd6e3711409f38ef2dc644b1a0c7,2026-01-26 20:41:40.066791
1754,461,Laptop,Windows,Edge,False,2c1db2049cf549f6b49a6ac9e3305967aa602cf2e74b51bf6bd0178b33aeee48,2026-01-26 20:41:40.066801
1755,601,Mobile,macOS,Edge,False,b65b1ae83d47ea49812552c65a40d06f4677c292cb8a5e400066706bc5c1b45b,2026-01-26 20:41:40.066811
1756,408,Laptop,Windows,Chrome,False,d00f67316626add62a861b235688c7802a3235f89775b3b178622041914af943,2026-01-26 20:41:40.066821
1757,440,Laptop,macOS,Chrome,True,b7c5683184c2bad1f15e966f9b38b329bcc18615abf9f0f352c6b8d6e468e156,2026-01-26 20:41:40.066831
1758,221,Desktop,macOS,Firefox,True,004c1a2331bcb0e581f90898b89a46cc1b6279857043e3d67855e90ac77d3fe2,2026-01-26 20:41:40.066841
1759,799,Mobile,Windows,Chrome,False,b2a26236130c8ace18e60b25affc4113635b7e0452183d0071feb47030c780aa,2026-01-26 20:41:40.066851
1760,705,Laptop,Linux,Firefox,True,eecbf64d06ec350b6e67b6d62ee362c1bff6739aa537852860038e48bc5e036e,2026-01-26 20:41:40.066860
1761,477,Desktop,macOS,Chrome,True,249253756285b6d72a0447f71d972ed7723fb192274f24b0c8418646f5022a52,2026-01-26 20:41:40.066870
1762,395,Mobile,Linux,Chrome,True,c1af54f94785cae8ee5bd351741edc8d1494db3440a1126c69891d3ba468ea07,2026-01-26 20:41:40.066880
1763,106,Desktop,macOS,Edge,True,7be14897ebc97743c33df0c9c4cc8074277f99ba0474909c6d3d3e39ca5fbf65,2026-01-26 20:41:40.066889
1764,588,Desktop,macOS,Edge,False,c84faacce5d6d4f88bdcc6ef3f9a7c33871066ac8d475fcdca14361923d16645,2026-01-26 20:41:40.066898
1765,326,Mobile,Windows,Chrome,True,9d39d12b863aa516b4be0298f246d11112006dcd62bebdb6f92830c2fa8de64f,2026-01-26 20:41:40.066908
1766,822,Mobile,macOS,Chrome,False,76286f44f1620a9ecff3c14fa98246dbda4cdd661fd761a504a07e5996787db8,2026-01-26 20:41:40.066918
1767,432,Laptop,Windows,Firefox,True,5e836230c31edb7c8a11652d923171e1dfba90df24167ef54b2b16f5ce4a760b,2026-01-26 20:41:40.066928
1768,616,Mobile,Linux,Firefox,True,c14bdd1bf80b119285f460e4315a39698902bfd85bce1875ceb52f51eae226c3,2026-01-26 20:41:40.066937
1769,591,Laptop,macOS,Chrome,True,d18bef5f242a1981f562f838761aee8a40d4ff01dcfe075b1a737492bec566a7,2026-01-26 20:41:40.066947
1770,934,Mobile,macOS,Chrome,False,783f9342cecefb9f7fbe8d6d4df0740489c3cf6ae74a31e3e2d121d3c5204d42,2026-01-26 20:41:40.066957
1771,38,Desktop,Linux,Chrome,False,ab011195287075c28c81d6f4f4acd585b96951d47b50852ddfafbf07c9b526ce,2026-01-26 20:41:40.066967
1772,661,Laptop,Windows,Firefox,True,c99aec83d228bcb76aa8e9e052306df36a0fc4102dce2ea56157cf05adafc4b6,2026-01-26 20:41:40.066976
1773,850,Mobile,Linux,Firefox,False,84c4e4286f86e997a6fe99e00d5b3de4411d41349da82ac612c28cab8f8f834a,2026-01-26 20:41:40.066986
1774,325,Mobile,macOS,Chrome,False,87348ee940152261db42886468336f8023a258f6cfd6af58e83e2af6f65fff1d,2026-01-26 20:41:40.066996
1775,506,Desktop,Windows,Firefox,False,6e6838756ca82d46353b2893213e10c256d4800ed9282a5a1865e948aaa220f6,2026-01-26 20:41:40.067005
1776,714,Mobile,macOS,Edge,True,a6173087fe1935cbee184acb5b36acbfa239141fcee0e322960b606be06f7f87,2026-01-26 20:41:40.067015
1777,864,Mobile,Linux,Chrome,True,4ee086f0059ef3f5d6023da3269c148b64fceb6fc06466c92471fd646b577431,2026-01-26 20:41:40.067024
1778,230,Laptop,Windows,Chrome,True,08053d3ef9dc3ecb970ef7cd9f98a671f00a61841b8e4985ea1a2dc4b79f947e,2026-01-26 20:41:40.067034
1779,331,Desktop,Linux,Firefox,True,3922f5fe61127314d2f95cea1262999948e27a74c6c86ec2327b91b0f6da2d40,2026-01-26 20:41:40.067044
1780,175,Laptop,Windows,Edge,False,39860ca72855879b2fdf72f60c0878636eead6efcbb2f8bb82fbe363a6e3285b,2026-01-26 20:41:40.067054
1781,836,Desktop,Windows,Edge,True,f9192a48126dc3744b5143d648faa4a235f779a38d806556db52bb2d3dc8843e,2026-01-26 20:41:40.067064
1782,266,Laptop,Windows,Chrome,False,659d1e5a4628dba9baa554393a20a0da5d4f0f8938271b8edd3b6e7a535e4376,2026-01-26 20:41:40.067074
1783,77,Mobile,macOS,Edge,False,3196b81569d01fad515f053cb351c2a9b0576efcab47b3546f8b737e40cec8cd,2026-01-26 20:41:40.067084
1784,277,Desktop,Windows,Chrome,False,6acffd6fc6964fb16e2e95fffdee3c5c30dd612988a44ce2958f690a44512dca,2026-01-26 20:41:40.067094
1785,123,Laptop,macOS,Chrome,False,d259a48a5bfe0756a0a86ae8dece1f92c5c56d8f09801d2af6b17c506906e686,2026-01-26 20:41:40.067103
1786,653,Mobile,Linux,Chrome,True,c3acd2ad727d4330f1facf451846cc68a43756bb81d0330c889b1866e8c5a85a,2026-01-26 20:41:40.067113
1787,592,Mobile,Linux,Firefox,False,e2215b103a6730bcdd252b9bc98d41269025bf9cc3cf859c470f2ffd1d45999a,2026-01-26 20:41:40.067123
1788,330,Desktop,macOS,Chrome,True,e0f03ba83a30c749eeb3a74b614d68955b088fdb2e0fc4314d48fb035d976b60,2026-01-26 20:41:40.067132
1789,271,Mobile,Linux,Chrome,False,fdf60faa1eb3db82a23742a84da5f4b150a3e96d48dac91dff3481f43864abfe,2026-01-26 20:41:40.067141
1790,572,Laptop,Linux,Edge,True,9aae6726476d4a8cf362f4c1cde832790698b4431a2e2765d6811ba7d78b143a,2026-01-26 20:41:40.067158
1791,712,Laptop,Windows,Firefox,True,545085254fb75844ee6cb1ca3435400951a50e3ee00bc4dfde248ef66d32eb09,2026-01-26 20:41:40.067167
1792,218,Laptop,Linux,Chrome,False,93d20eddcb08f125eb8908e6de3ac72c3156b8970892e1299f621fc8c19c7c8b,2026-01-26 20:41:40.067177
1793,839,Mobile,Windows,Firefox,True,dd7c37f77db46677d689029473efad6cd49ada25be47c9ce5a904d58ae8fc47b,2026-01-26 20:41:40.067186
1794,349,Laptop,Linux,Edge,False,f9fe7d2ffb74f0926901cc6511456b2cc8c3d4c9afa5ac2d852baabf8c77bcb7,2026-01-26 20:41:40.067195
1795,779,Mobile,Linux,Firefox,True,c6b1d6d4fda1a922b1d6f4f50d901b1d7c3a0778b225e79c0a02fd7bf5d5a436,2026-01-26 20:41:40.067205
1796,869,Desktop,Windows,Chrome,True,daae0f4709b7034bf2b6d05b5baf37c6fa047fb7bdb12c5cf376c35f415a1c4c,2026-01-26 20:41:40.067215
1797,939,Mobile,macOS,Firefox,True,4bfcc43600e1a5b052596dd3e4ec7d86af3f33e9673d5ad23784dc7b39fba925,2026-01-26 20:41:40.067224
1798,799,Mobile,Windows,Chrome,False,b54cccb759bffdfff127d24c8f49669f83b7f290754131ae41001ce003391716,2026-01-26 20:41:40.067234
1799,434,Laptop,Linux,Firefox,True,27669b45bc05c44591703a89a2e001d7bf99ca705fd251744340ef3f5eef6a8f,2026-01-26 20:41:40.067243
1800,151,Mobile,Windows,Edge,True,5106b1d9e9cec32fc0a5584d08d4bd9d6d7b3e6929b732a0a8babbd0e653e49b,2026-01-26 20:41:40.067253
