user_id,employee_id,name,email,department_id,role,privilege_level,office_location,employment_status,created_at
1,SVC00001,Allison Hill,donaldgarcia@example.net,7,Service Account,5,New Roberttown,Active,2026-03-05 20:41:39.663777
2,EMP00002,David Guzman,jennifermiles@example.com,5,Contractor,1,South Bridget,Active,2026-04-05 20:41:39.664163
3,EMP00003,Abigail Shaffer,jpeterson@example.org,6,Contractor,3,Curtisfurt,Active,2026-04-07 20:41:39.664480
4,EMP00004,Ryan Munoz,blairamanda@example.com,6,Remote Employee,1,Remote,Active,2026-05-09 20:41:39.664776
5,EMP00005,Edward Fuller,barbara10@example.net,2,Contractor,3,Port Keith,Active,2025-12-31 20:41:39.665061
6,SVC00006,David Garcia,shawn52@example.com,5,Service Account,5,Jasonview,Active,2026-06-03 20:41:39.665343
7,EMP00007,Melinda Jones,amandasanchez@example.com,2,Contractor,4,Nelsonside,Active,2026-05-16 20:41:39.665746
8,SVC00008,Frederick Tate,perezantonio@example.com,5,Service Account,5,Adamsborough,Active,2025-08-08 20:41:39.666116
9,SVC00009,Latoya Robbins,dianafoster@example.net,6,Service Account,5,Thomasberg,Active,2025-09-03 20:41:39.666490
10,EMP00010,Justin Baker,zhurst@example.com,2,Remote Employee,1,Remote,Active,2026-03-01 20:41:39.666720
11,EMP00011,Zachary Hicks,camposmichelle@example.org,2,Hybrid Worker,2,Port Erin,Active,2026-05-05 20:41:39.667067
12,EMP00012,Janice Carlson,jrice@example.org,5,Contractor,4,Lake Nicoleview,Active,2025-08-04 20:41:39.667365
13,EMP00013,Gina Carter,shawnmckay@example.net,3,Hybrid Worker,3,Teresaburgh,Active,2025-12-26 20:41:39.667731
14,EMP00014,Ashley Garrett,ericfarmer@example.net,5,Remote Employee,1,Remote,Active,2025-08-18 20:41:39.668015
15,EMP00015,Tammy Sellers,tracy15@example.com,4,Remote Employee,2,Remote,Active,2025-11-01 20:41:39.668223
16,EMP00016,David Bradley,millertodd@example.org,5,Contractor,5,East Donna,Active,2026-03-05 20:41:39.668569
17,EMP00017,Carmen Rose,ibrandt@example.net,1,Hybrid Worker,2,Lake Larry,Active,2026-06-09 20:41:39.668881
18,EMP00018,Marie Kim DDS,wrightcaleb@example.org,7,Hybrid Worker,3,New Jeffrey,Active,2026-05-23 20:41:39.669249
19,EMP00019,Mark Perez,heathchad@example.org,6,Remote Employee,2,Remote,Active,2025-07-25 20:41:39.669532
20,EMP00020,John Ryan,esanchez@example.com,7,Contractor,4,North Collin,Active,2026-04-13 20:41:39.669840
21,EMP00021,Jeff Owens,nuneztracey@example.org,3,Hybrid Worker,2,South Jessicaville,Active,2025-09-11 20:41:39.670189
22,SVC00022,Connor West,dwhite@example.org,5,Service Account,5,South Lindseyside,Active,2025-08-30 20:41:39.670482
23,EMP00023,Matthew Fernandez,novaksara@example.org,7,Contractor,3,South Todd,Active,2026-03-05 20:41:39.670821
24,EMP00024,James Brown,ysmith@example.com,8,Remote Employee,1,Remote,Active,2026-06-01 20:41:39.671046
25,EMP00025,Rachel Mitchell,smoore@example.org,3,Office Worker,2,New Jillton,Active,2025-11-21 20:41:39.671347
26,SVC00026,Amy Silva,brianromero@example.org,2,Service Account,5,New Carlosbury,Active,2025-12-10 20:41:39.671718
27,EMP00027,Todd Hudson,harveyrobert@example.net,8,Contractor,5,Sarahborough,Active,2026-02-17 20:41:39.672067
28,SVC00028,Emily Baker,emilyevans@example.com,1,Service Account,5,North Stephenshire,Active,2026-04-28 20:41:39.672421
29,SVC00029,Angel Lewis MD,nicole35@example.com,5,Service Account,5,South Martha,Active,2025-08-01 20:41:39.672701
30,EMP00030,Lisa Archer,contrerasangela@example.net,2,Hybrid Worker,3,East Josephville,Active,2025-11-15 20:41:39.673059
31,EMP00031,Brittney Campbell,jenniferharris@example.net,8,Remote Employee,1,Remote,Active,2026-02-11 20:41:39.673346
32,SVC00032,Kathy King,davisrodney@example.com,3,Service Account,5,North Matthewberg,Active,2025-10-09 20:41:39.673723
33,EMP00033,Deborah Figueroa,hhoffman@example.org,5,Office Worker,5,New Barry,Active,2025-08-18 20:41:39.674025
34,EMP00034,Juan Jordan,parkerrachel@example.org,3,Remote Employee,3,Remote,Active,2026-04-04 20:41:39.674316
35,SVC00035,Christine Wright,gomezanita@example.com,1,Service Account,5,East Michelle,Active,2025-08-23 20:41:39.674670
36,EMP00036,Rita Keith,whitesandra@example.com,8,Hybrid Worker,1,West Erik,Active,2026-04-29 20:41:39.675024
37,EMP00037,Janet Williams,dwalker@example.com,5,Hybrid Worker,2,Loribury,Active,2026-05-27 20:41:39.675326
38,EMP00038,Matthew Ross,michelle45@example.net,2,Remote Employee,1,Remote,Active,2025-10-20 20:41:39.675535
39,EMP00039,Meghan Anthony,sheila14@example.org,3,Office Worker,2,Benjaminchester,Active,2025-10-25 20:41:39.675828
40,SVC00040,Richard Graham,cruzbarbara@example.com,3,Service Account,5,Lake Ryanhaven,Active,2026-02-10 20:41:39.676190
41,SVC00041,Kimberly Ball,michaeljones@example.net,7,Service Account,5,Cindyville,Active,2026-03-09 20:41:39.676556
42,SVC00042,Elizabeth Parker,snguyen@example.com,4,Service Account,5,East Robert,Active,2026-01-17 20:41:39.676852
43,EMP00043,Megan Orr,richard04@example.com,6,Contractor,4,South Kristi,Active,2025-10-04 20:41:39.677128
44,EMP00044,Erica Ramos,williamleon@example.net,2,Contractor,2,Lake Christopher,Active,2026-03-02 20:41:39.677479
45,EMP00045,Mackenzie Rogers,emilywalker@example.org,6,Office Worker,1,North Brandon,Active,2025-08-28 20:41:39.677853
46,SVC00046,Miss Patricia Gibson,jennifercruz@example.com,4,Service Account,5,East Diana,Active,2025-08-28 20:41:39.678229
47,EMP00047,Paul Carrillo,osbornejeffery@example.net,1,Remote Employee,1,Remote,Active,2025-08-06 20:41:39.678517
48,EMP00048,Amber Wright,bryantlaurie@example.net,4,Office Worker,1,Stephaniemouth,Active,2026-06-09 20:41:39.678868
49,EMP00049,Michelle Wagner,vmerritt@example.com,2,Hybrid Worker,5,Greenbury,Active,2026-02-24 20:41:39.679188
50,EMP00050,Destiny Strickland,rsims@example.com,8,Hybrid Worker,2,Lake Justinview,Active,2025-09-22 20:41:39.679471
51,EMP00051,Steven Miller,jessebenson@example.net,8,Remote Employee,2,Remote,Active,2025-10-26 20:41:39.679756
52,EMP00052,Jason Rivera,nperry@example.com,4,Contractor,1,Steinshire,Active,2026-05-07 20:41:39.680057
53,EMP00053,Alicia Gilmore,wwoods@example.com,6,Contractor,4,Castanedachester,Active,2025-11-27 20:41:39.680352
54,EMP00054,Morgan Marsh,tracynelson@example.com,1,Contractor,1,South Matthewfurt,Active,2026-05-25 20:41:39.680680
55,EMP00055,Sara Calhoun,meadowsbrittany@example.net,6,Contractor,1,North Dawnberg,Active,2026-02-18 20:41:39.681009
56,EMP00056,Catherine Green,jason55@example.com,4,Remote Employee,5,Remote,Active,2025-11-08 20:41:39.681201
57,EMP00057,Trevor Fisher,ruizkaitlyn@example.org,7,Remote Employee,2,Remote,Active,2026-02-03 20:41:39.681469
58,EMP00058,Mrs. Marie Harrington DDS,herringjames@example.org,4,Contractor,1,East David,Active,2025-11-11 20:41:39.681826
59,SVC00059,Kristy Robinson,katie29@example.net,2,Service Account,5,Port Loriport,Active,2026-05-31 20:41:39.682083
60,SVC00060,Alexander Collins,tsanders@example.org,1,Service Account,5,New Hannahbury,Active,2026-05-09 20:41:39.682358
61,EMP00061,Raymond Jefferson,hoganashlee@example.org,3,Remote Employee,4,Remote,Active,2025-10-20 20:41:39.682621
62,EMP00062,Jeffrey Wood,alexander67@example.org,4,Contractor,4,Yumouth,Active,2026-05-26 20:41:39.682897
63,EMP00063,Jessica Gross,christina87@example.com,7,Remote Employee,1,Remote,Active,2025-12-08 20:41:39.683088
64,EMP00064,Nicholas Adams,mariahmiller@example.com,8,Hybrid Worker,3,Port Steven,Active,2025-11-21 20:41:39.683412
65,SVC00065,Jamie Johnson,hunter35@example.com,8,Service Account,5,Joshuaview,Active,2026-04-07 20:41:39.683664
66,EMP00066,Kellie Lee,jenniferfreeman@example.org,5,Remote Employee,2,Remote,Active,2026-05-27 20:41:39.683944
67,SVC00067,Maria Henry,davisjeffrey@example.net,1,Service Account,5,West Elizabeth,Active,2026-01-16 20:41:39.684278
68,EMP00068,Juan Cooper,michael74@example.com,1,Office Worker,5,Jerryborough,Active,2025-10-24 20:41:39.684550
69,SVC00069,Patrick Tapia,jamesrodgers@example.com,3,Service Account,5,Tinaborough,Active,2026-05-27 20:41:39.684895
70,SVC00070,Isaac Turner,joshuamccann@example.net,2,Service Account,5,Heidiberg,Active,2026-03-22 20:41:39.685236
71,EMP00071,Nicole Garcia,andrewstaylor@example.com,2,Office Worker,2,Jackton,Active,2025-12-01 20:41:39.685582
72,EMP00072,Scott Wilson,moralescharles@example.net,4,Office Worker,5,East Edwardshire,Active,2025-08-25 20:41:39.686352
73,EMP00073,Angela Wright,yobrien@example.net,2,Office Worker,4,Port Alexandra,Active,2025-08-31 20:41:39.687455
74,SVC00074,Jeremy Dalton,ntorres@example.org,6,Service Account,5,Port Jaredborough,Active,2026-02-12 20:41:39.687854
75,EMP00075,Brad Allen,moorericky@example.net,6,Remote Employee,2,Remote,Active,2026-02-10 20:41:39.688171
76,EMP00076,Doris Hall,jacqueline71@example.net,3,Contractor,3,West Kristin,Active,2025-11-03 20:41:39.688474
77,EMP00077,Mary Peck,owilson@example.net,2,Hybrid Worker,1,West Margaret,Active,2025-11-03 20:41:39.688794
78,SVC00078,Christopher Parker,scott74@example.net,2,Service Account,5,Benderhaven,Active,2026-05-19 20:41:39.689106
79,SVC00079,Jessica George,mnavarro@example.com,4,Service Account,5,North Jeremyshire,Active,2025-10-09 20:41:39.689594
80,EMP00080,Alicia Hubbard,barbara27@example.net,3,Hybrid Worker,3,Moonburgh,Active,2026-05-21 20:41:39.689917
81,EMP00081,Jessica Olsen DVM,vbailey@example.com,6,Remote Employee,3,Remote,Active,2026-04-06 20:41:39.690153
82,EMP00082,Shannon Rivera,zroberts@example.net,5,Contractor,5,South Christopherview,Active,2025-07-26 20:41:39.690453
83,SVC00083,Wayne Powell,sandovalamy@example.com,1,Service Account,5,East Aprilfort,Active,2025-09-15 20:41:39.690804
84,EMP00084,Olivia Harris,sarakim@example.net,2,Hybrid Worker,2,Martinezbury,Active,2026-02-10 20:41:39.691176
85,EMP00085,Emily Smith,hdavis@example.com,2,Office Worker,5,Lake Marilynfort,Active,2026-04-07 20:41:39.691473
86,EMP00086,Dorothy Thornton,edavenport@example.org,5,Hybrid Worker,5,Arnoldfurt,Active,2026-03-10 20:41:39.691809
87,EMP00087,Kyle Francis,michellehill@example.com,4,Hybrid Worker,3,Sarahhaven,Active,2025-10-10 20:41:39.692165
88,EMP00088,Aaron Barber,cgrimes@example.net,5,Contractor,1,Reedside,Active,2026-05-09 20:41:39.692486
89,EMP00089,Jamie Cantu,tinaallen@example.com,5,Contractor,1,Port Kimberly,Active,2026-06-24 20:41:39.692833
90,EMP00090,Patrick Thornton,qhughes@example.net,3,Hybrid Worker,3,South Tammie,Active,2026-04-04 20:41:39.693115
91,EMP00091,Vincent Rivera,sawyerscott@example.net,7,Contractor,5,Smithberg,Active,2026-06-21 20:41:39.693474
92,EMP00092,Matthew Moore,qharrington@example.com,2,Office Worker,2,Santosmouth,Active,2025-09-19 20:41:39.693802
93,EMP00093,Shannon James,courtney78@example.org,6,Office Worker,5,East Crystalport,Active,2025-09-16 20:41:39.694075
94,EMP00094,Nicole Hamilton MD,wallaceheather@example.org,7,Remote Employee,2,Remote,Active,2026-06-04 20:41:39.694362
95,EMP00095,Robert Carter,ryan38@example.com,6,Hybrid Worker,1,East Gregory,Active,2025-12-24 20:41:39.694626
96,EMP00096,Janet Vega,jdurham@example.org,4,Remote Employee,1,Remote,Active,2025-12-26 20:41:39.694856
97,SVC00097,David Scott,nolansteven@example.com,7,Service Account,5,North Scott,Active,2025-08-12 20:41:39.695221
98,EMP00098,Kevin Fowler,dvaughn@example.com,4,Remote Employee,2,Remote,Active,2026-03-27 20:41:39.695461
99,EMP00099,James Webb,patrickhoward@example.com,1,Contractor,2,Andrewfurt,Active,2026-01-06 20:41:39.695858
100,EMP00100,Keith Jennings,lozanojulie@example.com,4,Contractor,3,New Laurie,Active,2026-04-05 20:41:39.696219
101,EMP00101,Connor King,courtneyberger@example.net,7,Office Worker,1,West Kristinaton,Active,2025-10-28 20:41:39.696589
102,EMP00102,Morgan Davis,mark62@example.org,4,Remote Employee,4,Remote,Active,2025-12-28 20:41:39.696806
103,EMP00103,Joshua Mata,maria47@example.com,4,Hybrid Worker,2,Lindamouth,Active,2026-06-13 20:41:39.697096
104,EMP00104,Brenda Levy,zcoffey@example.net,7,Remote Employee,3,Remote,Active,2026-02-03 20:41:39.697339
105,EMP00105,Richard Smith,gibsonemily@example.net,5,Office Worker,3,Brendastad,Active,2025-08-01 20:41:39.697724
106,SVC00106,David Johnson,rose31@example.net,7,Service Account,5,Blankenshipport,Active,2025-09-24 20:41:39.698040
107,EMP00107,Audrey Williams,torrestravis@example.org,1,Hybrid Worker,1,New Derek,Active,2026-02-12 20:41:39.698607
108,EMP00108,Michael Paul,umatthews@example.org,5,Remote Employee,1,Remote,Active,2026-05-01 20:41:39.698851
109,SVC00109,Mary Bass,rcrosby@example.org,7,Service Account,5,Jeffmouth,Active,2025-12-31 20:41:39.699155
110,EMP00110,Savannah Garcia,amy50@example.com,7,Hybrid Worker,5,Jamesville,Active,2025-10-07 20:41:39.699435
111,EMP00111,Samantha Davis,darleneharper@example.org,7,Office Worker,5,Port Matthewberg,Active,2026-03-20 20:41:39.699812
112,EMP00112,Christine Gallegos,brendali@example.org,1,Hybrid Worker,4,Kimtown,Active,2026-06-25 20:41:39.700158
113,SVC00113,William Huerta,lauren10@example.org,4,Service Account,5,West Kristybury,Active,2025-12-21 20:41:39.700435
114,EMP00114,Alexis Baker,judyfox@example.net,2,Contractor,3,South Shanestad,Active,2025-08-10 20:41:39.700790
115,EMP00115,Ashley Gordon,acostaregina@example.net,2,Hybrid Worker,3,Stephentown,Active,2025-10-09 20:41:39.701137
116,EMP00116,John Morales,henryrenee@example.org,7,Hybrid Worker,3,West Charleneland,Active,2025-12-01 20:41:39.701495
117,EMP00117,Marcus Richards,oscar98@example.com,3,Hybrid Worker,2,Wagnerchester,Active,2025-11-22 20:41:39.701814
118,EMP00118,Michael Farrell,russellbeasley@example.com,3,Contractor,5,Mariafurt,Active,2025-09-07 20:41:39.702388
119,EMP00119,Brandon Simmons,nicholas27@example.org,7,Hybrid Worker,5,Port Christopherchester,Active,2026-06-25 20:41:39.702776
120,EMP00120,Parker Cain,willisanna@example.com,5,Hybrid Worker,2,South Michaelchester,Active,2025-11-17 20:41:39.703198
121,SVC00121,Michelle Schmitt,michael98@example.org,6,Service Account,5,Lake Timothy,Active,2025-10-30 20:41:39.703492
122,EMP00122,Hayley Hawkins,farmeraudrey@example.com,8,Contractor,2,New Sarahview,Active,2025-10-07 20:41:39.703893
123,EMP00123,Donald Farmer,michael22@example.net,3,Contractor,1,Jonestown,Active,2026-01-31 20:41:39.704217
124,SVC00124,Joseph Bennett,xpeterson@example.com,6,Service Account,5,Kimberlyshire,Active,2026-05-09 20:41:39.704541
125,EMP00125,Sophia Moore,craigjoseph@example.net,5,Remote Employee,2,Remote,Active,2026-03-16 20:41:39.704897
126,EMP00126,Lawrence Perry,kariwilson@example.com,1,Remote Employee,1,Remote,Active,2026-02-20 20:41:39.705273
127,EMP00127,Michael Watkins,brandon69@example.org,2,Contractor,4,East Kevinborough,Active,2025-11-25 20:41:39.705682
128,SVC00128,Pamela Roberts,smithjulie@example.org,4,Service Account,5,South Amanda,Active,2025-12-11 20:41:39.706086
129,EMP00129,Justin Barnett,charles06@example.org,7,Contractor,2,Morsemouth,Active,2026-04-11 20:41:39.706410
130,EMP00130,Laura Mckinney,zroberts@example.org,2,Office Worker,4,Georgemouth,Active,2026-03-05 20:41:39.706730
131,EMP00131,Tamara Davis,sanchezbrianna@example.net,8,Remote Employee,1,Remote,Active,2025-09-13 20:41:39.707053
132,EMP00132,Seth Reese,masonjackson@example.net,2,Remote Employee,4,Remote,Active,2026-04-18 20:41:39.707358
133,EMP00133,Kerry Lee,michael23@example.org,6,Contractor,4,West James,Active,2025-08-16 20:41:39.707627
134,SVC00134,Paige Rios,stephanieburton@example.com,7,Service Account,5,Maldonadoshire,Active,2025-09-18 20:41:39.707983
135,EMP00135,Victoria Morris,edward17@example.com,3,Contractor,4,Laurashire,Active,2025-11-07 20:41:39.708253
136,EMP00136,Jordan Collins,xjohnson@example.com,4,Hybrid Worker,3,Lake Michelleland,Active,2025-10-02 20:41:39.708534
137,EMP00137,Katie Ford,colelisa@example.net,4,Contractor,3,West Cassidy,Active,2025-11-12 20:41:39.708862
138,EMP00138,Tina Hayes,toni18@example.net,5,Office Worker,2,North John,Active,2026-02-06 20:41:39.709141
139,EMP00139,Jeffrey Mills,michaelhardin@example.com,6,Hybrid Worker,5,Schroederton,Active,2026-05-15 20:41:39.709495
140,EMP00140,Maria Jones,grantpaul@example.com,3,Remote Employee,2,Remote,Active,2025-12-11 20:41:39.709763
141,EMP00141,Mary Escobar,mathewaguilar@example.org,4,Remote Employee,1,Remote,Active,2025-11-25 20:41:39.710029
142,EMP00142,Emily Douglas,tanderson@example.org,6,Contractor,5,Angelicamouth,Active,2025-10-30 20:41:39.710306
143,EMP00143,Meagan Calderon,lucasrodney@example.com,1,Contractor,2,West Kyleborough,Active,2025-11-22 20:41:39.710637
144,EMP00144,Ralph Lee,ericphillips@example.org,1,Contractor,5,Lake Matthewberg,Active,2025-12-13 20:41:39.710986
145,EMP00145,Brittany White,jenniferwilliams@example.com,1,Contractor,3,South Cheryl,Active,2026-01-24 20:41:39.711318
146,EMP00146,Rachel Young,kylestokes@example.com,7,Contractor,5,West Erika,Active,2025-09-19 20:41:39.711660
147,SVC00147,Jessica Hammond,ashaw@example.org,4,Service Account,5,Port Cassandra,Active,2025-10-19 20:41:39.711964
148,EMP00148,Amy Castillo,angela18@example.org,5,Remote Employee,4,Remote,Active,2025-10-20 20:41:39.712165
149,EMP00149,Phillip Nelson,mariahdavis@example.org,7,Office Worker,3,Wilkersontown,Active,2025-11-30 20:41:39.712533
150,EMP00150,James Brooks,xvang@example.org,8,Remote Employee,2,Remote,Active,2025-08-11 20:41:39.712757
151,SVC00151,Timothy Combs,lacey20@example.com,1,Service Account,5,Hortonberg,Active,2025-12-06 20:41:39.713053
152,SVC00152,Julie Gilbert,smithjason@example.org,1,Service Account,5,Rodriguezport,Active,2026-05-14 20:41:39.713408
153,EMP00153,Bryan Allen,fbrown@example.net,3,Contractor,4,Lake Zacharybury,Active,2026-03-24 20:41:39.713686
154,EMP00154,Doris Smith,john62@example.net,5,Office Worker,4,New Theresaland,Active,2026-01-09 20:41:39.713942
155,EMP00155,Kimberly Hartman,myerstheodore@example.net,8,Remote Employee,3,Remote,Active,2026-01-04 20:41:39.714208
156,EMP00156,James Burgess,kristina53@example.net,5,Contractor,4,Port Bonniemouth,Active,2026-02-16 20:41:39.714470
157,EMP00157,Harold Morgan,mariacohen@example.net,8,Office Worker,1,Welchberg,Active,2025-09-22 20:41:39.714843
158,EMP00158,Ricardo Ellis,james30@example.com,6,Office Worker,2,Zacharyside,Active,2025-07-28 20:41:39.715137
159,EMP00159,Andrew Lucas,michael05@example.com,1,Office Worker,1,Port Michealfurt,Active,2026-02-19 20:41:39.715418
160,EMP00160,Stephanie Hughes,tylerjimenez@example.net,1,Remote Employee,5,Remote,Active,2026-04-08 20:41:39.715702
161,EMP00161,Bradley Coleman,lmorrison@example.net,3,Remote Employee,4,Remote,Active,2026-04-28 20:41:39.715926
162,SVC00162,Brian Murphy,kirk96@example.org,4,Service Account,5,Bellton,Active,2025-10-30 20:41:39.716221
163,EMP00163,Susan Mendez,yhill@example.org,6,Hybrid Worker,2,Lake Danastad,Active,2025-08-19 20:41:39.716516
164,SVC00164,Nicole Moore,thomascathy@example.com,2,Service Account,5,East Carlosstad,Active,2026-04-03 20:41:39.716860
165,EMP00165,Travis Johnson,erikarush@example.com,2,Hybrid Worker,5,Hinesshire,Active,2026-06-12 20:41:39.717242
166,EMP00166,Jacob Edwards,john10@example.net,7,Hybrid Worker,4,South April,Active,2026-03-16 20:41:39.717507
167,EMP00167,Autumn Hampton,nlewis@example.com,4,Office Worker,1,Gonzalezberg,Active,2026-01-22 20:41:39.717825
168,SVC00168,Jodi Roach,zosborn@example.net,2,Service Account,5,Elizabethland,Active,2025-09-09 20:41:39.718115
169,EMP00169,Donna Evans,jenniferho@example.net,6,Office Worker,5,Port Michael,Active,2025-11-18 20:41:39.718456
170,EMP00170,William Conner,kristyjohnson@example.net,2,Hybrid Worker,5,Tannerside,Active,2025-07-29 20:41:39.718801
171,EMP00171,Stephen Jones,ukey@example.com,1,Hybrid Worker,4,Hammondshire,Active,2025-10-18 20:41:39.719131
172,EMP00172,William Day,howens@example.com,7,Office Worker,3,Port Kimberly,Active,2025-08-04 20:41:39.719424
173,EMP00173,Catherine Burch,dshaw@example.org,3,Contractor,4,West Fred,Active,2026-03-27 20:41:39.719724
174,SVC00174,Michael Reed,meghan43@example.net,5,Service Account,5,Davidport,Active,2025-08-14 20:41:39.719998
175,SVC00175,Anna Davidson,georgeweber@example.net,8,Service Account,5,Meganshire,Active,2025-10-30 20:41:39.720355
176,EMP00176,Scott Miller,debra96@example.net,5,Contractor,3,South Pamelaside,Active,2026-02-20 20:41:39.720633
177,EMP00177,Tyler Webb,eevans@example.net,5,Office Worker,4,East Scottfort,Active,2026-02-21 20:41:39.720937
178,EMP00178,Gerald Thomas,jessica56@example.org,7,Contractor,3,Zacharyville,Active,2026-06-11 20:41:39.721233
179,EMP00179,John Adams,donaldwilliams@example.com,6,Contractor,2,Wrightburgh,Active,2025-10-19 20:41:39.721610
180,EMP00180,Taylor Griffith,kathrynjimenez@example.net,6,Remote Employee,3,Remote,Active,2026-01-02 20:41:39.721902
181,EMP00181,Shawn Jimenez,landrywilliam@example.org,5,Hybrid Worker,5,New Michael,Active,2026-06-20 20:41:39.722251
182,SVC00182,Johnny Khan,amitchell@example.org,4,Service Account,5,Andersonview,Active,2026-05-13 20:41:39.722576
183,EMP00183,Pamela Diaz,jwilliams@example.org,7,Remote Employee,4,Remote,Active,2025-09-14 20:41:39.722808
184,EMP00184,Dylan Hughes,rduran@example.net,8,Remote Employee,4,Remote,Active,2025-11-08 20:41:39.723056
185,EMP00185,Barbara Hester,vbrooks@example.net,2,Office Worker,3,Kariborough,Active,2026-03-04 20:41:39.723362
186,EMP00186,Jennifer Williams,taylormason@example.com,4,Contractor,3,Hernandezhaven,Active,2025-09-01 20:41:39.724085
187,EMP00187,Timothy Flores,vewing@example.com,8,Hybrid Worker,5,Williamhaven,Active,2025-09-27 20:41:39.724507
188,EMP00188,Michelle Evans,richardsonemily@example.com,7,Hybrid Worker,5,Lauratown,Active,2026-01-07 20:41:39.724883
189,EMP00189,Deborah Rios,jennifersilva@example.org,8,Hybrid Worker,3,Hernandezbury,Active,2026-01-20 20:41:39.725353
190,EMP00190,Travis Rodriguez,alexanderrobert@example.com,4,Hybrid Worker,1,South Warren,Active,2026-03-19 20:41:39.725739
191,EMP00191,Kaitlyn Charles,thorntonapril@example.net,2,Hybrid Worker,5,Whitneyfort,Active,2026-03-23 20:41:39.726103
192,EMP00192,Emily Thompson,amy49@example.com,4,Remote Employee,4,Remote,Active,2026-02-04 20:41:39.726320
193,SVC00193,David Grant,shellyhendrix@example.com,5,Service Account,5,Lake Janet,Active,2026-05-05 20:41:39.726691
194,EMP00194,Gregory Peck,keith98@example.com,5,Remote Employee,2,Remote,Active,2025-12-23 20:41:39.726896
195,EMP00195,Jennifer Reed,kellyroberts@example.net,5,Remote Employee,1,Remote,Active,2025-09-25 20:41:39.727177
196,EMP00196,Thomas Douglas,ilewis@example.com,5,Remote Employee,1,Remote,Active,2026-05-29 20:41:39.727406
197,SVC00197,Melissa Taylor,johnsantiago@example.net,5,Service Account,5,Lake Jesse,Active,2026-04-22 20:41:39.727743
198,EMP00198,Gary Kennedy,adampierce@example.org,2,Contractor,1,Delgadofort,Active,2025-09-05 20:41:39.728095
199,EMP00199,Curtis Maynard,justin01@example.net,8,Hybrid Worker,4,New Joanne,Active,2025-11-12 20:41:39.728502
200,EMP00200,Amanda Dorsey,lkhan@example.org,3,Hybrid Worker,1,Frenchburgh,Active,2026-02-16 20:41:39.729283
201,EMP00201,Tonya Howe,smithashley@example.org,2,Contractor,1,Justinside,Active,2025-12-02 20:41:39.729732
202,EMP00202,Stacy Anderson,znelson@example.org,2,Contractor,5,Franciscomouth,Active,2025-08-07 20:41:39.730147
203,EMP00203,Michelle Smith,krystal93@example.org,3,Office Worker,2,Wilcoxhaven,Active,2025-09-10 20:41:39.730554
204,EMP00204,James Davis,thomasboyle@example.org,2,Hybrid Worker,2,Patrickmouth,Active,2026-04-26 20:41:39.730966
205,SVC00205,Tiffany Turner,greenmichael@example.org,7,Service Account,5,Lake Davidport,Active,2025-08-19 20:41:39.731393
206,SVC00206,Michael Leblanc,hannah45@example.net,4,Service Account,5,East Susan,Active,2025-10-01 20:41:39.731684
207,EMP00207,Jesse Zhang,robert87@example.net,8,Contractor,4,Port John,Active,2026-01-24 20:41:39.731982
208,SVC00208,Shelley Miller,xrice@example.org,7,Service Account,5,North Mariahaven,Active,2026-01-20 20:41:39.732299
209,SVC00209,Joshua Martin,nwilson@example.net,1,Service Account,5,Davishaven,Active,2025-08-17 20:41:39.732635
210,EMP00210,Anthony Anderson,dbryant@example.net,4,Office Worker,2,Chambersport,Active,2026-02-10 20:41:39.732944
211,EMP00211,Jennifer Velasquez,bethwilliams@example.com,3,Office Worker,2,New Virginialand,Active,2026-03-29 20:41:39.733291
212,SVC00212,Mrs. Donna White,katiegood@example.net,2,Service Account,5,Brooksfurt,Active,2026-04-06 20:41:39.733663
213,EMP00213,Thomas Bennett,vegadorothy@example.net,7,Office Worker,4,Lake Michelle,Active,2025-08-25 20:41:39.734000
214,EMP00214,Willie Long,jessicawalker@example.org,5,Contractor,1,West Stevenside,Active,2026-02-27 20:41:39.734344
215,EMP00215,James Hall,rreed@example.org,5,Hybrid Worker,4,North Lisachester,Active,2026-05-20 20:41:39.734652
216,EMP00216,Taylor Small,jamiegarcia@example.org,5,Remote Employee,5,Remote,Active,2026-03-16 20:41:39.734929
217,EMP00217,Michael Brennan,joymorales@example.org,2,Contractor,5,Port Michelle,Active,2026-03-02 20:41:39.735268
218,EMP00218,Jonathan Roberts,barbara53@example.com,5,Remote Employee,2,Remote,Active,2026-05-20 20:41:39.735467
219,EMP00219,Victoria Boyd,dturner@example.net,3,Office Worker,3,Lake Erika,Active,2025-08-25 20:41:39.735758
220,SVC00220,Amber Cooper,ufloyd@example.net,5,Service Account,5,Russellport,Active,2025-11-13 20:41:39.736067
221,EMP00221,Paul Wells,kevinzimmerman@example.com,8,Office Worker,3,New Robertchester,Active,2025-12-01 20:41:39.736409
222,EMP00222,Brandi Sanchez,markmiller@example.com,8,Hybrid Worker,4,Christopherborough,Active,2026-05-15 20:41:39.736767
223,SVC00223,James Jacobs,russojacob@example.net,1,Service Account,5,South Jason,Active,2025-11-16 20:41:39.737108
224,EMP00224,Elizabeth Stout,sharonhayden@example.org,5,Hybrid Worker,1,Rochaborough,Active,2026-05-10 20:41:39.737474
225,EMP00225,David Morris,oscar85@example.com,1,Remote Employee,3,Remote,Active,2025-09-03 20:41:39.737677
226,EMP00226,Jose Crawford,langjennifer@example.com,3,Office Worker,4,West Lawrence,Active,2025-10-03 20:41:39.738025
227,EMP00227,Sean Figueroa,greensarah@example.net,5,Contractor,2,Phillipsborough,Active,2025-08-30 20:41:39.738392
228,EMP00228,James Whitaker,rpierce@example.com,8,Contractor,1,Kathrynfort,Active,2025-10-28 20:41:39.738700
229,EMP00229,Maria Henry,jessicabell@example.org,7,Hybrid Worker,3,Whiteside,Active,2026-01-12 20:41:39.739064
230,EMP00230,Tina Warren DVM,landryelizabeth@example.org,3,Office Worker,3,Taylorbury,Active,2025-11-27 20:41:39.739434
231,EMP00231,Chris Robinson,nbrooks@example.net,5,Contractor,4,Hopkinstown,Active,2025-09-17 20:41:39.739744
232,EMP00232,Juan Smith,amanda40@example.net,8,Office Worker,1,Drakeburgh,Active,2026-01-15 20:41:39.740029
233,EMP00233,Brent Hernandez,christineking@example.com,6,Hybrid Worker,1,Lauraland,Active,2025-12-01 20:41:39.740368
234,SVC00234,Jared Cunningham,kevinclayton@example.org,1,Service Account,5,North Richardfurt,Active,2025-09-21 20:41:39.740733
235,EMP00235,Amy Smith,christopherbruce@example.net,7,Contractor,1,Arielville,Active,2026-03-21 20:41:39.741081
236,SVC00236,Tamara Hall,enelson@example.net,6,Service Account,5,Rachelshire,Active,2025-08-11 20:41:39.741375
237,EMP00237,Cassie Jefferson,alibrenda@example.net,8,Contractor,1,Hickmanport,Active,2026-03-13 20:41:39.741740
238,EMP00238,David Davenport,irhodes@example.com,3,Hybrid Worker,3,Camposberg,Active,2025-11-13 20:41:39.742053
239,EMP00239,Melissa Miller,brian63@example.org,2,Contractor,1,Cassiefurt,Active,2025-08-07 20:41:39.742317
240,SVC00240,Erin Walters,whenry@example.net,4,Service Account,5,Reynoldsshire,Active,2026-04-05 20:41:39.742644
241,EMP00241,Angelica Montgomery,jennifermiller@example.org,1,Hybrid Worker,5,Dawsonberg,Active,2025-11-29 20:41:39.743012
242,EMP00242,Emily Rodriguez,hahnsean@example.com,4,Office Worker,1,East Christopherchester,Active,2025-11-01 20:41:39.743358
243,EMP00243,Justin Russell,davisangela@example.net,3,Office Worker,4,Michelletown,Active,2026-01-27 20:41:39.743698
244,SVC00244,James Miller,ashleyjackson@example.com,5,Service Account,5,East Joseph,Active,2025-11-25 20:41:39.744037
245,EMP00245,Charles Jackson,robert71@example.com,8,Contractor,2,Sherylfort,Active,2025-11-04 20:41:39.744299
246,SVC00246,Christina Rodriguez,adam65@example.net,3,Service Account,5,Brockmouth,Active,2025-12-11 20:41:39.744604
247,EMP00247,Jeffrey Colon,kevinmorrison@example.net,3,Remote Employee,1,Remote,Active,2026-02-04 20:41:39.744887
248,EMP00248,Ernest Oconnell,kelly79@example.org,6,Contractor,5,Nicholasfurt,Active,2026-02-09 20:41:39.745487
249,EMP00249,Timothy Gonzalez,erinpierce@example.net,5,Office Worker,3,Hahnborough,Active,2025-08-29 20:41:39.745928
250,SVC00250,Eddie Schwartz,ichambers@example.net,8,Service Account,5,Johnberg,Active,2026-04-10 20:41:39.746387
251,EMP00251,Rachel Jones,iaguilar@example.net,8,Contractor,3,Stephensstad,Active,2026-01-06 20:41:39.747112
252,SVC00252,Robin Wheeler,rodriguezjohn@example.net,7,Service Account,5,Gabrielton,Active,2025-11-04 20:41:39.747568
253,EMP00253,Maria Lucas,tammy61@example.org,4,Hybrid Worker,2,West Jeffreyhaven,Active,2025-09-06 20:41:39.747910
254,EMP00254,Melissa Walker,peter98@example.org,4,Contractor,4,Whitneyfort,Active,2026-06-03 20:41:39.748252
255,EMP00255,Jason Nixon,guerrajessica@example.com,8,Hybrid Worker,4,Matthewborough,Active,2025-12-10 20:41:39.748735
256,EMP00256,Hannah Davis,tflores@example.org,8,Remote Employee,1,Remote,Active,2026-04-22 20:41:39.749086
257,SVC00257,Ashley Sweeney,byrdfrank@example.net,6,Service Account,5,New Greg,Active,2026-05-05 20:41:39.749521
258,EMP00258,Justin Mullen,laurensoto@example.org,2,Contractor,5,Fosterborough,Active,2025-11-04 20:41:39.749908
259,EMP00259,Jeffrey Smith,jamiegoodwin@example.org,3,Office Worker,4,Port Monicaburgh,Active,2025-07-25 20:41:39.750296
260,EMP00260,Craig Wilson,orose@example.com,2,Remote Employee,4,Remote,Active,2026-02-10 20:41:39.750585
261,EMP00261,Lisa Matthews,michael79@example.org,7,Hybrid Worker,1,Samanthashire,Active,2026-01-08 20:41:39.750887
262,SVC00262,Cesar Wilson,daryl52@example.net,7,Service Account,5,Barnesberg,Active,2026-01-14 20:41:39.751196
263,EMP00263,Jenny Tucker,angelaburns@example.org,1,Contractor,5,West Megan,Active,2026-05-21 20:41:39.751563
264,EMP00264,Sharon Crane,ytaylor@example.net,5,Remote Employee,2,Remote,Active,2026-05-10 20:41:39.751799
265,EMP00265,Kathleen Cohen,cmckinney@example.com,2,Contractor,1,North Ariana,Active,2025-11-10 20:41:39.752098
266,EMP00266,Connie Johnson,amandajackson@example.com,5,Remote Employee,1,Remote,Active,2026-06-02 20:41:39.752383
267,EMP00267,Patricia Simpson,armstrongjoseph@example.net,1,Hybrid Worker,3,Amberton,Active,2025-12-24 20:41:39.752761
268,EMP00268,Jessica Robinson,pgarcia@example.org,7,Hybrid Worker,2,Nancyton,Active,2026-02-20 20:41:39.753059
269,SVC00269,Gregory Montoya,hgrimes@example.org,7,Service Account,5,Port Joan,Active,2025-09-09 20:41:39.753348
270,EMP00270,Shannon Bishop,imartin@example.org,3,Remote Employee,2,Remote,Active,2026-05-16 20:41:39.753584
271,SVC00271,Renee Hudson,candice25@example.net,7,Service Account,5,Keithview,Active,2025-08-12 20:41:39.753864
272,EMP00272,Kayla Mccullough,taylorkaren@example.com,8,Remote Employee,5,Remote,Active,2026-04-13 20:41:39.754153
273,EMP00273,Wendy Camacho,jacquelineanderson@example.org,8,Remote Employee,3,Remote,Active,2025-11-02 20:41:39.754434
274,EMP00274,Sandra Juarez,kburns@example.net,1,Hybrid Worker,4,Courtneyfurt,Active,2026-01-29 20:41:39.754753
275,SVC00275,Mark Beard,powellkara@example.net,3,Service Account,5,Shawnfort,Active,2026-05-19 20:41:39.755109
276,EMP00276,Aaron Schroeder,simonstephen@example.net,6,Contractor,5,Melissaside,Active,2026-01-23 20:41:39.755466
277,EMP00277,Walter Summers,sadams@example.com,5,Contractor,4,New Melissa,Active,2026-01-22 20:41:39.755767
278,EMP00278,Stephanie Farmer,garciakristen@example.com,7,Remote Employee,4,Remote,Active,2026-05-02 20:41:39.756055
279,EMP00279,Timothy Moore,bsmith@example.org,7,Remote Employee,5,Remote,Active,2025-12-24 20:41:39.756281
280,SVC00280,Susan Khan MD,clarence54@example.org,5,Service Account,5,Elizabethburgh,Active,2026-01-25 20:41:39.756584
281,EMP00281,Mario Barber,rubendavis@example.org,7,Office Worker,3,East Thomasberg,Active,2026-06-21 20:41:39.756933
282,SVC00282,Kelly Wallace,dominguezlisa@example.com,1,Service Account,5,South Chad,Active,2025-08-19 20:41:39.757282
283,EMP00283,Nicholas Garcia,michael42@example.com,5,Contractor,2,Lake Victoria,Active,2025-08-19 20:41:39.757557
284,EMP00284,Joseph Smith,scottbowen@example.net,4,Hybrid Worker,2,South Christina,Active,2025-08-12 20:41:39.757913
285,EMP00285,Daniel Mosley,karenlawrence@example.com,3,Hybrid Worker,1,Sylviamouth,Active,2025-08-08 20:41:39.758270
286,EMP00286,Danielle Newman,angelagreene@example.net,5,Office Worker,4,Kimberlytown,Active,2026-06-08 20:41:39.758641
287,SVC00287,Mary Turner,juliephillips@example.org,6,Service Account,5,South Paul,Active,2026-04-19 20:41:39.758983
288,EMP00288,Mark Jones,hatfieldsarah@example.org,5,Office Worker,3,Valenciashire,Active,2025-11-25 20:41:39.759383
289,EMP00289,Joshua Thompson,xbest@example.org,4,Remote Employee,2,Remote,Active,2025-09-22 20:41:39.759608
290,EMP00290,Austin Baker,livingstonstacy@example.com,5,Hybrid Worker,2,Courtneyhaven,Active,2026-02-14 20:41:39.759958
291,EMP00291,Jessica Morales,joshuacollins@example.net,5,Contractor,3,Port Eric,Active,2026-04-28 20:41:39.760312
292,EMP00292,Kevin Hines,collinssamuel@example.org,2,Contractor,2,East Christopherchester,Active,2026-03-02 20:41:39.760684
293,EMP00293,Logan Brown,davidzimmerman@example.net,6,Contractor,1,East Tylerstad,Active,2025-12-05 20:41:39.761029
294,EMP00294,Rachel Le,nathanbrady@example.com,5,Office Worker,5,Port Rachelmouth,Active,2026-04-23 20:41:39.761383
295,EMP00295,Denise Brown,crawfordwilliam@example.org,6,Contractor,3,Villarrealburgh,Active,2025-08-30 20:41:39.761900
296,EMP00296,David Garcia,perezwilliam@example.org,6,Contractor,1,East Brandonstad,Active,2026-02-26 20:41:39.762439
297,EMP00297,Chris Velazquez,tranrobin@example.net,1,Contractor,5,Walkerbury,Active,2025-09-11 20:41:39.762993
298,EMP00298,Nathan Nelson,duncandavid@example.net,4,Hybrid Worker,1,East Jeffreyhaven,Active,2025-08-04 20:41:39.763380
299,EMP00299,Dr. Andrea Marshall,kiara45@example.org,5,Contractor,4,Smithborough,Active,2026-04-27 20:41:39.763725
300,EMP00300,Richard Stevenson,stevenvargas@example.com,1,Remote Employee,1,Remote,Active,2026-01-21 20:41:39.764032
301,EMP00301,Dr. Morgan Payne PhD,adamortiz@example.org,2,Contractor,1,Cynthiatown,Active,2026-02-25 20:41:39.764427
302,SVC00302,April Sandoval,dalton83@example.com,3,Service Account,5,Woodwardberg,Active,2025-12-09 20:41:39.764728
303,EMP00303,Anna Morse,xhaynes@example.com,6,Contractor,5,New Codyberg,Active,2025-11-23 20:41:39.765319
304,SVC00304,Jennifer Vargas,grahamtamara@example.org,3,Service Account,5,Josemouth,Active,2025-11-25 20:41:39.765700
305,EMP00305,Jenna Decker,louis43@example.org,8,Office Worker,5,East Kimberly,Active,2025-11-29 20:41:39.765996
306,EMP00306,Brittney Martin,hedwards@example.net,1,Hybrid Worker,3,Tamiborough,Active,2026-03-06 20:41:39.766307
307,EMP00307,John Phelps,mooregina@example.net,8,Contractor,2,East Marymouth,Active,2025-12-22 20:41:39.766698
308,EMP00308,Michael Schmitt,rpalmer@example.com,6,Office Worker,5,Loriburgh,Active,2025-07-30 20:41:39.767005
309,EMP00309,Jared Chavez,codygarcia@example.org,1,Hybrid Worker,4,North Bryanbury,Active,2026-02-04 20:41:39.767377
310,EMP00310,Rodney Watson,aguilarjonathan@example.org,2,Remote Employee,4,Remote,Active,2026-05-10 20:41:39.767671
311,EMP00311,Austin Orr,flamb@example.com,1,Remote Employee,1,Remote,Active,2026-01-06 20:41:39.767900
312,EMP00312,Tom Williams,zunderwood@example.com,3,Remote Employee,5,Remote,Active,2026-03-12 20:41:39.768129
313,EMP00313,Michael Thompson,rebekahhill@example.com,4,Office Worker,5,North Christina,Active,2026-03-07 20:41:39.768487
314,EMP00314,Maria Porter,rbrown@example.com,6,Remote Employee,2,Remote,Active,2025-08-24 20:41:39.768750
315,EMP00315,Curtis Wilkerson,crystalpham@example.org,5,Office Worker,2,Caseystad,Active,2026-04-20 20:41:39.769133
316,SVC00316,Richard Cooper,paul20@example.com,5,Service Account,5,North Paula,Active,2026-03-28 20:41:39.769410
317,EMP00317,Amy Frey,katie32@example.org,1,Office Worker,2,Lake John,Active,2026-06-18 20:41:39.769689
318,EMP00318,Raven Mclaughlin,barbaramcgrath@example.com,4,Hybrid Worker,5,Savannahburgh,Active,2026-01-11 20:41:39.770050
319,EMP00319,Kevin Drake,robin05@example.net,3,Office Worker,3,New Stacy,Active,2026-05-30 20:41:39.770326
320,EMP00320,Rita Waller,gregory01@example.org,7,Remote Employee,5,Remote,Active,2026-04-28 20:41:39.770534
321,EMP00321,Daniel Fox,riverachristina@example.org,8,Office Worker,4,Jennifermouth,Active,2025-12-22 20:41:39.770915
322,SVC00322,Charles Bush,kimmathis@example.com,2,Service Account,5,West Janetfurt,Active,2025-11-06 20:41:39.771377
323,SVC00323,Gabrielle Morris,jessicakim@example.net,4,Service Account,5,Banksburgh,Active,2025-08-15 20:41:39.771765
324,EMP00324,Kristina Preston,jeffrey92@example.com,5,Office Worker,4,Jessicaport,Active,2025-07-31 20:41:39.772052
325,EMP00325,Nicholas Rush,xrosales@example.net,1,Office Worker,4,East Carriebury,Active,2025-12-02 20:41:39.774904
326,EMP00326,Ashley Crawford,julie35@example.com,2,Contractor,4,Lake Nicole,Active,2025-11-10 20:41:39.775254
327,EMP00327,Michael Fowler,sean43@example.org,2,Office Worker,3,West Jonathanville,Active,2025-08-18 20:41:39.775548
328,EMP00328,Amber Kim,acosta@example.com,2,Remote Employee,2,Remote,Active,2026-02-05 20:41:39.775783
329,SVC00329,Heather Bennett,kkramer@example.net,6,Service Account,5,East Shannon,Active,2025-12-12 20:41:39.776078
330,SVC00330,Amanda Smith,stephanie15@example.org,5,Service Account,5,Martinland,Active,2025-11-05 20:41:39.776366
331,SVC00331,Stephanie Davis,bbush@example.net,7,Service Account,5,New Pamela,Active,2026-05-06 20:41:39.780261
332,EMP00332,Brian Harris,robertspencer@example.net,4,Office Worker,4,Donnaport,Active,2025-11-06 20:41:39.780842
333,EMP00333,Anthony Armstrong,xhernandez@example.org,7,Remote Employee,3,Remote,Active,2025-11-05 20:41:39.781187
334,EMP00334,Edward Stanley,bgonzalez@example.org,7,Contractor,1,Lake Kelly,Active,2026-01-16 20:41:39.781576
335,EMP00335,Ryan Parker,qruiz@example.com,6,Contractor,3,Lake Amyburgh,Active,2025-12-16 20:41:39.781942
336,EMP00336,James Lopez,bakersteven@example.org,8,Remote Employee,1,Remote,Active,2026-05-10 20:41:39.782298
337,EMP00337,Kristy Hernandez,millermaurice@example.net,2,Office Worker,4,Arellanoshire,Active,2026-05-07 20:41:39.785207
338,EMP00338,Antonio Hughes,rsheppard@example.com,3,Hybrid Worker,5,South Kent,Active,2026-05-26 20:41:39.785559
339,SVC00339,Scott Johnson,davidtodd@example.org,6,Service Account,5,East Lindsey,Active,2026-04-24 20:41:39.785932
340,EMP00340,Jay Mcneil,oharris@example.org,6,Contractor,4,Luisland,Active,2026-05-30 20:41:39.786244
341,EMP00341,Justin Arnold,april09@example.net,5,Hybrid Worker,3,Rodriguezberg,Active,2026-05-03 20:41:39.786567
342,SVC00342,Kevin Chang,buckleyanna@example.org,4,Service Account,5,Mikaylastad,Active,2026-04-07 20:41:39.786946
343,EMP00343,Deborah Pena,rjohnson@example.com,4,Contractor,1,New Charlotte,Active,2025-12-28 20:41:39.792033
344,SVC00344,Amanda Preston,hannah07@example.com,6,Service Account,5,Andrewport,Active,2026-04-28 20:41:39.792380
345,EMP00345,Ryan Garrison,comptonjeremy@example.com,4,Hybrid Worker,4,Schroedermouth,Active,2025-09-11 20:41:39.792792
346,SVC00346,Jason Brewer,scottmcintyre@example.com,1,Service Account,5,Malonestad,Active,2025-08-18 20:41:39.793200
347,EMP00347,Kaylee Moore,jenna62@example.net,1,Hybrid Worker,2,East Jamesborough,Active,2026-02-06 20:41:39.793506
348,EMP00348,Danielle Bryant,janet45@example.com,6,Hybrid Worker,3,Reidville,Active,2026-06-22 20:41:39.794769
349,EMP00349,Dana Burns,ethompson@example.net,3,Remote Employee,5,Remote,Active,2025-12-02 20:41:39.795478
350,EMP00350,Hailey Monroe,kaitlyn14@example.org,3,Office Worker,1,Williamsshire,Active,2026-05-10 20:41:39.796197
351,SVC00351,Cindy Walker,ericaadams@example.com,4,Service Account,5,Port Kimberlytown,Active,2025-12-15 20:41:39.796841
352,EMP00352,Carlos Thompson,walkercharlene@example.com,8,Contractor,3,Rodneyfurt,Active,2026-04-06 20:41:39.798419
353,EMP00353,Judy Robinson,erica96@example.net,5,Hybrid Worker,3,North Williamstad,Active,2025-09-08 20:41:39.798757
354,SVC00354,Linda Campbell,olsonmatthew@example.com,2,Service Account,5,Michelleview,Active,2026-05-30 20:41:39.799142
355,EMP00355,Tiffany Curtis,edwardcannon@example.org,3,Remote Employee,5,Remote,Active,2026-05-31 20:41:39.799561
356,EMP00356,Rebekah Greene,erin07@example.com,5,Office Worker,4,Rebeccafurt,Active,2025-11-20 20:41:39.800749
357,EMP00357,Andrew Erickson,matthewreeves@example.net,8,Contractor,4,Knoxstad,Active,2026-02-06 20:41:39.801305
358,EMP00358,Sarah Pittman,kellyruiz@example.net,2,Remote Employee,3,Remote,Active,2025-11-17 20:41:39.801642
359,EMP00359,Robert Hines,staceylam@example.net,5,Office Worker,5,East Michaelport,Active,2025-10-19 20:41:39.802041
360,SVC00360,Stephen Watson,steven17@example.org,5,Service Account,5,South Pamelahaven,Active,2026-06-02 20:41:39.802344
361,EMP00361,Michael Moreno,jbrown@example.org,7,Remote Employee,5,Remote,Active,2026-05-28 20:41:39.802593
362,EMP00362,Grace Benitez DVM,tthomas@example.org,4,Office Worker,3,South Marvinburgh,Active,2026-03-09 20:41:39.802930
363,EMP00363,Anthony Hayes,kathleenjackson@example.org,5,Remote Employee,3,Remote,Active,2026-01-09 20:41:39.804953
364,EMP00364,Phillip Miller DDS,epowell@example.com,1,Office Worker,4,North Amandastad,Active,2025-11-17 20:41:39.805312
365,EMP00365,Stephanie Sherman,andrewsmith@example.net,3,Remote Employee,4,Remote,Active,2025-09-26 20:41:39.805604
366,EMP00366,Michael Cooper,curtisgordon@example.com,6,Remote Employee,1,Remote,Active,2025-12-04 20:41:39.805898
367,EMP00367,Rodney Evans,stephen89@example.net,7,Office Worker,1,Ryanberg,Active,2025-11-02 20:41:39.806211
368,EMP00368,Steven Howard,frederickmeadows@example.com,6,Office Worker,5,East Jeffreyberg,Active,2025-11-18 20:41:39.807979
369,SVC00369,Alex Wagner,richardsondebra@example.org,7,Service Account,5,Mcdowellview,Active,2025-08-02 20:41:39.808451
370,EMP00370,Lisa Wheeler,stanleydesiree@example.org,5,Contractor,1,Lake Darrellmouth,Active,2025-11-30 20:41:39.808861
371,EMP00371,Joshua Wells,jamiejennings@example.org,6,Office Worker,2,Robertville,Active,2025-08-13 20:41:39.809253
372,EMP00372,Debra Obrien,robertroach@example.net,6,Contractor,1,West Danielville,Active,2025-11-14 20:41:39.809654
373,EMP00373,Mr. Richard Decker DVM,jade42@example.org,4,Office Worker,4,Lozanofort,Active,2025-08-28 20:41:39.810686
374,EMP00374,Aaron Powers,conleyelizabeth@example.org,2,Contractor,4,Port Williamville,Active,2026-01-18 20:41:39.811107
375,EMP00375,Maria Bryant,joseph01@example.org,4,Hybrid Worker,3,Port Kellymouth,Active,2026-03-31 20:41:39.811417
376,EMP00376,Brian York,smithdevon@example.net,2,Office Worker,5,West Michael,Active,2025-10-07 20:41:39.811828
377,EMP00377,Marco Johns,watsonmatthew@example.org,6,Remote Employee,3,Remote,Active,2025-07-30 20:41:39.812263
378,EMP00378,Victor Nelson,evaughn@example.com,4,Remote Employee,1,Remote,Active,2026-04-12 20:41:39.813697
379,EMP00379,Rebecca Wilson,jarvismegan@example.org,4,Hybrid Worker,2,Pruittfort,Active,2025-08-21 20:41:39.816343
380,EMP00380,Meghan White,nmaxwell@example.org,2,Remote Employee,2,Remote,Active,2025-08-08 20:41:39.816669
381,EMP00381,Sheryl Acosta,timothyfreeman@example.com,8,Contractor,5,Williamsview,Active,2025-09-02 20:41:39.817133
382,EMP00382,Alexandria Oneill,tiffanysantiago@example.com,6,Contractor,3,South Dorothybury,Active,2026-04-09 20:41:39.817521
383,EMP00383,Mr. Martin Hernandez,smithsarah@example.net,2,Contractor,4,Christianburgh,Active,2025-11-11 20:41:39.818956
384,EMP00384,John Allen,brent38@example.net,5,Hybrid Worker,5,Powellbury,Active,2026-05-28 20:41:39.819345
385,EMP00385,Jeremy Berry,gatessergio@example.org,2,Hybrid Worker,3,Mcgeetown,Active,2025-11-01 20:41:39.819790
386,EMP00386,Jason Hawkins,petersenlatoya@example.net,1,Contractor,1,Pamelaside,Active,2025-12-19 20:41:39.820253
387,EMP00387,Michael Clements,marcia37@example.com,2,Hybrid Worker,1,Moranstad,Active,2025-08-15 20:41:39.820578
388,SVC00388,Ashley Malone,aaronkelly@example.net,7,Service Account,5,Amystad,Active,2025-11-01 20:41:39.822384
389,SVC00389,Amber Martin,lydianewton@example.com,1,Service Account,5,West Cherylborough,Active,2025-11-07 20:41:39.822799
390,SVC00390,Samuel Lewis,jenniferrodriguez@example.com,4,Service Account,5,Lake Maryshire,Active,2026-01-12 20:41:39.823183
391,SVC00391,Steven Ellis,tamarasmith@example.net,8,Service Account,5,New Savannahshire,Active,2025-10-12 20:41:39.823540
392,EMP00392,Mr. Thomas Thompson,jessicaanderson@example.com,1,Remote Employee,4,Remote,Active,2026-05-04 20:41:39.823832
393,EMP00393,Lisa Morris,mbarnes@example.net,2,Hybrid Worker,5,West Raymond,Active,2025-07-30 20:41:39.824706
394,EMP00394,Edward Ballard,robertgraves@example.net,1,Remote Employee,2,Remote,Active,2025-11-13 20:41:39.825009
395,EMP00395,Sarah Kelley,jennifer83@example.org,3,Contractor,3,New Jennifer,Active,2025-12-17 20:41:39.825291
396,EMP00396,Tammy Anderson,williambenson@example.com,7,Hybrid Worker,4,Port Michaelfort,Active,2026-01-03 20:41:39.825648
397,SVC00397,Terri Mckinney,natalie60@example.net,1,Service Account,5,North Oscarton,Active,2025-08-06 20:41:39.825936
398,EMP00398,Christina Christensen,tonyavega@example.org,2,Hybrid Worker,3,Lake Kristenborough,Active,2026-05-08 20:41:39.826322
399,SVC00399,Amanda Cervantes,jensenemma@example.net,7,Service Account,5,Lake Deborah,Active,2026-01-31 20:41:39.828251
400,EMP00400,Jorge Robles,heather06@example.com,3,Hybrid Worker,3,Fryemouth,Active,2026-05-15 20:41:39.828665
401,SVC00401,Amy Manning,christinenorman@example.com,3,Service Account,5,Lake Janet,Active,2025-12-28 20:41:39.829205
402,EMP00402,Nicole Payne,kimberlybrandt@example.com,7,Hybrid Worker,2,Thompsonland,Active,2025-08-25 20:41:39.829752
403,EMP00403,Christopher Palmer,rwilliams@example.net,5,Office Worker,5,Davidshire,Active,2025-12-15 20:41:39.831024
404,EMP00404,Abigail Owens,billmcfarland@example.net,3,Hybrid Worker,5,Port Sarahport,Active,2026-05-09 20:41:39.831462
405,EMP00405,Kenneth Howard DDS,alicia28@example.org,6,Contractor,1,South Amy,Active,2025-12-22 20:41:39.831776
406,EMP00406,Gregory Ware,mark43@example.net,3,Hybrid Worker,2,Barajastown,Active,2026-01-02 20:41:39.832102
407,EMP00407,Gregory Allen,susanfleming@example.com,4,Contractor,2,Moonville,Active,2026-04-16 20:41:39.832489
408,EMP00408,Joshua Campbell,willie87@example.com,2,Remote Employee,3,Remote,Active,2026-05-05 20:41:39.833809
409,SVC00409,Steven Lee,vaughangary@example.net,1,Service Account,5,Lake Cameronborough,Active,2026-01-04 20:41:39.834248
410,SVC00410,Jessica Garcia,elucas@example.net,3,Service Account,5,North Stephen,Active,2025-08-24 20:41:39.834586
411,EMP00411,Brandon Brown,angela93@example.com,3,Contractor,2,Hughesfurt,Active,2026-03-25 20:41:39.834908
412,SVC00412,Alan Nunez,maychristine@example.net,3,Service Account,5,Lake Melaniestad,Active,2025-11-13 20:41:39.836698
413,EMP00413,Ashley Buchanan,catherine47@example.com,7,Office Worker,3,Shorttown,Active,2026-02-24 20:41:39.837145
414,EMP00414,Joseph Taylor,irobles@example.com,5,Contractor,4,West Erica,Active,2026-02-26 20:41:39.837493
415,SVC00415,Rebecca Daniel,susan08@example.net,4,Service Account,5,North Bobby,Active,2026-01-18 20:41:39.837798
416,EMP00416,Jennifer Kelley,torreskaitlin@example.net,4,Contractor,3,Jasonhaven,Active,2025-09-06 20:41:39.838172
417,EMP00417,Clinton Jensen,james29@example.org,8,Contractor,3,Newmanland,Active,2025-12-12 20:41:39.838483
418,SVC00418,Austin Garcia,wlynn@example.org,7,Service Account,5,North Justin,Active,2026-04-04 20:41:39.840423
419,EMP00419,Corey Tucker,christina49@example.org,3,Remote Employee,3,Remote,Active,2026-05-30 20:41:39.840697
420,EMP00420,Holly Stewart,ujackson@example.org,6,Contractor,5,Lake Jodi,Active,2026-05-04 20:41:39.841033
421,SVC00421,Ryan Taylor,natalie77@example.com,2,Service Account,5,Tonyville,Active,2026-01-31 20:41:39.841326
422,EMP00422,Lawrence Wilkinson,patriciagonzalez@example.net,3,Office Worker,3,Lake Charlestown,Active,2025-11-07 20:41:39.843856
423,SVC00423,Lynn Hess,nhammond@example.org,3,Service Account,5,Amyside,Active,2025-11-14 20:41:39.844239
424,EMP00424,Reginald Diaz,patricialawrence@example.com,4,Office Worker,4,South Walter,Active,2025-12-29 20:41:39.847264
425,EMP00425,Jack Smith,melaniedrake@example.net,7,Office Worker,1,Port Willie,Active,2025-12-05 20:41:39.848031
426,SVC00426,Christopher Fry,jillwebb@example.com,6,Service Account,5,East Kathleenbury,Active,2026-02-25 20:41:39.848672
427,EMP00427,Jacob Williams,aprilmoody@example.com,2,Contractor,3,Hardinton,Active,2026-03-03 20:41:39.849303
428,EMP00428,Matthew Garcia,mary49@example.net,6,Office Worker,1,South Desiree,Active,2025-07-28 20:41:39.849672
429,EMP00429,Matthew Houston,nicholas38@example.com,3,Hybrid Worker,2,Lisastad,Active,2026-06-06 20:41:39.849977
430,EMP00430,Mr. Larry Shaw,scotthall@example.net,8,Hybrid Worker,2,Jasonburgh,Active,2025-10-28 20:41:39.850354
431,EMP00431,Lance Montoya,robertrivera@example.org,1,Contractor,1,Leonardfort,Active,2026-06-16 20:41:39.850767
432,EMP00432,Christopher Whitaker,sanchezdavid@example.net,4,Hybrid Worker,2,East Crystal,Active,2025-09-18 20:41:39.851134
433,SVC00433,Kenneth Brown,sandra86@example.net,7,Service Account,5,Lake Jessicaport,Active,2026-04-30 20:41:39.851431
434,EMP00434,Claire Obrien,kdillon@example.org,4,Hybrid Worker,3,Burkeshire,Active,2026-04-24 20:41:39.851804
435,EMP00435,Catherine Keller,gary57@example.net,4,Office Worker,4,East Nicholasberg,Active,2025-08-02 20:41:39.852131
436,SVC00436,Dale Heath,mserrano@example.org,8,Service Account,5,South Rachel,Active,2026-05-24 20:41:39.852454
437,EMP00437,Sherry Schmidt,davisdonna@example.net,8,Office Worker,5,Port Erikachester,Active,2025-09-24 20:41:39.852920
438,EMP00438,Jacqueline Williams,zperez@example.com,4,Office Worker,2,Bellshire,Active,2026-01-27 20:41:39.853292
439,EMP00439,Cesar Woods,reneemiller@example.net,1,Contractor,5,Scotttown,Active,2025-12-27 20:41:39.853703
440,EMP00440,Rachel Lane,meyernicholas@example.org,7,Remote Employee,2,Remote,Active,2026-05-13 20:41:39.853993
441,SVC00441,Emily Cox,ronaldrichards@example.com,6,Service Account,5,Cunninghamview,Active,2026-05-22 20:41:39.854364
442,SVC00442,Jennifer Harris DDS,jwhite@example.net,1,Service Account,5,Kingport,Active,2025-12-08 20:41:39.854713
443,EMP00443,Patricia Sanders,melissahopkins@example.net,1,Contractor,4,South Krista,Active,2025-12-16 20:41:39.855052
444,EMP00444,Ariel Romero,lauren90@example.org,1,Hybrid Worker,3,Oconnelltown,Active,2026-05-22 20:41:39.855333
445,EMP00445,Samantha Ruiz,qdavis@example.org,4,Hybrid Worker,1,Christopherton,Active,2025-09-01 20:41:39.855607
446,EMP00446,Tara Morales,jennifer90@example.org,3,Hybrid Worker,1,Gonzalesborough,Active,2025-12-27 20:41:39.855886
447,SVC00447,Tara Holmes,arthurgreene@example.net,6,Service Account,5,New Gavin,Active,2025-07-31 20:41:39.856241
448,EMP00448,David Smith,christopherhill@example.com,8,Remote Employee,4,Remote,Active,2025-08-06 20:41:39.856569
449,EMP00449,James Willis,mclaughlincasey@example.org,3,Remote Employee,1,Remote,Active,2025-11-03 20:41:39.856877
450,EMP00450,Molly Hansen,michael43@example.net,5,Office Worker,2,South Sarah,Active,2026-06-03 20:41:39.857180
451,EMP00451,Debbie Russell,hansenwesley@example.com,1,Remote Employee,3,Remote,Active,2026-01-18 20:41:39.857499
452,SVC00452,Regina Frye,heather69@example.com,7,Service Account,5,Port Matthew,Active,2025-09-20 20:41:39.857806
453,EMP00453,Melanie Mosley,olsonjonathan@example.com,5,Contractor,1,Lake Jacqueline,Active,2025-07-29 20:41:39.858193
454,EMP00454,Jennifer Gomez,haynesjose@example.com,5,Remote Employee,3,Remote,Active,2026-06-01 20:41:39.858547
455,EMP00455,Michael Nicholson,spencergregory@example.com,5,Hybrid Worker,1,Jefferyshire,Active,2025-12-19 20:41:39.858948
456,EMP00456,Travis Vega,victorgonzalez@example.net,7,Contractor,4,Port Joseph,Active,2025-12-10 20:41:39.859344
457,EMP00457,Ruben Huff,eric11@example.org,3,Hybrid Worker,4,Austinside,Active,2025-10-14 20:41:39.859668
458,EMP00458,Sarah Watson,travis94@example.com,5,Hybrid Worker,1,Port Sabrina,Active,2025-11-20 20:41:39.860225
459,EMP00459,Daniel Ray,foxrodney@example.net,7,Office Worker,5,New Michaelburgh,Active,2026-03-25 20:41:39.860623
460,SVC00460,Bryan Holmes,hannah03@example.com,5,Service Account,5,West Michaelview,Active,2026-01-12 20:41:39.860906
461,EMP00461,Dennis Adams,michael76@example.org,2,Office Worker,3,Haynesstad,Active,2026-01-25 20:41:39.861195
462,EMP00462,James Hayes,tiffanyparks@example.org,8,Hybrid Worker,5,Lindaside,Active,2025-11-19 20:41:39.861569
463,EMP00463,James Thomas,thomassmith@example.com,8,Remote Employee,3,Remote,Active,2025-11-09 20:41:39.861859
464,EMP00464,Dr. Samuel Holmes DDS,jevans@example.net,6,Office Worker,5,South Coreyburgh,Active,2025-11-15 20:41:39.862204
465,EMP00465,Robert Woods,colematthew@example.com,1,Hybrid Worker,1,Annview,Active,2025-08-03 20:41:39.863044
466,EMP00466,Jason Bell,barbarasantos@example.net,6,Contractor,5,Port Justin,Active,2026-04-05 20:41:39.863590
467,EMP00467,Jordan Hampton,ypreston@example.net,3,Office Worker,5,Stevenberg,Active,2025-11-13 20:41:39.864050
468,EMP00468,Margaret Mcfarland,kwelch@example.com,3,Office Worker,1,North Fernandobury,Active,2026-02-25 20:41:39.864447
469,EMP00469,Matthew Page,cnelson@example.com,6,Hybrid Worker,4,Gutierrezburgh,Active,2025-09-08 20:41:39.864792
470,EMP00470,Beth Young,shelby13@example.org,3,Office Worker,4,Garcialand,Active,2025-12-18 20:41:39.865802
471,EMP00471,Kara Brown,fwarren@example.org,8,Hybrid Worker,1,Christineland,Active,2025-09-05 20:41:39.866168
472,EMP00472,Stacey Parker,joanramos@example.org,6,Remote Employee,4,Remote,Active,2026-01-16 20:41:39.866478
473,EMP00473,Ryan Johnson,michelle57@example.com,4,Hybrid Worker,1,Amyberg,Active,2026-06-12 20:41:39.866774
474,EMP00474,Melissa Thompson,owelch@example.net,8,Remote Employee,5,Remote,Active,2025-12-09 20:41:39.867017
475,SVC00475,Mark Ferguson,timothy31@example.com,2,Service Account,5,Michaelview,Active,2026-02-11 20:41:39.867297
476,EMP00476,Adam Mills,mauriceharrison@example.org,8,Hybrid Worker,2,Arroyofort,Active,2025-08-16 20:41:39.868863
477,EMP00477,Ralph Yates,laurakelley@example.org,8,Hybrid Worker,2,Khanchester,Active,2026-04-24 20:41:39.869328
478,EMP00478,Christopher Mclaughlin,oclayton@example.com,2,Remote Employee,4,Remote,Active,2026-03-29 20:41:39.869583
479,EMP00479,Mario Black,justin84@example.com,2,Contractor,3,Port Casey,Active,2025-12-30 20:41:39.869871
480,EMP00480,Brian Gibson,nnelson@example.com,5,Office Worker,3,West Andrew,Active,2026-04-06 20:41:39.870173
481,EMP00481,Joseph Lopez,campbelldavid@example.com,6,Remote Employee,5,Remote,Active,2026-03-03 20:41:39.870468
482,EMP00482,Crystal Hernandez,arobinson@example.com,4,Office Worker,2,Boltonmouth,Active,2026-02-24 20:41:39.871617
483,EMP00483,Amanda Miller,brianrowe@example.org,1,Contractor,3,Whiteview,Active,2025-09-15 20:41:39.872080
484,SVC00484,Sandra Martinez,paulproctor@example.org,6,Service Account,5,East Stevenville,Active,2025-10-29 20:41:39.872476
485,SVC00485,Vickie Kennedy,sharon20@example.net,3,Service Account,5,West Timothyport,Active,2025-08-16 20:41:39.872772
486,EMP00486,Stephen Boyer,teresayoung@example.com,2,Office Worker,3,Alexisview,Active,2025-12-04 20:41:39.873724
487,EMP00487,Jennifer Sanchez,perkinshannah@example.net,7,Contractor,4,West Kelli,Active,2025-09-04 20:41:39.874186
488,EMP00488,Jonathan Parks,sarah00@example.com,3,Office Worker,3,Lake Amanda,Active,2025-08-01 20:41:39.874490
489,EMP00489,John Stewart,linda73@example.org,8,Office Worker,4,Howardberg,Active,2025-10-04 20:41:39.874801
490,EMP00490,Andrew Mann,amy73@example.net,3,Hybrid Worker,5,New Michael,Active,2025-08-02 20:41:39.875079
491,SVC00491,Denise Guerra,caseymoore@example.com,3,Service Account,5,Ambermouth,Active,2026-04-20 20:41:39.875448
492,EMP00492,Mark Gray,nicoleharvey@example.com,1,Contractor,1,West Jennifer,Active,2025-10-03 20:41:39.877082
493,EMP00493,Kimberly Hughes,jcannon@example.net,5,Remote Employee,2,Remote,Active,2026-04-04 20:41:39.877380
494,EMP00494,Jason Morris,millscarl@example.org,4,Hybrid Worker,3,Port Anthony,Active,2025-10-03 20:41:39.878854
495,EMP00495,Corey Johnson,hbarrett@example.net,2,Hybrid Worker,3,Brandonbury,Active,2026-03-17 20:41:39.880066
496,SVC00496,Andrea Conrad,dianahebert@example.org,5,Service Account,5,Owenton,Active,2026-04-22 20:41:39.880654
497,EMP00497,Patrick Zamora,laura09@example.com,2,Hybrid Worker,5,Lake Chadport,Active,2025-08-01 20:41:39.881011
498,EMP00498,Daniel Stone,hardyamanda@example.org,3,Remote Employee,2,Remote,Active,2025-08-10 20:41:39.881315
499,SVC00499,Matthew Hudson,angelagrant@example.net,6,Service Account,5,Port Daniellestad,Active,2025-09-10 20:41:39.881720
500,EMP00500,Michele Simmons,jacksonhenry@example.com,1,Office Worker,1,Dianeside,Active,2026-06-02 20:41:39.882067
501,SVC00501,Mrs. Heather Edwards DVM,megan66@example.net,5,Service Account,5,Charleneshire,Active,2025-07-27 20:41:39.882344
502,EMP00502,Jaime Pierce,michael77@example.com,7,Remote Employee,5,Remote,Active,2025-08-02 20:41:39.882539
503,EMP00503,Andrew Mitchell,holmesvictoria@example.com,8,Office Worker,5,West Traceyborough,Active,2026-01-28 20:41:39.882876
504,EMP00504,Alison Short,samantha88@example.net,8,Hybrid Worker,2,North Benjamin,Active,2025-11-30 20:41:39.883130
505,EMP00505,Charles Richardson,jesseshepherd@example.org,8,Hybrid Worker,1,Carrollborough,Active,2026-05-26 20:41:39.883498
506,EMP00506,Misty Mcguire,tracynolan@example.net,8,Remote Employee,4,Remote,Active,2025-10-21 20:41:39.883764
507,EMP00507,Susan Larson,benjamin96@example.org,4,Contractor,3,Port Matthewchester,Active,2025-08-19 20:41:39.884021
508,EMP00508,Sean Kane,julieatkinson@example.org,6,Remote Employee,3,Remote,Active,2025-12-31 20:41:39.884280
509,EMP00509,Lynn Brown,floresannette@example.com,3,Contractor,3,East Brent,Active,2025-10-05 20:41:39.884607
510,SVC00510,Jenna Griffin,walkerkeith@example.com,2,Service Account,5,East Matthew,Active,2026-01-13 20:41:39.884930
511,EMP00511,Patrick Kelley,christopher86@example.net,8,Remote Employee,1,Remote,Active,2026-02-09 20:41:39.885120
512,EMP00512,Chad Hansen,kfoster@example.org,4,Contractor,2,East Charles,Active,2026-05-07 20:41:39.885394
513,EMP00513,Erica Glass,rodriguezrobert@example.com,5,Office Worker,4,Jamesstad,Active,2025-08-14 20:41:39.885742
514,EMP00514,Allison Torres,christina79@example.org,4,Contractor,2,Williamsbury,Active,2026-01-09 20:41:39.886018
515,SVC00515,James Todd,rodriguezbrian@example.net,6,Service Account,5,Port Marissa,Active,2026-03-20 20:41:39.886338
516,EMP00516,Greg Brock,shannon05@example.org,8,Remote Employee,5,Remote,Active,2025-10-29 20:41:39.886526
517,EMP00517,Christy Payne,ana92@example.net,5,Contractor,4,South Brandyhaven,Active,2026-06-14 20:41:39.886781
518,EMP00518,Christopher Campbell,brian01@example.com,7,Office Worker,5,Elizabethstad,Active,2025-11-03 20:41:39.887028
519,EMP00519,Alicia Dillon,yhall@example.net,4,Remote Employee,5,Remote,Active,2025-12-27 20:41:39.887240
520,EMP00520,Ariana Stewart,lopezvincent@example.com,1,Office Worker,3,North Johnhaven,Active,2025-10-15 20:41:39.887585
521,SVC00521,John Garner,reedmichael@example.net,8,Service Account,5,Joelhaven,Active,2026-01-30 20:41:39.887905
522,SVC00522,Antonio Scott,bzamora@example.net,1,Service Account,5,Jeremiahmouth,Active,2026-05-01 20:41:39.888182
523,EMP00523,Mary Miller,rmeyer@example.net,3,Contractor,3,South John,Active,2025-12-20 20:41:39.888455
524,EMP00524,Wesley Browning,shane23@example.net,6,Contractor,1,New Amber,Active,2025-12-02 20:41:39.888704
525,EMP00525,Shari Parker,russellstout@example.org,4,Office Worker,3,West Carlos,Active,2025-09-15 20:41:39.889028
526,EMP00526,Michelle White,jessicacannon@example.com,2,Hybrid Worker,4,Turnerview,Active,2025-10-10 20:41:39.889375
527,EMP00527,Cole Anderson,farmercheryl@example.com,5,Contractor,5,New Jesse,Active,2025-08-17 20:41:39.889717
528,EMP00528,Heather Watts,manderson@example.com,3,Office Worker,1,Jackfurt,Active,2025-12-06 20:41:39.889995
529,EMP00529,Chad Lee Jr.,schaeferstephanie@example.org,6,Hybrid Worker,5,Port James,Active,2025-12-20 20:41:39.890330
530,EMP00530,Troy Gonzales,dwatts@example.org,4,Remote Employee,5,Remote,Active,2025-10-08 20:41:39.890541
531,EMP00531,Ricardo Franklin,zcortez@example.net,1,Contractor,1,New Danielmouth,Active,2026-06-06 20:41:39.890819
532,EMP00532,Amanda Forbes,cterrell@example.net,6,Remote Employee,4,Remote,Active,2025-10-03 20:41:39.891033
533,EMP00533,Phillip Estes,kellysanders@example.com,3,Contractor,5,Stevenchester,Active,2025-10-05 20:41:39.891356
534,EMP00534,Thomas Vaughn,stevenlucas@example.org,6,Remote Employee,5,Remote,Active,2026-01-13 20:41:39.891636
535,EMP00535,Ashley Osborne,phillipmorris@example.org,7,Remote Employee,5,Remote,Active,2026-01-23 20:41:39.891909
536,SVC00536,Kevin Marquez,nicoledavis@example.com,6,Service Account,5,Lake Jessica,Active,2025-10-09 20:41:39.892249
537,SVC00537,Michael Walters,millspatrick@example.net,8,Service Account,5,South Andrea,Active,2025-09-10 20:41:39.892599
538,EMP00538,Christopher Rogers,fernandothomas@example.net,8,Hybrid Worker,1,South Kylemouth,Active,2025-12-19 20:41:39.892964
539,EMP00539,Christopher Roach,adamcannon@example.org,2,Hybrid Worker,4,Jimenezfort,Active,2025-08-31 20:41:39.893348
540,EMP00540,Abigail Andrade,jaykeller@example.com,1,Hybrid Worker,5,Ramostown,Active,2025-10-26 20:41:39.893744
541,EMP00541,Joshua Harvey,brandonhernandez@example.net,4,Hybrid Worker,1,Benjaminton,Active,2025-08-31 20:41:39.894098
542,EMP00542,Sara Evans,williamsrobert@example.org,3,Contractor,5,Lake Justin,Active,2025-08-07 20:41:39.894450
543,SVC00543,Melissa Armstrong,tammycurry@example.com,7,Service Account,5,North Kaylamouth,Active,2026-04-11 20:41:39.895141
544,EMP00544,James Jones,ebridges@example.com,1,Remote Employee,5,Remote,Active,2026-04-30 20:41:39.895488
545,EMP00545,Bryan Villarreal,alison83@example.net,1,Remote Employee,4,Remote,Active,2026-01-16 20:41:39.895868
546,EMP00546,Anthony Duncan,webbhaley@example.net,3,Contractor,4,Ronaldmouth,Active,2026-03-13 20:41:39.896479
547,EMP00547,Kenneth Hanson,christinacrawford@example.net,8,Contractor,1,Vasquezburgh,Active,2026-04-16 20:41:39.897035
548,SVC00548,Crystal Roberts,aaronjohnson@example.net,4,Service Account,5,Lake Melaniechester,Active,2025-09-11 20:41:39.897510
549,EMP00549,Gene Castro,alexharris@example.com,8,Hybrid Worker,5,Kristyport,Active,2025-12-15 20:41:39.897905
550,EMP00550,Joshua Wang,jenningsmatthew@example.net,3,Hybrid Worker,4,Port Gregorymouth,Active,2025-09-26 20:41:39.898317
551,EMP00551,Tammy Mendoza,probles@example.org,6,Hybrid Worker,3,Mooremouth,Active,2025-08-17 20:41:39.898688
552,EMP00552,Kimberly Rogers,dreilly@example.net,4,Contractor,2,Annettemouth,Active,2026-02-03 20:41:39.899016
553,SVC00553,Alicia Ray,lauren51@example.org,5,Service Account,5,Marymouth,Active,2026-03-02 20:41:39.899313
554,EMP00554,Miss Sarah Duncan,hlopez@example.com,5,Hybrid Worker,2,Jenniferview,Active,2025-10-18 20:41:39.899642
555,EMP00555,Jonathan Young,tgallegos@example.org,8,Hybrid Worker,3,Gregorystad,Active,2025-09-12 20:41:39.899956
556,EMP00556,Paula Gentry,zhunter@example.com,5,Hybrid Worker,1,East Matthew,Active,2025-09-05 20:41:39.900295
557,SVC00557,Dr. Eric Murphy,shortsharon@example.net,7,Service Account,5,East Jenny,Active,2025-12-05 20:41:39.900679
558,EMP00558,Miguel Boyd,collinsbradley@example.net,3,Hybrid Worker,3,West Steventon,Active,2026-06-04 20:41:39.901066
559,EMP00559,Ralph Reese,lanelarry@example.org,2,Hybrid Worker,3,Jamesport,Active,2025-11-11 20:41:39.901436
560,EMP00560,Francis Alexander,nelsoneric@example.org,8,Hybrid Worker,2,New Anitaville,Active,2026-03-14 20:41:39.901806
561,SVC00561,Gregory Flores,sherrybrock@example.net,5,Service Account,5,East Charles,Active,2025-09-11 20:41:39.902190
562,EMP00562,Gina Wallace,anthonyberger@example.org,3,Hybrid Worker,1,South Brianchester,Active,2025-08-14 20:41:39.902571
563,SVC00563,Michael Vance,tjensen@example.com,4,Service Account,5,Lake Katherine,Active,2026-02-21 20:41:39.902885
564,EMP00564,Angela Livingston,fbradley@example.net,4,Office Worker,2,Davisport,Active,2026-05-30 20:41:39.903231
565,EMP00565,Michelle Marshall,staceythomas@example.net,7,Office Worker,3,Robertafurt,Active,2025-10-27 20:41:39.903607
566,EMP00566,Thomas Rivera,shawn01@example.com,3,Office Worker,1,West Timothyburgh,Active,2025-09-17 20:41:39.903910
567,EMP00567,Gregory Andrews,sullivanjennifer@example.org,7,Remote Employee,4,Remote,Active,2025-10-24 20:41:39.904252
568,EMP00568,Matthew Sparks,amorales@example.org,5,Remote Employee,3,Remote,Active,2026-01-30 20:41:39.904506
569,EMP00569,Kimberly Dickson,njones@example.net,2,Office Worker,5,Muellerchester,Active,2026-02-27 20:41:39.904861
570,SVC00570,Gloria Benson,elainemiller@example.net,1,Service Account,5,Wilsonmouth,Active,2026-03-28 20:41:39.905273
571,EMP00571,Brent Wallace,stephanie19@example.org,3,Contractor,1,Murphyton,Active,2025-12-04 20:41:39.905599
572,EMP00572,Robert Clay,shermandonna@example.com,3,Contractor,3,Petershire,Active,2026-06-06 20:41:39.905973
573,EMP00573,Daniel Rich,ashley46@example.net,5,Office Worker,5,Veronicashire,Active,2025-08-21 20:41:39.906290
574,EMP00574,William Powell,melissabrown@example.net,6,Office Worker,3,North Jacquelinestad,Active,2025-11-05 20:41:39.906687
575,SVC00575,Douglas Johnson,zpark@example.net,8,Service Account,5,Jenniferfurt,Active,2026-04-18 20:41:39.907002
576,SVC00576,Joshua Bates,jtaylor@example.com,8,Service Account,5,Maryberg,Active,2026-02-06 20:41:39.907320
577,EMP00577,Shane Martinez,jonesalfred@example.net,2,Remote Employee,3,Remote,Active,2026-04-03 20:41:39.907621
578,EMP00578,Mary Proctor,christophermay@example.com,5,Contractor,2,Englishchester,Active,2026-06-18 20:41:39.908032
579,EMP00579,Jordan Coleman,ocruz@example.org,5,Hybrid Worker,5,Jacobsshire,Active,2026-03-19 20:41:39.908401
580,EMP00580,Dr. Michael Adams DVM,arthur09@example.com,7,Remote Employee,4,Remote,Active,2025-10-05 20:41:39.908658
581,EMP00581,Ashley Olson,thomasjessica@example.com,2,Hybrid Worker,4,Blackhaven,Active,2026-05-08 20:41:39.909066
582,EMP00582,Ann Kennedy,suttonamber@example.net,3,Remote Employee,4,Remote,Active,2026-01-11 20:41:39.909447
583,EMP00583,Anthony Cooper,harrisonwilliam@example.com,1,Remote Employee,3,Remote,Active,2025-12-11 20:41:39.909751
584,EMP00584,Erin Gomez,keith09@example.net,8,Remote Employee,3,Remote,Active,2026-01-08 20:41:39.909968
585,EMP00585,Richard Green,klane@example.org,1,Hybrid Worker,3,Lisatown,Active,2025-07-26 20:41:39.910313
586,EMP00586,Bradley Wagner,johnathan94@example.com,4,Hybrid Worker,1,Alexisville,Active,2026-04-26 20:41:39.910609
587,EMP00587,Susan Stevenson,lwood@example.com,5,Contractor,2,South Henry,Active,2025-11-30 20:41:39.910927
588,SVC00588,Amanda Riggs,caitlinunderwood@example.com,5,Service Account,5,Townsendbury,Active,2026-04-26 20:41:39.911334
589,EMP00589,Molly Jackson,brian41@example.org,6,Hybrid Worker,5,South Raymond,Active,2026-03-04 20:41:39.911645
590,EMP00590,Paul Goodwin,noahthornton@example.com,3,Remote Employee,4,Remote,Active,2026-04-08 20:41:39.911963
591,EMP00591,Joseph Graham,sara76@example.net,6,Contractor,4,Suzanneton,Active,2025-09-17 20:41:39.912388
592,EMP00592,Joseph Gomez,pbishop@example.com,4,Contractor,2,Josephville,Active,2025-08-24 20:41:39.912818
593,EMP00593,Kevin Murray,jessicachapman@example.org,8,Office Worker,5,Ericaburgh,Active,2025-12-22 20:41:39.913321
594,EMP00594,Adam Smith,smithconnor@example.org,2,Office Worker,1,Bellport,Active,2025-09-18 20:41:39.913735
595,SVC00595,Andrew Harvey,maysdiane@example.org,4,Service Account,5,Lake Susanland,Active,2025-09-05 20:41:39.914288
596,SVC00596,Beverly Douglas,pauladominguez@example.com,3,Service Account,5,Stevenland,Active,2026-04-02 20:41:39.914776
597,EMP00597,Tammy Hill,qschwartz@example.com,8,Hybrid Worker,1,Fernandoland,Active,2026-03-12 20:41:39.915239
598,SVC00598,Antonio Price,scottlisa@example.org,8,Service Account,5,Jonesborough,Active,2026-05-10 20:41:39.915811
599,SVC00599,Cassandra Vasquez,amberreynolds@example.net,8,Service Account,5,South Jenniferville,Active,2026-05-28 20:41:39.916260
600,EMP00600,Benjamin Luna,fsmith@example.org,3,Contractor,5,North Elizabethview,Active,2025-11-25 20:41:39.916568
601,EMP00601,Gary Myers,robertsonshelby@example.com,1,Contractor,5,Grahamland,Active,2025-11-01 20:41:39.916984
602,EMP00602,April Finley,imartinez@example.com,1,Hybrid Worker,4,Evelynfurt,Active,2026-02-15 20:41:39.917290
603,EMP00603,Zachary Holland,amanda51@example.com,4,Office Worker,5,Deborahburgh,Active,2026-05-19 20:41:39.917564
604,EMP00604,Tracy Guerrero,heather15@example.com,7,Office Worker,3,Lake Samuelborough,Active,2026-05-24 20:41:39.917849
605,SVC00605,Corey Cortez,tracybrown@example.net,1,Service Account,5,Victormouth,Active,2026-05-21 20:41:39.918199
606,EMP00606,Alexis Morgan,kristin06@example.org,1,Contractor,3,Port Desiree,Active,2025-11-28 20:41:39.918471
607,EMP00607,Teresa Berg,joycehall@example.org,3,Remote Employee,4,Remote,Active,2025-12-16 20:41:39.918784
608,EMP00608,Charles Valdez,nmeadows@example.org,8,Contractor,4,Lake Deborah,Active,2025-12-15 20:41:39.919090
609,EMP00609,Mark Conway,bryantgeorge@example.net,3,Office Worker,3,Port Lisaville,Active,2026-04-26 20:41:39.919449
610,EMP00610,Robert Walker PhD,vrogers@example.net,7,Remote Employee,5,Remote,Active,2026-04-21 20:41:39.919689
611,EMP00611,Bryan Sutton,marcoconnell@example.org,1,Remote Employee,1,Remote,Active,2026-01-24 20:41:39.919975
612,EMP00612,Leslie Rogers,hillkatherine@example.org,7,Contractor,5,Angelamouth,Active,2025-12-13 20:41:39.920333
613,EMP00613,Kevin Anderson,bstrickland@example.com,4,Remote Employee,4,Remote,Active,2025-12-30 20:41:39.920568
614,EMP00614,Adam Howe,robert72@example.org,5,Remote Employee,2,Remote,Active,2026-04-29 20:41:39.920805
615,EMP00615,Devin Cole,sharonbishop@example.org,7,Office Worker,5,Lake Vincent,Active,2026-06-17 20:41:39.921162
616,EMP00616,Lori Patton,robert83@example.org,4,Remote Employee,1,Remote,Active,2026-05-05 20:41:39.921383
617,SVC00617,Joseph Davis,michelle88@example.org,1,Service Account,5,Townsendborough,Active,2025-11-09 20:41:39.921680
618,SVC00618,Cory Hogan,kjimenez@example.net,1,Service Account,5,North Deannaport,Active,2026-02-20 20:41:39.921993
619,EMP00619,David Jensen,vwilliams@example.org,7,Office Worker,4,East Kristen,Active,2026-02-26 20:41:39.922304
620,SVC00620,Mr. Steven Griffith,robert53@example.org,4,Service Account,5,Jeremybury,Active,2026-05-28 20:41:39.922610
621,EMP00621,Sheila Bennett,charlesrichards@example.org,5,Remote Employee,2,Remote,Active,2025-09-04 20:41:39.922920
622,EMP00622,Brianna Reilly,xthompson@example.org,6,Hybrid Worker,2,Cortezstad,Active,2026-01-22 20:41:39.923250
623,EMP00623,Christina Martinez,ramirezdaniel@example.com,4,Remote Employee,4,Remote,Active,2026-01-23 20:41:39.923540
624,EMP00624,Christopher Cooper,cassandra92@example.net,1,Hybrid Worker,5,North Robert,Active,2025-08-27 20:41:39.923831
625,EMP00625,Shannon Robinson,rhood@example.org,7,Remote Employee,5,Remote,Active,2025-10-15 20:41:39.924072
626,EMP00626,Nancy Wright,ryan39@example.org,6,Office Worker,4,South Tinaton,Active,2025-09-30 20:41:39.924355
627,EMP00627,Morgan Gordon MD,zmendoza@example.net,7,Hybrid Worker,4,South Tylerland,Active,2026-04-10 20:41:39.924720
628,EMP00628,Alexandria Dennis,davidphillips@example.net,7,Hybrid Worker,2,North Timothyport,Active,2025-09-23 20:41:39.925078
629,EMP00629,Joe Hudson,braysteven@example.org,4,Contractor,2,Lopezstad,Active,2026-01-23 20:41:39.925455
630,EMP00630,Michele Smith,cruzhannah@example.net,8,Remote Employee,1,Remote,Active,2025-09-11 20:41:39.925748
631,EMP00631,Jeffery Nelson,kristinmiller@example.com,7,Contractor,5,New Sierrastad,Active,2025-09-27 20:41:39.926107
632,EMP00632,Ashley Diaz,diazgregory@example.net,7,Remote Employee,2,Remote,Active,2026-02-15 20:41:39.926396
633,EMP00633,Kristina Ayala,tinaallen@example.org,6,Remote Employee,1,Remote,Active,2025-11-07 20:41:39.926682
634,EMP00634,Nancy Goodwin,karenhodges@example.com,2,Hybrid Worker,5,Rachaelhaven,Active,2026-03-20 20:41:39.927047
635,EMP00635,Destiny Brown,shaun88@example.org,5,Office Worker,4,Mckinneyside,Active,2025-08-20 20:41:39.927342
636,SVC00636,Jodi Richardson,lopeznicole@example.org,1,Service Account,5,South Rachaelport,Active,2026-05-19 20:41:39.927689
637,EMP00637,Angela Martin,terrytyler@example.org,4,Remote Employee,4,Remote,Active,2026-03-11 20:41:39.927974
638,EMP00638,Lori Carter,thomasfisher@example.net,5,Hybrid Worker,1,West Jaimetown,Active,2026-03-09 20:41:39.928330
639,EMP00639,Crystal Meza,robert55@example.com,2,Remote Employee,4,Remote,Active,2026-02-21 20:41:39.928544
640,SVC00640,Melissa Wilkinson,kellis@example.org,4,Service Account,5,Georgeview,Active,2025-12-04 20:41:39.928894
641,EMP00641,Jacob Roberts,hernandezjustin@example.org,6,Remote Employee,3,Remote,Active,2025-12-13 20:41:39.929181
642,EMP00642,Caitlyn Nichols,teresafranco@example.net,6,Contractor,3,East John,Active,2026-02-12 20:41:39.929780
643,EMP00643,Eugene Martinez,mike38@example.net,8,Hybrid Worker,4,Lake Loganstad,Active,2026-05-06 20:41:39.930094
644,EMP00644,Jerry Cantrell,david06@example.com,6,Contractor,2,South Sarah,Active,2025-12-18 20:41:39.930377
645,EMP00645,Wayne Payne,deborah47@example.com,7,Hybrid Worker,1,Port Annette,Active,2025-09-10 20:41:39.930675
646,EMP00646,Jessica Norris,imccullough@example.net,3,Remote Employee,1,Remote,Active,2026-02-12 20:41:39.930915
647,SVC00647,Elizabeth Morales,seandavis@example.org,7,Service Account,5,New Alicia,Active,2026-01-25 20:41:39.931319
648,EMP00648,Pamela Gonzalez,ryansean@example.net,4,Remote Employee,3,Remote,Active,2026-02-28 20:41:39.931795
649,EMP00649,Vanessa Foster,mstewart@example.net,4,Contractor,4,Lake Michaelberg,Active,2025-09-17 20:41:39.932227
650,EMP00650,Jessica Hughes,mitchellmichael@example.com,5,Hybrid Worker,4,East Jessicamouth,Active,2025-08-01 20:41:39.932730
651,EMP00651,Jennifer Ramos,lindawaller@example.com,8,Contractor,2,Taylorshire,Active,2025-12-27 20:41:39.933194
652,EMP00652,Briana Turner,carl96@example.org,3,Remote Employee,5,Remote,Active,2025-10-18 20:41:39.933439
653,EMP00653,Mark Nelson,angelapage@example.org,1,Remote Employee,5,Remote,Active,2026-06-08 20:41:39.933751
654,EMP00654,Ronnie Roberts,twilliams@example.net,1,Office Worker,1,Troymouth,Active,2025-11-26 20:41:39.934067
655,EMP00655,Rick Moore,stephanie71@example.net,4,Remote Employee,1,Remote,Active,2026-04-09 20:41:39.934269
656,EMP00656,Donna White,anthonyhubbard@example.com,4,Office Worker,5,New Julieshire,Active,2025-11-04 20:41:39.934604
657,EMP00657,Mr. David Jennings,brooksjessica@example.org,1,Hybrid Worker,5,Franciscoton,Active,2025-08-03 20:41:39.934937
658,SVC00658,Joel Steele,frank45@example.com,8,Service Account,5,Brandonport,Active,2025-10-19 20:41:39.935188
659,EMP00659,Taylor Palmer,kathygeorge@example.org,1,Office Worker,5,Moniqueport,Active,2025-09-16 20:41:39.935529
660,EMP00660,Michael Cox,madeline02@example.net,1,Contractor,1,Nathanfort,Active,2025-09-27 20:41:39.935781
661,EMP00661,Thomas Martin,ericwalker@example.org,5,Hybrid Worker,1,South Stevenland,Active,2025-10-11 20:41:39.936125
662,EMP00662,Carlos Smith,larry52@example.com,3,Contractor,1,Geraldport,Active,2026-05-07 20:41:39.936376
663,SVC00663,Robert Walker,haileyparker@example.org,3,Service Account,5,North Roger,Active,2026-02-22 20:41:39.936714
664,EMP00664,Ashley Smith,ctodd@example.org,5,Remote Employee,3,Remote,Active,2026-02-09 20:41:39.936935
665,EMP00665,Ricky Palmer,harrisonrebekah@example.org,2,Contractor,3,West Elizabethville,Active,2025-11-30 20:41:39.937262
666,EMP00666,Tamara Harris,jackbell@example.org,4,Contractor,2,Port Julie,Active,2026-01-23 20:41:39.937586
667,EMP00667,Kevin Bell,williamjones@example.net,1,Office Worker,1,New Jayborough,Active,2025-11-30 20:41:39.937911
668,EMP00668,Carolyn Webster,beltrancorey@example.org,7,Contractor,5,Richardsonshire,Active,2025-10-25 20:41:39.938273
669,EMP00669,Michael Rodriguez,tina63@example.net,1,Office Worker,2,South Daniel,Active,2026-05-14 20:41:39.938523
670,EMP00670,Mrs. Ashley Taylor,janet80@example.org,7,Contractor,3,Tristanfurt,Active,2025-09-09 20:41:39.938783
671,EMP00671,Kyle Collins,aperez@example.com,1,Office Worker,2,Lopezland,Active,2026-03-09 20:41:39.939076
672,SVC00672,Rebekah Crosby,harry71@example.com,8,Service Account,5,Millsland,Active,2026-02-07 20:41:39.939349
673,EMP00673,James Neal,figueroapatricia@example.org,2,Office Worker,3,West Theresamouth,Active,2025-09-20 20:41:39.939675
674,SVC00674,Ryan Powell,maryhardy@example.com,1,Service Account,5,Katelynfurt,Active,2026-03-26 20:41:39.940016
675,EMP00675,Melvin Clements,jdixon@example.com,1,Hybrid Worker,2,North Johnfort,Active,2025-08-29 20:41:39.940306
676,EMP00676,Tommy Johnson,greertyrone@example.org,7,Remote Employee,1,Remote,Active,2026-01-23 20:41:39.940602
677,EMP00677,Janet Shelton,kevinhanson@example.org,4,Remote Employee,5,Remote,Active,2025-12-08 20:41:39.940878
678,SVC00678,Kelly Vasquez,qharris@example.com,6,Service Account,5,Wagnerside,Active,2025-12-11 20:41:39.941196
679,EMP00679,Scott Payne,ewingnicole@example.org,2,Remote Employee,5,Remote,Active,2025-12-30 20:41:39.941463
680,EMP00680,Ernest Bennett,ljohnson@example.net,2,Office Worker,4,Nicoleburgh,Active,2026-02-27 20:41:39.941777
681,EMP00681,Chad Baldwin MD,carrolltracy@example.net,6,Office Worker,5,Alvarezburgh,Active,2025-08-15 20:41:39.942210
682,SVC00682,Jenna Simpson,wjensen@example.com,7,Service Account,5,Bryanshire,Active,2026-01-09 20:41:39.942516
683,EMP00683,Russell Bailey,hubbardcolleen@example.com,5,Office Worker,4,South Michaelstad,Active,2025-10-17 20:41:39.942883
684,EMP00684,Anthony Sanchez,deborahwatkins@example.net,6,Remote Employee,5,Remote,Active,2025-12-15 20:41:39.943171
685,EMP00685,Eric Morgan,ryanbenjamin@example.net,3,Contractor,5,Bradleychester,Active,2025-12-13 20:41:39.943545
686,EMP00686,Michael Chapman,nicholas65@example.net,5,Office Worker,2,Port Tracyborough,Active,2026-05-19 20:41:39.943815
687,EMP00687,Jonathan Hubbard,garrett45@example.com,5,Office Worker,2,South Cynthia,Active,2025-12-13 20:41:39.944131
688,EMP00688,Angela Jefferson,karlwilliams@example.net,7,Remote Employee,3,Remote,Active,2025-12-23 20:41:39.944420
689,EMP00689,Darrell Newton,robbinsbelinda@example.net,2,Office Worker,1,Joshuashire,Active,2026-01-19 20:41:39.944764
690,EMP00690,Karen Clark,pearsonkevin@example.com,6,Contractor,3,Alvaradomouth,Active,2026-05-04 20:41:39.945155
691,EMP00691,James Weber,jpowers@example.org,2,Remote Employee,2,Remote,Active,2025-11-17 20:41:39.945388
692,EMP00692,Lori Black,barbaralewis@example.net,7,Contractor,1,Adamsside,Active,2026-06-12 20:41:39.945800
693,EMP00693,Sarah Meadows,boydmichael@example.org,6,Office Worker,5,East Julie,Active,2026-05-09 20:41:39.946269
694,SVC00694,Sarah Jenkins,waltersmeghan@example.com,6,Service Account,5,Debbieview,Active,2025-12-10 20:41:39.946705
695,EMP00695,Cynthia Allen,jamessanchez@example.com,5,Office Worker,4,Washingtonchester,Active,2025-12-09 20:41:39.947187
696,EMP00696,Taylor Harris,derek44@example.net,4,Office Worker,5,Lake Melissa,Active,2025-10-02 20:41:39.947461
697,EMP00697,Katelyn Smith,edwardskenneth@example.org,7,Remote Employee,2,Remote,Active,2026-04-15 20:41:39.947746
698,EMP00698,Jennifer Cox,sandersmary@example.org,5,Hybrid Worker,3,North Ashley,Active,2025-10-16 20:41:39.948104
699,EMP00699,Barbara Beck,tyler13@example.net,2,Remote Employee,2,Remote,Active,2025-11-15 20:41:39.948310
700,EMP00700,Robert Murphy,vshaffer@example.org,7,Hybrid Worker,3,Robinsonville,Active,2025-10-21 20:41:39.948628
701,EMP00701,Wayne Gonzales,michelle07@example.net,6,Office Worker,3,Hollyville,Active,2026-02-19 20:41:39.948893
702,EMP00702,Jeff Vega,natasha25@example.com,4,Contractor,4,Loritown,Active,2026-05-02 20:41:39.949159
703,EMP00703,Susan Johnson,vazquezkristina@example.org,5,Remote Employee,1,Remote,Active,2025-12-05 20:41:39.949442
704,EMP00704,James Fowler,rebecca18@example.org,7,Hybrid Worker,3,Pricefurt,Active,2025-11-12 20:41:39.949736
705,EMP00705,Tabitha Turner,kennethvillarreal@example.org,7,Hybrid Worker,5,Welchchester,Active,2026-04-17 20:41:39.950126
706,EMP00706,Denise Miller,aruiz@example.com,6,Hybrid Worker,5,Mcdowellville,Active,2026-03-15 20:41:39.950443
707,EMP00707,Melissa Hunter,robert85@example.com,6,Contractor,2,Port Brettburgh,Active,2025-12-04 20:41:39.950715
708,EMP00708,Rachel Taylor,tgonzalez@example.com,5,Hybrid Worker,4,North Erichaven,Active,2025-09-04 20:41:39.951008
709,EMP00709,Patricia Banks,melaniejennings@example.com,6,Remote Employee,4,Remote,Active,2026-02-02 20:41:39.951283
710,EMP00710,Shane Anderson,graceserrano@example.com,6,Contractor,1,North Robert,Active,2025-09-10 20:41:39.951621
711,EMP00711,Shawn Duffy,andrewjohnson@example.net,3,Remote Employee,5,Remote,Active,2026-06-12 20:41:39.951893
712,EMP00712,Lori Meadows,sgonzalez@example.org,4,Contractor,4,South Christineview,Active,2026-01-27 20:41:39.952201
713,EMP00713,Tyler Jackson,smithalicia@example.com,7,Office Worker,4,Wilsonborough,Active,2026-04-15 20:41:39.952557
714,EMP00714,Scott Casey,julie62@example.com,4,Hybrid Worker,3,New Jason,Active,2026-04-08 20:41:39.952815
715,EMP00715,Monica Lopez,rickythomas@example.com,7,Contractor,1,Joemouth,Active,2025-11-08 20:41:39.953149
716,SVC00716,Jaclyn Sutton,emiller@example.org,8,Service Account,5,Terrifurt,Active,2025-08-31 20:41:39.953427
717,EMP00717,Michelle Erickson,charles80@example.org,7,Contractor,5,Sarahfort,Active,2026-06-07 20:41:39.953683
718,EMP00718,Yesenia Crosby,smithwilliam@example.com,2,Hybrid Worker,1,Tiffanystad,Active,2026-02-18 20:41:39.954014
719,EMP00719,Steven Williams,jorgegordon@example.com,3,Hybrid Worker,5,Andersonmouth,Active,2026-06-03 20:41:39.954384
720,SVC00720,Jessica Green,bradley27@example.com,7,Service Account,5,Saraport,Active,2026-01-07 20:41:39.954640
721,EMP00721,Deborah Gallegos,zachary62@example.com,2,Contractor,1,Gallagherberg,Active,2026-05-06 20:41:39.954920
722,EMP00722,Tammy Fields,jbrown@example.org,4,Hybrid Worker,5,East Barry,Active,2025-10-03 20:41:39.955199
723,SVC00723,Michael Graham,wwilliams@example.net,4,Service Account,5,Ellisville,Active,2025-11-09 20:41:39.955500
724,EMP00724,Sharon Martinez,harrisjustin@example.org,7,Hybrid Worker,4,Annashire,Active,2025-08-28 20:41:39.955833
725,SVC00725,Zachary Smith,robertjones@example.com,3,Service Account,5,West Anthonyville,Active,2025-12-31 20:41:39.956184
726,EMP00726,Kevin Bean,eric17@example.net,8,Office Worker,1,Gibsonview,Active,2026-01-25 20:41:39.956463
727,EMP00727,Abigail Booker,unguyen@example.net,2,Contractor,1,East Michelle,Active,2026-04-14 20:41:39.956744
728,EMP00728,Diane Yates,paynecarrie@example.org,5,Hybrid Worker,3,Scottbury,Active,2025-11-04 20:41:39.957100
729,EMP00729,Sharon Davis,frankchan@example.com,8,Remote Employee,3,Remote,Active,2025-10-25 20:41:39.957370
730,EMP00730,Tiffany Moore,travis64@example.net,8,Office Worker,4,West Elizabeth,Active,2026-01-13 20:41:39.957628
731,EMP00731,Kayla Burns,kalvarez@example.net,5,Office Worker,1,Davischester,Active,2026-04-28 20:41:39.957931
732,EMP00732,Lisa Hamilton,gdavis@example.com,6,Office Worker,1,Rhodesberg,Active,2026-04-02 20:41:39.958247
733,EMP00733,Kelsey Holland,robertssamuel@example.com,3,Remote Employee,5,Remote,Active,2026-04-05 20:41:39.958516
734,EMP00734,William Sutton,mckenzie86@example.com,7,Hybrid Worker,4,New Charleston,Active,2026-02-27 20:41:39.958776
735,EMP00735,Kayla Gutierrez,kguerrero@example.com,3,Contractor,2,Jonathanland,Active,2025-08-02 20:41:39.959054
736,EMP00736,Alexis Yang,lwhite@example.com,7,Contractor,1,North Robertport,Active,2025-08-15 20:41:39.959339
737,EMP00737,Nathaniel Todd,qhanson@example.com,8,Remote Employee,5,Remote,Active,2025-11-18 20:41:39.959557
738,EMP00738,Shelby Lopez,christianhendrix@example.com,1,Contractor,2,South Amandatown,Active,2026-03-12 20:41:39.959897
739,EMP00739,Adam Rios,qholt@example.net,2,Hybrid Worker,5,Turnerstad,Active,2026-05-04 20:41:39.960216
740,SVC00740,Tracey Leonard,christopher20@example.org,3,Service Account,5,Port Allenborough,Active,2025-12-20 20:41:39.960480
741,EMP00741,Christine Wong,ryangarrett@example.net,4,Hybrid Worker,4,North Kevin,Active,2026-04-28 20:41:39.960811
742,EMP00742,John Johnson,rachelrodgers@example.com,8,Hybrid Worker,5,Ruizmouth,Active,2025-08-02 20:41:39.961353
743,EMP00743,Christina Hudson,awilliams@example.org,7,Hybrid Worker,5,Pettyfort,Active,2025-12-07 20:41:39.961747
744,SVC00744,Linda Spencer,benjamin67@example.net,2,Service Account,5,Hallton,Active,2025-12-29 20:41:39.962118
745,EMP00745,Jennifer Stewart,adamsdeborah@example.com,8,Hybrid Worker,5,South Cindystad,Active,2026-03-29 20:41:39.962877
746,EMP00746,Jeffrey Martin,taylorkim@example.net,2,Hybrid Worker,2,New Regina,Active,2026-01-16 20:41:39.963404
747,EMP00747,Lance Kirby,sanderson@example.net,4,Office Worker,3,Moyerstad,Active,2026-04-27 20:41:39.963788
748,EMP00748,Rebecca Richard,justincurry@example.net,6,Remote Employee,2,Remote,Active,2025-10-07 20:41:39.964105
749,EMP00749,Mr. Christopher Vasquez,fhahn@example.com,7,Contractor,5,East Angela,Active,2026-04-16 20:41:39.964424
750,SVC00750,Mrs. Debbie Rhodes MD,romanmatthew@example.org,7,Service Account,5,North Anna,Active,2025-11-21 20:41:39.964831
751,EMP00751,Dr. Richard Hammond,paula89@example.net,8,Remote Employee,5,Remote,Active,2025-07-30 20:41:39.965046
752,EMP00752,Anthony Shah,westes@example.org,3,Remote Employee,4,Remote,Active,2026-01-29 20:41:39.965292
753,EMP00753,Rachael Lynch,colonbobby@example.org,3,Remote Employee,3,Remote,Active,2025-11-07 20:41:39.965690
754,SVC00754,Bruce Harris,eric47@example.net,1,Service Account,5,Oconnorville,Active,2025-12-24 20:41:39.966026
755,EMP00755,Jack Fuentes,allisonscott@example.com,8,Office Worker,2,East Maryfort,Active,2026-03-18 20:41:39.966499
756,EMP00756,Jonathan Miller,jennifer65@example.net,8,Contractor,4,East Karen,Active,2025-10-17 20:41:39.966829
757,EMP00757,Rachel Taylor,agutierrez@example.com,8,Contractor,4,Sherrymouth,Active,2026-04-01 20:41:39.967132
758,EMP00758,Adam Drake,millerleroy@example.org,1,Office Worker,2,Brownton,Active,2026-01-27 20:41:39.967483
759,EMP00759,Margaret Orr,levinetina@example.net,5,Office Worker,2,Robertside,Active,2025-09-23 20:41:39.967808
760,EMP00760,Mikayla Edwards,alan48@example.net,3,Hybrid Worker,4,Lake Richard,Active,2025-09-09 20:41:39.968059
761,EMP00761,Stacy Weber,zterry@example.net,2,Contractor,5,Roweport,Active,2026-04-28 20:41:39.968377
762,EMP00762,Joshua Price,abigailfernandez@example.org,6,Hybrid Worker,5,New Andreahaven,Active,2026-06-04 20:41:39.968702
763,EMP00763,Mark Johnson,john46@example.net,4,Contractor,4,Lake Brianstad,Active,2026-05-04 20:41:39.968952
764,EMP00764,Jordan Martinez,westashley@example.org,5,Remote Employee,1,Remote,Active,2025-11-07 20:41:39.969211
765,EMP00765,William Trujillo,michaelmitchell@example.net,6,Hybrid Worker,1,Lake Nicholas,Active,2025-11-13 20:41:39.969530
766,EMP00766,Ashley Black,mackenzieward@example.org,4,Office Worker,2,Lake Ronald,Active,2025-08-28 20:41:39.969850
767,EMP00767,Brandon Coleman,thomasgriffin@example.com,7,Hybrid Worker,2,Chapmanhaven,Active,2025-08-14 20:41:39.970190
768,EMP00768,Shelby Silva,sbarajas@example.com,4,Remote Employee,2,Remote,Active,2026-05-26 20:41:39.970414
769,SVC00769,Jennifer Martin,toddellis@example.net,6,Service Account,5,Lake Jasonfort,Active,2025-09-26 20:41:39.970737
770,EMP00770,Christopher Hansen,guzmanricky@example.org,3,Hybrid Worker,3,Ashleyton,Active,2026-01-27 20:41:39.971053
771,EMP00771,Autumn Torres,kevin70@example.org,5,Hybrid Worker,5,Port Brittany,Active,2026-05-08 20:41:39.971300
772,EMP00772,Steven Small,isaacsingh@example.org,7,Remote Employee,1,Remote,Active,2026-02-04 20:41:39.971559
773,EMP00773,Gregory Harrell,tolson@example.net,3,Remote Employee,2,Remote,Active,2026-04-12 20:41:39.971767
774,EMP00774,George Bennett,kathleenwagner@example.com,4,Hybrid Worker,4,Contrerasberg,Active,2025-10-18 20:41:39.972109
775,EMP00775,Erika Marsh,zhughes@example.com,5,Remote Employee,4,Remote,Active,2025-12-15 20:41:39.972331
776,EMP00776,Tina Wu,debbie20@example.net,2,Contractor,1,Annville,Active,2025-12-01 20:41:39.972581
777,SVC00777,Angela Friedman,bernardaimee@example.com,5,Service Account,5,North Dominiqueside,Active,2025-12-19 20:41:39.972921
778,EMP00778,Albert Buchanan,mariacombs@example.net,8,Contractor,3,Millerside,Active,2025-09-01 20:41:39.973267
779,EMP00779,Jennifer Williams,morganhenry@example.org,2,Office Worker,4,Patrickland,Active,2025-08-04 20:41:39.973588
780,EMP00780,Brett Jackson,iantate@example.org,2,Hybrid Worker,5,Stephanieburgh,Active,2025-12-04 20:41:39.973905
781,EMP00781,Tyrone White,evanscorey@example.org,7,Remote Employee,2,Remote,Active,2025-10-15 20:41:39.974161
782,EMP00782,Frederick Bennett,williamsjohn@example.net,6,Hybrid Worker,3,South William,Active,2026-01-04 20:41:39.974491
783,SVC00783,Tiffany Adams,steven61@example.com,3,Service Account,5,South Cynthiatown,Active,2025-09-09 20:41:39.974741
784,EMP00784,Victor Leonard,kathrynpearson@example.org,6,Contractor,1,Ashleymouth,Active,2026-06-02 20:41:39.975058
785,EMP00785,Mark Harris,nathanielgalloway@example.org,8,Office Worker,1,Aliside,Active,2026-04-23 20:41:39.975397
786,EMP00786,Aaron Marshall,denise20@example.org,8,Remote Employee,4,Remote,Active,2026-06-25 20:41:39.975582
787,EMP00787,Karen Harper,okidd@example.org,4,Contractor,2,Brandonside,Active,2025-07-28 20:41:39.975851
788,EMP00788,Elizabeth Foster,rivasjessica@example.com,3,Hybrid Worker,3,Clarkhaven,Active,2026-05-09 20:41:39.976192
789,EMP00789,Emily Fleming,cynthia74@example.org,5,Hybrid Worker,1,Matthewmouth,Active,2025-12-17 20:41:39.976450
790,EMP00790,Erin Sloan,deborahsmith@example.com,1,Remote Employee,4,Remote,Active,2025-08-09 20:41:39.976708
791,EMP00791,Adam Thompson,ifarmer@example.org,4,Hybrid Worker,4,New Anthonymouth,Active,2025-07-25 20:41:39.976979
792,EMP00792,Heather Hess,paul01@example.com,2,Office Worker,1,Sharonmouth,Active,2026-03-08 20:41:39.977224
793,EMP00793,Patrick Chang,james94@example.net,2,Contractor,2,East Tina,Active,2025-08-26 20:41:39.977467
794,EMP00794,Amanda Vasquez,adrianjoyce@example.net,8,Remote Employee,1,Remote,Active,2026-06-21 20:41:39.977744
795,EMP00795,Sergio Carroll,mjackson@example.net,2,Hybrid Worker,4,North Brianna,Active,2026-04-19 20:41:39.978036
796,EMP00796,Bethany Mahoney,nicoledaniel@example.com,2,Contractor,2,Port Erica,Active,2025-12-11 20:41:39.978529
797,EMP00797,Melissa Patel MD,bsmith@example.net,2,Office Worker,1,Port Sheilachester,Active,2026-01-16 20:41:39.978972
798,EMP00798,Jennifer Martinez,hsimpson@example.org,5,Hybrid Worker,2,North Joshua,Active,2025-12-12 20:41:39.979338
799,EMP00799,Jerry Smith,matthewbeard@example.org,3,Remote Employee,1,Remote,Active,2025-09-27 20:41:39.979992
800,SVC00800,Courtney Norris DVM,jamesmurphy@example.org,1,Service Account,5,North Timothytown,Active,2025-08-17 20:41:39.980343
801,EMP00801,Lori Cook,john73@example.com,8,Remote Employee,3,Remote,Active,2026-03-08 20:41:39.980536
802,EMP00802,Samantha Stone,sherryparsons@example.net,7,Remote Employee,5,Remote,Active,2025-11-11 20:41:39.980822
803,EMP00803,Brendan Griffin,millerbruce@example.org,2,Remote Employee,1,Remote,Active,2026-04-15 20:41:39.981088
804,EMP00804,Steve Steele,bryanlang@example.org,7,Office Worker,3,Cherylchester,Active,2025-11-18 20:41:39.981412
805,EMP00805,Michael Hansen,melissa61@example.net,3,Hybrid Worker,2,Halltown,Active,2026-02-04 20:41:39.981682
806,EMP00806,John Patterson,morgansharon@example.org,4,Office Worker,5,Holmesshire,Active,2025-08-22 20:41:39.982037
807,SVC00807,Brian Larson,watkinsmary@example.net,5,Service Account,5,Lake William,Active,2026-06-12 20:41:39.982355
808,EMP00808,John Oliver,johnrobles@example.org,4,Hybrid Worker,5,West Breanna,Active,2025-08-19 20:41:39.982672
809,SVC00809,Marissa Howard,dylanparker@example.com,4,Service Account,5,Migueltown,Active,2025-12-07 20:41:39.982990
810,EMP00810,Mary Thomas,williamconley@example.org,1,Hybrid Worker,2,Cooperborough,Active,2025-10-15 20:41:39.983331
811,EMP00811,Christina Jones,elizabethneal@example.com,2,Contractor,2,Melissashire,Active,2025-10-13 20:41:39.983651
812,SVC00812,Lisa Barnes,danielwalter@example.org,2,Service Account,5,Robinsontown,Active,2025-09-28 20:41:39.984003
813,EMP00813,Melissa Owens,johnnavarro@example.com,6,Office Worker,3,Harrisburgh,Active,2026-04-19 20:41:39.984345
814,EMP00814,Adriana Smith,anthony12@example.com,7,Contractor,3,Leeshire,Active,2025-09-19 20:41:39.984614
815,EMP00815,Heather Hester,jamesthompson@example.com,8,Remote Employee,1,Remote,Active,2026-06-17 20:41:39.984872
816,SVC00816,Gina Spencer,jamesthompson@example.com,2,Service Account,5,North Marieberg,Active,2026-06-18 20:41:39.985193
817,EMP00817,Richard Rodriguez,kevinallen@example.com,4,Hybrid Worker,1,New Tiffany,Active,2026-05-26 20:41:39.985509
818,EMP00818,Dr. Sherry Jones MD,lauralee@example.com,5,Contractor,5,Louischester,Active,2025-11-25 20:41:39.985841
819,EMP00819,Dana Williams,melissaphillips@example.org,7,Contractor,1,Johnview,Active,2025-08-02 20:41:39.986175
820,SVC00820,Sarah Schmitt,fclark@example.com,3,Service Account,5,East Williamhaven,Active,2026-02-03 20:41:39.986449
821,EMP00821,Joseph White,alicia77@example.com,5,Office Worker,1,Biancashire,Active,2025-10-07 20:41:39.986695
822,EMP00822,Christine Jacobson,zroy@example.org,3,Remote Employee,5,Remote,Active,2026-01-09 20:41:39.986903
823,EMP00823,Stephen Duncan,jonathan12@example.org,2,Contractor,3,Seanstad,Active,2025-11-14 20:41:39.987148
824,EMP00824,Andrew Hunt,ronald76@example.com,1,Remote Employee,2,Remote,Active,2026-05-12 20:41:39.987333
825,EMP00825,Jonathan Nelson,whitejesus@example.net,2,Contractor,4,West Rachelport,Active,2025-08-16 20:41:39.987652
826,SVC00826,Kayla Schneider,sara11@example.org,1,Service Account,5,Benjaminborough,Active,2026-01-18 20:41:39.987897
827,EMP00827,Michael Wright,james92@example.net,2,Remote Employee,1,Remote,Active,2026-04-16 20:41:39.988097
828,EMP00828,Susan Smith,juan56@example.com,3,Office Worker,4,South Destinyberg,Active,2025-12-30 20:41:39.988348
829,SVC00829,Crystal Cummings,thomasblack@example.net,5,Service Account,5,Sharpmouth,Active,2026-04-01 20:41:39.988687
830,EMP00830,Brady Singleton,scarrillo@example.com,3,Hybrid Worker,3,South Shannon,Active,2026-04-26 20:41:39.988954
831,EMP00831,Jade Ray,kevinrojas@example.com,6,Office Worker,4,Matthewchester,Active,2026-02-06 20:41:39.989272
832,SVC00832,Paul Farmer,mark09@example.org,2,Service Account,5,East Tiffany,Active,2026-02-11 20:41:39.989514
833,SVC00833,Laura Lloyd DVM,nbaird@example.com,2,Service Account,5,New Paulfort,Active,2025-10-14 20:41:39.989791
834,EMP00834,Keith Hayes,christopher18@example.org,6,Contractor,1,Port Hannahfort,Active,2025-10-13 20:41:39.990054
835,SVC00835,Cristian Pruitt,ocampbell@example.com,3,Service Account,5,South Brianhaven,Active,2025-12-19 20:41:39.990323
836,EMP00836,Gabriel Browning,hmoore@example.org,5,Remote Employee,1,Remote,Active,2025-09-05 20:41:39.990529
837,EMP00837,Karen Jones,davidharris@example.com,4,Office Worker,5,Mooreshire,Active,2026-06-24 20:41:39.990880
838,EMP00838,Laurie Shaw,ahill@example.org,1,Office Worker,2,Brownfurt,Active,2026-06-02 20:41:39.991175
839,EMP00839,Danielle Murphy,kstevens@example.org,6,Contractor,4,West Debbiemouth,Active,2026-04-10 20:41:39.991452
840,EMP00840,Ryan Sparks,zaustin@example.org,1,Remote Employee,5,Remote,Active,2025-07-25 20:41:39.991660
841,EMP00841,Christopher Williamson,qellis@example.org,4,Contractor,3,South Hollyton,Active,2026-02-18 20:41:39.991935
842,EMP00842,Seth Hill,elizabeth13@example.com,6,Contractor,3,Riddleside,Active,2026-05-17 20:41:39.992227
843,SVC00843,Jacob Campos,robert24@example.org,6,Service Account,5,South Anthonymouth,Active,2026-04-25 20:41:39.992479
844,SVC00844,Patrick Foley,qjohnson@example.org,1,Service Account,5,West Ellen,Active,2026-03-26 20:41:39.992749
845,EMP00845,Joel Miller,jenniferkim@example.com,1,Remote Employee,4,Remote,Active,2026-05-21 20:41:39.993008
846,EMP00846,Sarah Jackson,lawsongregory@example.org,5,Contractor,3,Jacksontown,Active,2026-01-09 20:41:39.993350
847,EMP00847,Brittany Howard,jenniferstafford@example.net,8,Office Worker,1,South Heather,Active,2025-12-19 20:41:39.993668
848,EMP00848,Robin Davidson,myerskyle@example.org,5,Remote Employee,5,Remote,Active,2026-01-21 20:41:39.993927
849,SVC00849,Amber Bennett,sarahbrooks@example.org,4,Service Account,5,North Allen,Active,2025-10-31 20:41:39.994280
850,EMP00850,Adrian Hoover,walkernicole@example.net,8,Hybrid Worker,2,Lake Gary,Active,2025-09-19 20:41:39.994627
851,EMP00851,Brian Murphy,colleenvilla@example.com,3,Remote Employee,1,Remote,Active,2025-11-28 20:41:39.995009
852,EMP00852,Barbara Lewis,marcus06@example.net,4,Office Worker,5,Alexanderborough,Active,2025-12-30 20:41:39.995385
853,EMP00853,Austin Briggs,bradley36@example.com,6,Office Worker,1,Birdville,Active,2025-12-15 20:41:39.995820
854,EMP00854,Raven Nielsen,johnathandavis@example.com,2,Hybrid Worker,2,Gregoryberg,Active,2025-09-27 20:41:39.996353
855,EMP00855,Mark Henson,tiffany71@example.com,7,Remote Employee,4,Remote,Active,2026-05-26 20:41:39.996604
856,EMP00856,Thomas Cole,wesleybush@example.org,5,Remote Employee,1,Remote,Active,2026-06-03 20:41:39.996906
857,EMP00857,Luis Mosley,joel63@example.net,7,Remote Employee,3,Remote,Active,2025-11-03 20:41:39.997109
858,EMP00858,Chad Jimenez,edwardharris@example.org,2,Office Worker,5,Lake Carly,Active,2026-04-18 20:41:39.997451
859,EMP00859,Nancy Murphy,lonnie08@example.com,2,Contractor,5,Karenbury,Active,2025-09-08 20:41:39.997722
860,EMP00860,Erin Allen,knoxelizabeth@example.org,7,Office Worker,2,New Monique,Active,2026-02-24 20:41:39.998069
861,EMP00861,Catherine Soto,kanechad@example.org,5,Hybrid Worker,3,Lake Victoriaborough,Active,2025-12-06 20:41:39.998420
862,EMP00862,Christopher Dunn,joelmiller@example.net,6,Hybrid Worker,4,Collinsborough,Active,2026-02-06 20:41:39.998827
863,EMP00863,Christopher Wright,barbara34@example.com,2,Remote Employee,2,Remote,Active,2026-04-17 20:41:39.999029
864,SVC00864,William Sanders,thomashenderson@example.net,2,Service Account,5,Wolffort,Active,2026-04-07 20:41:39.999390
865,EMP00865,James Dickerson,brooke28@example.net,3,Office Worker,4,West Oscar,Active,2025-10-30 20:41:39.999647
866,EMP00866,Douglas Hart,ijones@example.net,7,Hybrid Worker,1,Gonzalezborough,Active,2025-09-24 20:41:39.999957
867,EMP00867,Scott Cross,travis66@example.net,4,Hybrid Worker,4,Patrickport,Active,2026-01-19 20:41:40.000220
868,EMP00868,Leah Ortiz,riddledavid@example.net,5,Contractor,1,East Kathryn,Active,2026-05-10 20:41:40.000565
869,EMP00869,Patricia Walton,william75@example.net,5,Remote Employee,5,Remote,Active,2026-06-05 20:41:40.000797
870,EMP00870,James Coleman,johnjohnson@example.com,6,Remote Employee,2,Remote,Active,2026-05-10 20:41:40.001079
871,EMP00871,Megan Terry,josegibson@example.net,6,Remote Employee,4,Remote,Active,2025-10-06 20:41:40.001355
872,EMP00872,David Lane,alexanderwise@example.net,5,Office Worker,3,Sandersshire,Active,2026-03-28 20:41:40.001718
873,EMP00873,Angela Kent,bmartin@example.com,7,Office Worker,4,Vincentside,Active,2025-09-14 20:41:40.002000
874,SVC00874,Janet Parker,ugoodwin@example.org,4,Service Account,5,Lake Ashleystad,Active,2026-05-08 20:41:40.002285
875,EMP00875,Debra Clark,ahale@example.org,2,Contractor,2,Smithland,Active,2026-04-24 20:41:40.002588
876,EMP00876,Jennifer Butler,jessica22@example.com,1,Office Worker,2,Lake Dennis,Active,2026-04-20 20:41:40.002878
877,EMP00877,Mr. Brian Bradley,jacobbrown@example.org,7,Remote Employee,3,Remote,Active,2025-08-07 20:41:40.003165
878,EMP00878,Cheryl Bird,nalexander@example.org,5,Office Worker,1,North Kelly,Active,2026-06-14 20:41:40.003451
879,EMP00879,Donald Peterson,timothychambers@example.org,4,Office Worker,4,North Josephtown,Active,2026-04-21 20:41:40.003794
880,EMP00880,Rachel Williams,alexasmith@example.net,6,Office Worker,1,Sarahfort,Active,2026-06-04 20:41:40.004129
881,EMP00881,Lindsey Rogers,yvonne35@example.net,1,Contractor,2,Grayton,Active,2025-09-05 20:41:40.004422
882,EMP00882,Shelley Drake,bryantholly@example.net,7,Contractor,4,North Carolyn,Active,2026-06-10 20:41:40.004796
883,EMP00883,Diana Lyons,miguelmontgomery@example.net,7,Contractor,2,Robertsonborough,Active,2025-12-26 20:41:40.005168
884,EMP00884,Mark Mcmahon,allen50@example.net,3,Remote Employee,3,Remote,Active,2026-02-02 20:41:40.005365
885,EMP00885,Jeremy Lawson,ystevenson@example.org,3,Contractor,1,Ronniefort,Active,2025-08-15 20:41:40.005645
886,SVC00886,Dr. Susan Navarro,catherine28@example.net,4,Service Account,5,East Tylerland,Active,2025-07-29 20:41:40.005920
887,EMP00887,Michael Dunn,cjackson@example.org,8,Hybrid Worker,4,Batesbury,Active,2025-09-17 20:41:40.006224
888,EMP00888,Christopher Raymond,garciavictoria@example.org,1,Contractor,1,West Raven,Active,2026-02-02 20:41:40.006556
889,EMP00889,Connie Scott,qlynn@example.org,3,Contractor,4,New Cynthia,Active,2026-03-15 20:41:40.006864
890,SVC00890,Robert Cook II,schneidernicholas@example.net,4,Service Account,5,Valdezside,Active,2025-08-07 20:41:40.007231
891,SVC00891,Jessica Hall,darrell11@example.org,1,Service Account,5,Joyborough,Active,2025-12-12 20:41:40.007490
892,EMP00892,Audrey Richardson,stephanie90@example.com,8,Hybrid Worker,5,New Amandafurt,Active,2025-10-20 20:41:40.007756
893,EMP00893,Emma Diaz,aprilguzman@example.org,6,Hybrid Worker,4,South Albertmouth,Active,2026-02-07 20:41:40.008095
894,EMP00894,Robert Phillips,vincentbryant@example.net,1,Remote Employee,3,Remote,Active,2025-08-24 20:41:40.008365
895,EMP00895,Paul Sweeney,georgekyle@example.net,1,Remote Employee,3,Remote,Active,2026-05-27 20:41:40.008634
896,EMP00896,Zachary Mccarthy,nwelch@example.com,6,Contractor,5,Janetfurt,Active,2026-02-26 20:41:40.008937
897,EMP00897,Robert Hernandez,melaniemichael@example.org,2,Remote Employee,2,Remote,Active,2026-02-22 20:41:40.009206
898,EMP00898,Amy Grimes,melissaluna@example.com,1,Hybrid Worker,2,North Amy,Active,2025-09-04 20:41:40.009570
899,EMP00899,Michael Mooney,hmyers@example.net,6,Contractor,2,Justinborough,Active,2026-03-27 20:41:40.009851
900,EMP00900,Kimberly Davis,karen90@example.net,6,Remote Employee,3,Remote,Active,2025-08-27 20:41:40.010041
901,EMP00901,Matthew Ray,sdominguez@example.org,6,Office Worker,5,East Linda,Active,2025-09-10 20:41:40.010311
902,EMP00902,Matthew Cox,gregoryvanessa@example.org,4,Remote Employee,4,Remote,Active,2025-09-21 20:41:40.010788
903,EMP00903,William Shelton,saradavis@example.com,3,Hybrid Worker,4,North David,Active,2026-06-06 20:41:40.011528
904,EMP00904,Gina Hamilton,courtneypowell@example.org,1,Office Worker,2,East Randyport,Active,2025-08-21 20:41:40.012200
905,EMP00905,Tiffany Delgado,yparsons@example.net,1,Remote Employee,5,Remote,Active,2025-10-24 20:41:40.012519
906,EMP00906,Paula Hancock,phill@example.com,6,Office Worker,5,Alexanderville,Active,2026-03-14 20:41:40.012857
907,EMP00907,John Barnett,andrewberry@example.net,6,Remote Employee,2,Remote,Active,2026-01-11 20:41:40.013175
908,EMP00908,Michael Davis,patrickcooke@example.net,1,Office Worker,2,Evansberg,Active,2025-08-29 20:41:40.013631
909,EMP00909,Arthur Stout,richardhaynes@example.com,2,Remote Employee,5,Remote,Active,2025-12-21 20:41:40.013924
910,EMP00910,Kimberly Burnett,lbrown@example.net,6,Office Worker,4,Port Karenville,Active,2025-08-29 20:41:40.014247
911,EMP00911,Kyle White,hmcbride@example.org,6,Office Worker,3,New Jamie,Active,2026-01-11 20:41:40.014564
912,EMP00912,Justin York,millerdavid@example.com,3,Remote Employee,4,Remote,Active,2025-08-02 20:41:40.014864
913,EMP00913,Joshua Henderson,wrightbrandon@example.net,6,Contractor,2,Donnamouth,Active,2025-09-11 20:41:40.015230
914,SVC00914,John Edwards,catherine83@example.net,6,Service Account,5,Lake Loribury,Active,2026-03-03 20:41:40.015545
915,SVC00915,Charles Chase,susanguzman@example.org,3,Service Account,5,Joshuachester,Active,2025-12-14 20:41:40.015902
916,EMP00916,David James,ricardomiller@example.com,5,Hybrid Worker,2,Bentleyberg,Active,2026-03-27 20:41:40.016275
917,EMP00917,Andrea Oconnor,jenniferelliott@example.net,7,Office Worker,5,South Lorraine,Active,2026-06-09 20:41:40.016627
918,EMP00918,Richard Gray,chrismartinez@example.org,6,Remote Employee,5,Remote,Active,2026-03-04 20:41:40.016911
919,SVC00919,Jennifer Murphy,coxmatthew@example.com,2,Service Account,5,Port Lauren,Active,2025-10-14 20:41:40.017261
920,EMP00920,Brent Petty,nicholasgarcia@example.org,6,Remote Employee,1,Remote,Active,2026-02-24 20:41:40.017563
921,EMP00921,Nicholas Parker,wdavis@example.net,6,Hybrid Worker,2,Andreaville,Active,2025-08-04 20:41:40.017867
922,EMP00922,Carolyn Potts,zwhite@example.net,6,Office Worker,4,Woodsberg,Active,2026-06-20 20:41:40.018196
923,EMP00923,Michael Reeves,douglasbradley@example.com,4,Hybrid Worker,2,Lake Daniellestad,Active,2026-05-22 20:41:40.018546
924,EMP00924,Danielle Franklin,wwhite@example.com,5,Hybrid Worker,1,Joshuachester,Active,2026-06-25 20:41:40.018836
925,EMP00925,Michelle Bradshaw,kevinhodge@example.com,7,Office Worker,4,Townsendland,Active,2025-11-23 20:41:40.019213
926,EMP00926,Angela Allen,martinbrian@example.net,7,Remote Employee,4,Remote,Active,2025-12-14 20:41:40.019529
927,EMP00927,Timothy Stokes,haydenroger@example.net,7,Hybrid Worker,1,South Tyler,Active,2025-10-23 20:41:40.019883
928,SVC00928,Megan Patel,sullivanchristina@example.net,4,Service Account,5,Lake Ronaldside,Active,2026-04-03 20:41:40.020248
929,EMP00929,Dana Stevenson,lawsontami@example.net,2,Contractor,1,East Charles,Active,2026-01-26 20:41:40.020595
930,EMP00930,Kayla Farley,ksimpson@example.com,6,Office Worker,3,West Robinbury,Active,2026-05-03 20:41:40.020891
931,EMP00931,Sarah Hodge,kevin44@example.org,6,Office Worker,2,Lake Crystalfurt,Active,2025-12-15 20:41:40.021163
932,EMP00932,Eric Fitzpatrick,wallspatricia@example.com,2,Remote Employee,5,Remote,Active,2026-05-09 20:41:40.021463
933,EMP00933,Aaron Stevens,michael05@example.net,8,Hybrid Worker,1,South Michael,Active,2025-11-17 20:41:40.021739
934,EMP00934,Johnathan Miller,robertgentry@example.org,7,Remote Employee,2,Remote,Active,2026-05-29 20:41:40.022028
935,EMP00935,Matthew Perez,xbrooks@example.com,6,Office Worker,2,New Lisa,Active,2026-03-20 20:41:40.022334
936,EMP00936,Jeffrey Franco,donaldburgess@example.org,5,Contractor,3,Nicoleborough,Active,2026-01-24 20:41:40.022686
937,EMP00937,Dustin Anderson,cmanning@example.org,2,Remote Employee,1,Remote,Active,2025-12-06 20:41:40.022912
938,SVC00938,Tiffany Moyer,david78@example.com,8,Service Account,5,West Karen,Active,2026-04-08 20:41:40.023182
939,EMP00939,Jennifer Barber,ganderson@example.org,6,Office Worker,1,East Maurice,Active,2025-11-19 20:41:40.023489
940,EMP00940,Michael Williams,russell90@example.com,5,Office Worker,5,Robertsfort,Active,2025-10-23 20:41:40.023781
941,EMP00941,Jeffrey Williamson,johnwang@example.com,2,Remote Employee,1,Remote,Active,2026-03-12 20:41:40.024056
942,EMP00942,Danielle Hoover MD,hayneswayne@example.org,5,Remote Employee,1,Remote,Active,2025-10-26 20:41:40.024347
943,EMP00943,Scott Fuller,jeromeanderson@example.org,5,Office Worker,4,Veronicaberg,Active,2025-10-27 20:41:40.024700
944,EMP00944,Luis Davis,jamesalicia@example.net,5,Contractor,1,East Matthew,Active,2025-08-01 20:41:40.025044
945,SVC00945,Jordan Schneider,daniel54@example.com,7,Service Account,5,Wrightton,Active,2026-03-23 20:41:40.025338
946,EMP00946,Aaron Guerrero,jason74@example.net,7,Hybrid Worker,3,South Jackfort,Active,2026-03-22 20:41:40.025622
947,EMP00947,Eric Davis,vegakaylee@example.org,1,Contractor,3,Michaelstad,Active,2025-11-12 20:41:40.025971
948,EMP00948,Leah Jacobs,debraclark@example.com,5,Contractor,2,North Davidville,Active,2026-02-08 20:41:40.026335
949,SVC00949,Warren Henson,jamesgriffin@example.org,1,Service Account,5,New Christineport,Active,2026-04-09 20:41:40.026697
950,EMP00950,Wanda Harris,bradleylee@example.net,2,Office Worker,3,Patriciaside,Active,2025-09-21 20:41:40.027042
951,EMP00951,Stephanie West,bartlettcarlos@example.com,4,Contractor,5,East Carolberg,Active,2026-05-25 20:41:40.027394
952,EMP00952,Tyler Brown,joysanders@example.net,7,Contractor,5,East Samuelhaven,Active,2025-10-25 20:41:40.027750
953,SVC00953,Richard Morales,jamie02@example.net,4,Service Account,5,New Heather,Active,2025-10-25 20:41:40.028005
954,EMP00954,Rachel Gibson,kevin34@example.net,2,Hybrid Worker,4,Andreaburgh,Active,2026-06-08 20:41:40.028282
955,SVC00955,Joseph Carter,sheriramirez@example.org,3,Service Account,5,Morganton,Active,2026-04-25 20:41:40.028746
956,EMP00956,Danielle Colon,smithmichael@example.net,3,Contractor,2,Markside,Active,2026-03-09 20:41:40.029105
957,EMP00957,Casey Villanueva,mark00@example.com,3,Remote Employee,1,Remote,Active,2025-11-21 20:41:40.029320
958,EMP00958,Vincent Thompson,medinatiffany@example.net,7,Office Worker,2,Lake Juliefurt,Active,2025-08-08 20:41:40.029686
959,EMP00959,Dawn Sims,lisawalker@example.com,5,Remote Employee,3,Remote,Active,2026-05-22 20:41:40.029975
960,EMP00960,Mark Garrison,omoore@example.net,7,Office Worker,5,Richardsonfort,Active,2025-12-04 20:41:40.030312
961,SVC00961,Christopher Lopez,jacobhenry@example.net,6,Service Account,5,Lake Julian,Active,2026-02-04 20:41:40.030659
962,SVC00962,Stephen Roth,chadjones@example.org,8,Service Account,5,Stoutfurt,Active,2026-06-19 20:41:40.031023
963,SVC00963,Joseph Acosta,morrisonnicholas@example.org,7,Service Account,5,Port Alexanderton,Active,2026-04-29 20:41:40.031366
964,EMP00964,Randy Adams,sparksalbert@example.org,3,Contractor,2,Melissaland,Active,2025-09-08 20:41:40.031727
965,SVC00965,John Hart,tochoa@example.com,2,Service Account,5,Mooreton,Active,2026-05-02 20:41:40.032035
966,SVC00966,Debra Stephens,bryancurtis@example.com,2,Service Account,5,New Oliviachester,Active,2026-01-30 20:41:40.032384
967,SVC00967,Thomas Johnson,wcruz@example.net,6,Service Account,5,Jeremiahfurt,Active,2025-11-27 20:41:40.032675
968,EMP00968,Michelle Valenzuela,hjackson@example.org,7,Hybrid Worker,4,West Michaelmouth,Active,2025-09-06 20:41:40.032981
969,SVC00969,Thomas Gillespie,munozgregory@example.net,8,Service Account,5,Carolchester,Active,2026-06-06 20:41:40.033335
970,EMP00970,Michael Turner,michael14@example.com,5,Remote Employee,4,Remote,Active,2026-04-13 20:41:40.033561
971,SVC00971,Tasha Cochran,mccormickmichelle@example.org,7,Service Account,5,West Dylan,Active,2026-06-06 20:41:40.033919
972,EMP00972,Robert Bray,wilsonronald@example.net,6,Contractor,2,Duanemouth,Active,2026-05-31 20:41:40.034277
973,EMP00973,Catherine Cruz MD,aolson@example.net,5,Contractor,3,Devonbury,Active,2026-06-15 20:41:40.034591
974,EMP00974,Joshua Ryan,opatel@example.com,5,Hybrid Worker,3,New Jenniferhaven,Active,2026-02-02 20:41:40.034898
975,EMP00975,Melissa Goodman,youngaaron@example.org,2,Contractor,2,Angelaberg,Active,2026-04-18 20:41:40.035255
976,EMP00976,Amy Bailey,kenneththomas@example.net,8,Hybrid Worker,3,Sanchezbury,Active,2026-02-08 20:41:40.035654
977,EMP00977,Chad Hayden,nicholasjohnson@example.com,2,Contractor,2,Brianville,Active,2025-11-11 20:41:40.036002
978,EMP00978,Angela Monroe,anthonydiaz@example.org,7,Remote Employee,4,Remote,Active,2025-10-04 20:41:40.036286
979,EMP00979,Adam Guerra,lhernandez@example.com,1,Hybrid Worker,5,Lake Allison,Active,2026-04-05 20:41:40.036590
980,EMP00980,Julie Sharp,sharrington@example.org,5,Office Worker,5,Danielton,Active,2025-12-01 20:41:40.036882
981,EMP00981,Amanda Potter,alexwall@example.net,1,Remote Employee,2,Remote,Active,2026-03-19 20:41:40.037158
982,EMP00982,Jordan Dawson,samantha84@example.net,1,Remote Employee,2,Remote,Active,2026-06-09 20:41:40.037362
983,EMP00983,Timothy Nelson,boydtiffany@example.org,1,Contractor,3,South Christine,Active,2026-03-16 20:41:40.037716
984,EMP00984,Clinton Reese,velasqueztaylor@example.com,6,Hybrid Worker,4,Wilcoxburgh,Active,2025-10-10 20:41:40.038083
985,EMP00985,Jacob Coleman,daniel15@example.net,2,Contractor,1,Anthonyport,Active,2026-02-22 20:41:40.038345
986,EMP00986,Brian Lewis,avilakyle@example.net,8,Hybrid Worker,5,Lake Sarah,Active,2025-11-09 20:41:40.038685
987,EMP00987,Bradley Hudson,elliottkristy@example.org,8,Remote Employee,5,Remote,Active,2025-09-16 20:41:40.038960
988,EMP00988,Brandon Parker,karen68@example.org,6,Hybrid Worker,2,Karenstad,Active,2026-02-13 20:41:40.039232
989,EMP00989,Michele Davis,gmosley@example.org,5,Office Worker,1,North Brenda,Active,2025-12-10 20:41:40.039554
990,EMP00990,Kevin Christian,evan71@example.net,3,Office Worker,5,Lake Jesseborough,Active,2026-03-08 20:41:40.039834
991,EMP00991,Martha Mack,victoriamason@example.net,4,Remote Employee,2,Remote,Active,2026-02-08 20:41:40.040118
992,EMP00992,Kelly Mack,vfloyd@example.com,1,Contractor,1,Cindychester,Active,2025-10-26 20:41:40.040412
993,EMP00993,Micheal Vega,jasonbishop@example.org,3,Remote Employee,5,Remote,Active,2026-06-21 20:41:40.040687
994,EMP00994,Latasha Gamble,ballarddouglas@example.com,5,Remote Employee,5,Remote,Active,2026-01-20 20:41:40.040967
995,EMP00995,Tracy Harrington,portershawn@example.org,7,Hybrid Worker,4,Evanview,Active,2025-12-29 20:41:40.041314
996,EMP00996,Heather Jones,escott@example.com,5,Contractor,2,Santosberg,Active,2025-10-30 20:41:40.041643
997,EMP00997,Valerie Freeman,michele66@example.net,7,Hybrid Worker,5,South Michael,Active,2026-05-04 20:41:40.041910
998,EMP00998,Tiffany Brooks,qhunter@example.net,6,Office Worker,5,New Tiffanyton,Active,2025-07-29 20:41:40.042209
999,SVC00999,Danielle Nicholson,mooredaniel@example.com,5,Service Account,5,New Reginald,Active,2026-01-24 20:41:40.042546
1000,EMP01000,James Ford,baileytaylor@example.net,8,Office Worker,1,Rodriguezburgh,Active,2026-01-04 20:41:40.042919
